[{
  "header": "Takeout",
  "title": "A lancé une opération Takeout",
  "subtitles": [{
    "name": "A demandé les services suivants : Location History (toutes les ressources) et My Activity (toutes les ressources)"
  }, {
    "name": "Vous avez demandé une archive au format zip divisée en fichiers de 2.00G et envoyée à l\u0027adresse votre adresse e-mail"
  }],
  "time": "2022-05-16T07:55:55.782Z",
  "products": ["Takeout"],
  "details": [{
    "name": "Depuis l\u0027adresse IP 2a04:ee41:84:b2bb:bca7:8632:f4d9:b83b"
  }]
},{
  "header": "Takeout",
  "title": "A téléchargé une archive Takeout",
  "time": "2022-05-02T15:51:39.984Z",
  "products": ["Takeout"],
  "details": [{
    "name": "Depuis l\u0027adresse IP 2a04:ee41:84:b2bb:452f:a6a2:5a6:9e33"
  }]
},{
  "header": "Takeout",
  "title": "A lancé une opération Takeout",
  "subtitles": [{
    "name": "A demandé les services suivants : Location History (toutes les ressources) et My Activity (toutes les ressources)"
  }, {
    "name": "Vous avez demandé une archive au format zip divisée en fichiers de 2.00G et envoyée à l\u0027adresse votre adresse e-mail"
  }],
  "time": "2022-05-02T15:48:20.602Z",
  "products": ["Takeout"],
  "details": [{
    "name": "Depuis l\u0027adresse IP 2a04:ee41:84:b2bb:452f:a6a2:5a6:9e33"
  }]
},{
  "header": "Takeout",
  "title": "A téléchargé une archive Takeout",
  "time": "2022-04-25T15:32:37.381Z",
  "products": ["Takeout"],
  "details": [{
    "name": "Depuis l\u0027adresse IP 2a04:ee41:84:b2bb:c1cc:b0e0:7bc7:55b0"
  }]
},{
  "header": "Takeout",
  "title": "A téléchargé une archive Takeout",
  "time": "2022-04-25T15:32:34.643Z",
  "products": ["Takeout"],
  "details": [{
    "name": "Depuis l\u0027adresse IP 2a04:ee41:84:b2bb:c1cc:b0e0:7bc7:55b0"
  }]
},{
  "header": "Takeout",
  "title": "A lancé une opération Takeout",
  "subtitles": [{
    "name": "A demandé les services suivants : Location History (toutes les ressources) et My Activity (toutes les ressources)"
  }, {
    "name": "Vous avez demandé une archive au format zip divisée en fichiers de 2.00G et envoyée à l\u0027adresse votre adresse e-mail"
  }],
  "time": "2022-04-25T15:29:26.762Z",
  "products": ["Takeout"],
  "details": [{
    "name": "Depuis l\u0027adresse IP 2a04:ee41:84:b2bb:c1cc:b0e0:7bc7:55b0"
  }]
},{
  "header": "Takeout",
  "title": "A téléchargé une archive Takeout",
  "time": "2022-03-30T08:44:49.120Z",
  "products": ["Takeout"],
  "details": [{
    "name": "Depuis l\u0027adresse IP 2a04:ee41:84:b613:4836:337a:fa68:607a"
  }]
},{
  "header": "Takeout",
  "title": "A téléchargé une archive Takeout",
  "time": "2022-03-30T08:44:34.686Z",
  "products": ["Takeout"],
  "details": [{
    "name": "Depuis l\u0027adresse IP 2a04:ee41:84:b613:4836:337a:fa68:607a"
  }]
},{
  "header": "Takeout",
  "title": "A téléchargé une archive Takeout",
  "time": "2022-03-30T08:44:19.121Z",
  "products": ["Takeout"],
  "details": [{
    "name": "Depuis l\u0027adresse IP 2a04:ee41:84:b613:4836:337a:fa68:607a"
  }]
},{
  "header": "Takeout",
  "title": "A téléchargé une archive Takeout",
  "time": "2022-03-30T08:44:15.274Z",
  "products": ["Takeout"],
  "details": [{
    "name": "Depuis l\u0027adresse IP 2a04:ee41:84:b613:4836:337a:fa68:607a"
  }]
},{
  "header": "Takeout",
  "title": "A téléchargé une archive Takeout",
  "time": "2022-03-30T08:44:12.946Z",
  "products": ["Takeout"],
  "details": [{
    "name": "Depuis l\u0027adresse IP 2a04:ee41:84:b613:4836:337a:fa68:607a"
  }]
},{
  "header": "Takeout",
  "title": "A lancé une opération Takeout",
  "subtitles": [{
    "name": "A demandé les services suivants : Purchases \u0026 Reservations (toutes les ressources), News (toutes les ressources), Calendar (toutes les ressources), Home App (toutes les ressources), Arts \u0026 Culture (toutes les ressources), Chrome (toutes les ressources), Cloud Print (toutes les ressources), Google Help Communities (toutes les ressources), Google Account (toutes les ressources), Contacts (toutes les ressources), Search Contributions (toutes les ressources), Data Shared for Research (toutes les ressources), Drive (toutes les ressources), Saved (toutes les ressources), Google Business Profile (toutes les ressources), Fit (toutes les ressources), Google Cloud Search (toutes les ressources), Google Translator Toolkit (toutes les ressources), Google Pay (toutes les ressources), Google Photos (toutes les ressources), Google Play Movies \u0026 TV (toutes les ressources), Google Play Books (toutes les ressources), Google Play Store (toutes les ressources), Google Shopping (toutes les ressources), Google Workspace Marketplace (toutes les ressources), Groups (toutes les ressources), Hangouts (toutes les ressources), Location History (toutes les ressources), Keep (toutes les ressources), Maps (toutes les ressources), Maps (your places) (toutes les ressources), Mail (2 ressources), My Activity (toutes les ressources), My Maps (toutes les ressources), Pinpoint (toutes les ressources), Profile (toutes les ressources), Question Hub (toutes les ressources), Reminders (toutes les ressources), Crisis User Reports (toutes les ressources), Android Device Configuration Service (toutes les ressources), Google Play Games Services (toutes les ressources), Street View (toutes les ressources), Tasks (toutes les ressources), YouTube and YouTube Music (toutes les ressources) et Access Log Activity (toutes les ressources)"
  }, {
    "name": "Vous avez demandé une archive au format zip divisée en fichiers de 2.00G et envoyée à l\u0027adresse votre adresse e-mail"
  }],
  "time": "2022-03-28T13:11:04.294Z",
  "products": ["Takeout"],
  "details": [{
    "name": "Depuis l\u0027adresse IP 2a04:ee41:84:b2bb:852e:2ce7:a423:92ba"
  }]
},{
  "header": "Takeout",
  "title": "A téléchargé une archive Takeout",
  "time": "2022-03-21T17:00:35.273Z",
  "products": ["Takeout"],
  "details": [{
    "name": "Depuis l\u0027adresse IP 2a04:ee41:84:b2bb:e1c3:692a:368a:68d4"
  }]
},{
  "header": "Takeout",
  "title": "A lancé une opération Takeout",
  "subtitles": [{
    "name": "A demandé les services suivants : Location History (toutes les ressources)"
  }, {
    "name": "Vous avez demandé une archive au format zip divisée en fichiers de 2.00G et envoyée à l\u0027adresse votre adresse e-mail"
  }],
  "time": "2022-03-21T16:54:25.921Z",
  "products": ["Takeout"],
  "details": [{
    "name": "Depuis l\u0027adresse IP 2a04:ee41:84:b2bb:e1c3:692a:368a:68d4"
  }]
},{
  "header": "Takeout",
  "title": "A téléchargé une archive Takeout",
  "time": "2022-03-14T13:36:56.482Z",
  "products": ["Takeout"],
  "details": [{
    "name": "Depuis l\u0027adresse IP 2a04:ee41:84:b2bb:704e:45bd:a47c:90ea"
  }]
},{
  "header": "Takeout",
  "title": "A lancé une opération Takeout",
  "subtitles": [{
    "name": "A demandé les services suivants : Location History (toutes les ressources)"
  }, {
    "name": "Vous avez demandé une archive au format zip divisée en fichiers de 2.00G et envoyée à l\u0027adresse votre adresse e-mail"
  }],
  "time": "2022-03-14T13:35:22.696Z",
  "products": ["Takeout"],
  "details": [{
    "name": "Depuis l\u0027adresse IP 2a04:ee41:84:b2bb:704e:45bd:a47c:90ea"
  }]
},{
  "header": "Takeout",
  "title": "A téléchargé une archive Takeout",
  "time": "2022-03-08T13:16:52.914Z",
  "products": ["Takeout"],
  "details": [{
    "name": "Depuis l\u0027adresse IP 92.184.106.255"
  }]
},{
  "header": "Takeout",
  "title": "A téléchargé une archive Takeout",
  "time": "2022-03-08T13:16:03.009Z",
  "products": ["Takeout"],
  "details": [{
    "name": "Depuis l\u0027adresse IP 92.184.106.255"
  }]
},{
  "header": "Takeout",
  "title": "A lancé une opération Takeout",
  "subtitles": [{
    "name": "A demandé les services suivants : Purchases \u0026 Reservations (toutes les ressources), Location History (toutes les ressources), Maps (toutes les ressources) et Maps (your places) (toutes les ressources)"
  }, {
    "name": "Vous avez demandé une archive au format zip divisée en fichiers de 2.00G et envoyée à l\u0027adresse votre adresse e-mail"
  }],
  "time": "2022-03-08T13:10:44.101Z",
  "products": ["Takeout"],
  "details": [{
    "name": "Depuis l\u0027adresse IP 92.184.106.255"
  }]
},{
  "header": "Takeout",
  "title": "A téléchargé une archive Takeout",
  "time": "2022-02-21T17:23:15.016Z",
  "products": ["Takeout"],
  "details": [{
    "name": "Depuis l\u0027adresse IP 2a04:ee41:84:b2bb:50d8:8f80:61d2:2857"
  }]
},{
  "header": "Takeout",
  "title": "A téléchargé une archive Takeout",
  "time": "2022-02-21T17:23:09.895Z",
  "products": ["Takeout"],
  "details": [{
    "name": "Depuis l\u0027adresse IP 2a04:ee41:84:b2bb:50d8:8f80:61d2:2857"
  }]
},{
  "header": "Takeout",
  "title": "A téléchargé une archive Takeout",
  "time": "2022-02-21T17:23:04.182Z",
  "products": ["Takeout"],
  "details": [{
    "name": "Depuis l\u0027adresse IP 2a04:ee41:84:b2bb:50d8:8f80:61d2:2857"
  }]
},{
  "header": "Takeout",
  "title": "A téléchargé une archive Takeout",
  "time": "2022-02-21T17:22:57.967Z",
  "products": ["Takeout"],
  "details": [{
    "name": "Depuis l\u0027adresse IP 2a04:ee41:84:b2bb:50d8:8f80:61d2:2857"
  }]
},{
  "header": "Takeout",
  "title": "A lancé une opération Takeout",
  "subtitles": [{
    "name": "A demandé les services suivants : Purchases \u0026 Reservations (toutes les ressources), News (toutes les ressources), Calendar (toutes les ressources), Home App (toutes les ressources), Arts \u0026 Culture (toutes les ressources), Chrome (toutes les ressources), Cloud Print (toutes les ressources), Google Help Communities (toutes les ressources), Google Account (toutes les ressources), Contacts (toutes les ressources), Search Contributions (toutes les ressources), Data Shared for Research (toutes les ressources), Drive (toutes les ressources), Saved (toutes les ressources), Google Business Profile (toutes les ressources), Fit (toutes les ressources), Google Cloud Search (toutes les ressources), Google Translator Toolkit (toutes les ressources), Google Pay (toutes les ressources), Google Photos (toutes les ressources), Google Play Movies \u0026 TV (toutes les ressources), Google Play Books (toutes les ressources), Google Play Store (toutes les ressources), Google Shopping (toutes les ressources), Google Workspace Marketplace (toutes les ressources), Groups (toutes les ressources), Hangouts (toutes les ressources), Location History (toutes les ressources), Keep (toutes les ressources), Maps (toutes les ressources), Maps (your places) (toutes les ressources), Mail (2 ressources), My Activity (toutes les ressources), My Maps (toutes les ressources), Pinpoint (toutes les ressources), Profile (toutes les ressources), Question Hub (toutes les ressources), Reminders (toutes les ressources), Crisis User Reports (toutes les ressources), Android Device Configuration Service (toutes les ressources), Google Play Games Services (toutes les ressources), Street View (toutes les ressources), Tasks (toutes les ressources), YouTube and YouTube Music (toutes les ressources) et Access Log Activity (toutes les ressources)"
  }, {
    "name": "Vous avez demandé une archive au format zip divisée en fichiers de 2.00G et envoyée à l\u0027adresse votre adresse e-mail"
  }],
  "time": "2022-02-21T08:48:26.950Z",
  "products": ["Takeout"],
  "details": [{
    "name": "Depuis l\u0027adresse IP 2a04:ee41:84:b2bb:50d8:8f80:61d2:2857"
  }]
}]