{"timelineObjects": [{"activitySegment": {"startLocation": {"latitudeE7": 457604716, "longitudeE7": 48604393, "sourceInfo": {"deviceTag": 1337919613}}, "endLocation": {"latitudeE7": 457603984, "longitudeE7": 48637042, "sourceInfo": {"deviceTag": 1337919613}}, "duration": {"startTimestamp": "2021-07-26T19:47:02.594Z", "endTimestamp": "2021-07-26T19:51:13.708Z"}, "distance": 265, "activityType": "WALKING", "confidence": "MEDIUM", "activities": [{"activityType": "WALKING", "probability": 69.48477625846863}, {"activityType": "IN_TRAIN", "probability": 17.071633040905}, {"activityType": "STILL", "probability": 5.336542800068855}, {"activityType": "IN_SUBWAY", "probability": 4.6170443296432495}, {"activityType": "IN_PASSENGER_VEHICLE", "probability": 1.2393936514854431}, {"activityType": "IN_BUS", "probability": 0.996223371475935}, {"activityType": "CYCLING", "probability": 0.7376860827207565}, {"activityType": "IN_TRAM", "probability": 0.16239654505625367}, {"activityType": "MOTORCYCLING", "probability": 0.1324701588600874}, {"activityType": "RUNNING", "probability": 0.09825313463807106}, {"activityType": "IN_FERRY", "probability": 0.06791753112338483}, {"activityType": "FLYING", "probability": 0.05115069216117263}, {"activityType": "SAILING", "probability": 0.00284160632872954}, {"activityType": "SKIING", "probability": 0.0016724534361856058}, {"activityType": "IN_VEHICLE", "probability": 4.297918465567818e-07}], "waypointPath": {"waypoints": [{"latE7": 457606048, "lngE7": 48604407}, {"latE7": 457604980, "lngE7": 48615865}, {"latE7": 457601547, "lngE7": 48636922}], "source": "INFERRED", "distanceMeters": 334.35574552921634, "travelMode": "WALK", "confidence": 0.9256445946509463}}}, {"placeVisit": {"location": {"latitudeE7": 457605804, "longitudeE7": 48635308, "placeId": "ChIJR1DpEH3q9EcRpJ7pDyLxUcs", "address": "31 Rue Maurice Flandin\n69003 Lyon\nFrance", "name": "H\u00f4tel Restaurant Campanile Lyon Gare Part Dieu", "sourceInfo": {"deviceTag": 1337919613}, "locationConfidence": 97.81661, "calibratedProbability": 87.07263}, "duration": {"startTimestamp": "2021-07-26T19:51:13.708Z", "endTimestamp": "2021-07-27T04:09:22.716Z"}, "placeConfidence": "HIGH_CONFIDENCE", "centerLatE7": 457602906, "centerLngE7": 48638700, "visitConfidence": 93, "otherCandidateLocations": [{"latitudeE7": 457605474, "longitudeE7": 48611177, "placeId": "ChIJKWSv_WLq9EcR-FEoq1JxCW4", "address": "5 Pl. Charles B\u00e9raudier\n69003 Lyon\nFrance", "name": "Lyon Part Dieu", "locationConfidence": 0.73394424, "calibratedProbability": 0.65332925}, {"latitudeE7": 457606039, "longitudeE7": 48627162, "placeId": "ChIJFS7MHn3q9EcRJJpHFrdwXuA", "locationConfidence": 0.10528279, "calibratedProbability": 0.09371874}, {"latitudeE7": 457608118, "longitudeE7": 48620245, "placeId": "ChIJ_yMAIn3q9EcR3RqGXSfIDDg", "address": "69003 Lyon\nFrance", "name": "Gare Part-Dieu Villette", "locationConfidence": 0.08691645, "calibratedProbability": 0.07736972}, {"latitudeE7": 457597324, "longitudeE7": 48634843, "placeId": "ChIJXVzdcjrr9EcR7rUJl5YQ-Wk", "address": "17 Av. Georges Pompidou\n69003 Lyon\nFrance", "name": "Jardin de la S\u0153ur Jeanne Jugan", "locationConfidence": 0.085319966, "calibratedProbability": 0.07594859}], "editConfirmationStatus": "NOT_CONFIRMED", "locationConfidence": 85, "placeVisitType": "SINGLE_PLACE", "placeVisitImportance": "MAIN"}}, {"activitySegment": {"startLocation": {"latitudeE7": 457600970, "longitudeE7": 48629582, "sourceInfo": {"deviceTag": 1337919613}}, "endLocation": {"latitudeE7": 457605288, "longitudeE7": 48604075, "sourceInfo": {"deviceTag": 1337919613}}, "duration": {"startTimestamp": "2021-07-27T04:09:22.716Z", "endTimestamp": "2021-07-27T04:13:25.417Z"}, "distance": 208, "activityType": "WALKING", "confidence": "HIGH", "activities": [{"activityType": "WALKING", "probability": 92.7683174610138}, {"activityType": "IN_PASSENGER_VEHICLE", "probability": 2.724006772041321}, {"activityType": "IN_TRAIN", "probability": 1.6449382528662682}, {"activityType": "IN_BUS", "probability": 1.3262076303362846}, {"activityType": "STILL", "probability": 0.6567970383912325}, {"activityType": "CYCLING", "probability": 0.32839193008840084}, {"activityType": "IN_SUBWAY", "probability": 0.17577698454260826}, {"activityType": "MOTORCYCLING", "probability": 0.1537330448627472}, {"activityType": "RUNNING", "probability": 0.12972562108188868}, {"activityType": "FLYING", "probability": 0.03835352836176753}, {"activityType": "IN_FERRY", "probability": 0.025545561220496893}, {"activityType": "IN_TRAM", "probability": 0.023743364727124572}, {"activityType": "SKIING", "probability": 0.0025029868993442506}, {"activityType": "SAILING", "probability": 0.0019550632714526728}, {"activityType": "IN_VEHICLE", "probability": 2.3623347722434573e-08}], "waypointPath": {"waypoints": [{"latE7": 457600975, "lngE7": 48629965}, {"latE7": 457604980, "lngE7": 48615865}, {"latE7": 457605133, "lngE7": 48614749}], "source": "INFERRED", "distanceMeters": 235.80124228564605, "travelMode": "WALK", "confidence": 1.0}}}, {"placeVisit": {"location": {"latitudeE7": 457605474, "longitudeE7": 48611177, "placeId": "ChIJKWSv_WLq9EcR-FEoq1JxCW4", "address": "5 Pl. Charles B\u00e9raudier\n69003 Lyon\nFrance", "name": "Lyon Part Dieu", "sourceInfo": {"deviceTag": 1337919613}, "locationConfidence": 94.00649, "calibratedProbability": 85.11188}, "duration": {"startTimestamp": "2021-07-27T04:13:25.417Z", "endTimestamp": "2021-07-27T04:38:17.518Z"}, "placeConfidence": "HIGH_CONFIDENCE", "centerLatE7": 457600961, "centerLngE7": 48594648, "visitConfidence": 94, "otherCandidateLocations": [{"latitudeE7": 457607338, "longitudeE7": 48602217, "placeId": "ChIJPVfi22Lq9EcRIcDbXDjaozs", "address": "69003 Lyon\nFrance", "name": "Gare Part-Dieu - Vivier Merle", "locationConfidence": 1.9339446, "calibratedProbability": 1.7509606}, {"latitudeE7": 457608118, "longitudeE7": 48620245, "placeId": "ChIJ_yMAIn3q9EcR3RqGXSfIDDg", "address": "69003 Lyon\nFrance", "name": "Gare Part-Dieu Villette", "locationConfidence": 1.7657652, "calibratedProbability": 1.5986938}, {"latitudeE7": 457605410, "longitudeE7": 48614881, "placeId": "ChIJX4xbyvjr9EcRJzb3IVuSyjE", "address": "Gare de la Part Dieu a\n69003 Lyon\nFrance", "name": "Gare de part Dieu", "locationConfidence": 0.22873162, "calibratedProbability": 0.20708972}, {"latitudeE7": 457618401, "longitudeE7": 48579294, "placeId": "ChIJRzQKaWLq9EcRV-oNLrPzZCQ", "address": "69003 Lyon\nFrance", "name": "Gare Part-Dieu / Vivier Merle", "locationConfidence": 0.10703268, "calibratedProbability": 0.09690557}], "editConfirmationStatus": "NOT_CONFIRMED", "locationConfidence": 80, "placeVisitType": "SINGLE_PLACE", "placeVisitImportance": "MAIN"}}]}