{"timelineObjects": [{"placeVisit": {"location": {"latitudeE7": 457605474, "longitudeE7": 48611177, "placeId": "ChIJKWSv_WLq9EcR-FEoq1JxCW4", "address": "5 Pl. Charles B\u00e9raudier\n69003 Lyon\nFrance", "name": "Lyon Part Dieu", "sourceInfo": {"deviceTag": 1337919613}, "locationConfidence": 73.622345, "calibratedProbability": 54.97755}, "duration": {"startTimestamp": "2021-06-09T05:38:18.361Z", "endTimestamp": "2021-06-09T06:14:56.931Z"}, "placeConfidence": "MEDIUM_CONFIDENCE", "centerLatE7": 457605909, "centerLngE7": 48600245, "visitConfidence": 89, "otherCandidateLocations": [{"latitudeE7": 457618401, "longitudeE7": 48579294, "placeId": "ChIJRzQKaWLq9EcRV-oNLrPzZCQ", "address": "69003 Lyon\nFrance", "name": "Gare Part-Dieu / Vivier Merle", "locationConfidence": 17.03637, "calibratedProbability": 12.721924}, {"latitudeE7": 457653114, "longitudeE7": 48587680, "placeId": "ChIJl111B4nq9EcRZKJv6IMMfbE", "address": "69006 Lyon\nFrance", "name": "Part-Dieu - Jules Favre", "locationConfidence": 3.8326457, "calibratedProbability": 2.8620315}, {"latitudeE7": 457607338, "longitudeE7": 48602217, "placeId": "ChIJPVfi22Lq9EcRIcDbXDjaozs", "address": "69003 Lyon\nFrance", "name": "Gare Part-Dieu - Vivier Merle", "locationConfidence": 1.4980791, "calibratedProbability": 1.1186918}, {"latitudeE7": 457608118, "longitudeE7": 48620245, "placeId": "ChIJ_yMAIn3q9EcR3RqGXSfIDDg", "address": "69003 Lyon\nFrance", "name": "Gare Part-Dieu Villette", "locationConfidence": 0.7636877, "calibratedProbability": 0.5702844}, {"latitudeE7": 457634804, "longitudeE7": 48550567, "placeId": "ChIJry8owonq9EcRxDlkbjSM9sc", "address": "152 Cr Lafayette\n69003 Lyon\nFrance", "name": "Le fournil de l'artisan", "locationConfidence": 0.5740145, "calibratedProbability": 0.42864582}, {"latitudeE7": 457636990, "longitudeE7": 48570380, "placeId": "ChIJV9oz7onq9EcRp4Ewn-0Jr6Y", "address": "69006 Lyon\nFrance", "name": "Part-Dieu Jules Favre", "locationConfidence": 0.5176606, "calibratedProbability": 0.3865635}, {"latitudeE7": 457639721, "longitudeE7": 48576369, "placeId": "ChIJ41QBjwnr9EcR82eo9sabjIg", "address": "57 Bd des Brotteaux\n69006 Lyon\nFrance", "name": "Pok\u00e9 Bar", "locationConfidence": 0.47396895, "calibratedProbability": 0.35393673}], "editConfirmationStatus": "NOT_CONFIRMED", "locationConfidence": 59, "placeVisitType": "SINGLE_PLACE", "placeVisitImportance": "MAIN"}}, {"placeVisit": {"location": {"latitudeE7": 457605474, "longitudeE7": 48611177, "placeId": "ChIJKWSv_WLq9EcR-FEoq1JxCW4", "address": "5 Pl. Charles B\u00e9raudier\n69003 Lyon\nFrance", "name": "Lyon Part Dieu", "sourceInfo": {"deviceTag": 1337919613}, "locationConfidence": 97.37556, "calibratedProbability": 88.53263}, "duration": {"startTimestamp": "2021-06-10T18:02:26.554Z", "endTimestamp": "2021-06-10T18:35:39.736Z"}, "placeConfidence": "HIGH_CONFIDENCE", "centerLatE7": 457602572, "centerLngE7": 48608706, "visitConfidence": 95, "otherCandidateLocations": [{"latitudeE7": 457607338, "longitudeE7": 48602217, "placeId": "ChIJPVfi22Lq9EcRIcDbXDjaozs", "address": "69003 Lyon\nFrance", "name": "Gare Part-Dieu - Vivier Merle", "locationConfidence": 0.7383781, "calibratedProbability": 0.6713241}, {"latitudeE7": 457608118, "longitudeE7": 48620245, "placeId": "ChIJ_yMAIn3q9EcR3RqGXSfIDDg", "address": "69003 Lyon\nFrance", "name": "Gare Part-Dieu Villette", "locationConfidence": 0.50550157, "calibratedProbability": 0.45959565}, {"latitudeE7": 457596034, "longitudeE7": 48614004, "placeId": "ChIJd5kZuHzq9EcRMnpYZy63SNk", "address": "50 Rue de la Villette\n69003 Lyon\nFrance", "name": "H\u00f4tel Mercure Lyon Centre - Gare Part-Dieu", "locationConfidence": 0.10311893, "calibratedProbability": 0.093754426}, {"latitudeE7": 457618401, "longitudeE7": 48579294, "placeId": "ChIJRzQKaWLq9EcRV-oNLrPzZCQ", "address": "69003 Lyon\nFrance", "name": "Gare Part-Dieu / Vivier Merle", "locationConfidence": 0.102403186, "calibratedProbability": 0.093103684}], "editConfirmationStatus": "NOT_CONFIRMED", "locationConfidence": 84, "placeVisitType": "SINGLE_PLACE", "placeVisitImportance": "MAIN"}}, {"activitySegment": {"startLocation": {"latitudeE7": 488450346, "longitudeE7": 23758559, "sourceInfo": {"deviceTag": 1337919613}}, "endLocation": {"latitudeE7": 488488781, "longitudeE7": 23722601, "sourceInfo": {"deviceTag": 1337919613}}, "duration": {"startTimestamp": "2021-06-27T17:50:10.083Z", "endTimestamp": "2021-06-27T18:00:34.239Z"}, "distance": 1074, "activityType": "WALKING", "confidence": "LOW", "activities": [{"activityType": "WALKING", "probability": 57.392603158950806}, {"activityType": "CYCLING", "probability": 22.415131330490112}, {"activityType": "STILL", "probability": 7.904479652643204}, {"activityType": "IN_TRAIN", "probability": 5.7879578322172165}, {"activityType": "IN_PASSENGER_VEHICLE", "probability": 2.667549066245556}, {"activityType": "IN_BUS", "probability": 1.4767871238291264}, {"activityType": "MOTORCYCLING", "probability": 0.8465636521577835}, {"activityType": "RUNNING", "probability": 0.7222054991871119}, {"activityType": "IN_SUBWAY", "probability": 0.3667384618893266}, {"activityType": "IN_FERRY", "probability": 0.18371063051745296}, {"activityType": "IN_TRAM", "probability": 0.13506697723641992}, {"activityType": "SKIING", "probability": 0.054847163846716285}, {"activityType": "FLYING", "probability": 0.03771348565351218}, {"activityType": "SAILING", "probability": 0.008639666339149699}, {"activityType": "IN_VEHICLE", "probability": 6.215088887984166e-06}], "waypointPath": {"waypoints": [{"latE7": 488450508, "lngE7": 23758292}, {"latE7": 488464698, "lngE7": 23785812}, {"latE7": 488464279, "lngE7": 23782515}, {"latE7": 488474693, "lngE7": 23750774}, {"latE7": 488488655, "lngE7": 23722486}], "source": "INFERRED", "distanceMeters": 962.2110759969694, "travelMode": "WALK", "confidence": 0.9983583122875332}, "simplifiedRawPath": {"points": [{"latE7": 488464279, "lngE7": 23784516, "accuracyMeters": 13, "timestamp": "2021-06-27T17:54:26.506Z"}]}}}, {"placeVisit": {"location": {"latitudeE7": 488494574, "longitudeE7": 23714846, "placeId": "ChIJn6TYegFy5kcRg_-xruXtHZY", "address": "1 Coul\u00e9e Verte Ren\u00e9-Dumont\n75012 Paris\nFrance", "name": "Coul\u00e9e Verte Ren\u00e9-Dumont", "sourceInfo": {"deviceTag": 1337919613}, "locationConfidence": 93.4185, "calibratedProbability": 74.3376}, "duration": {"startTimestamp": "2021-06-27T18:00:34.239Z", "endTimestamp": "2021-06-27T18:05:48.125Z"}, "placeConfidence": "MEDIUM_CONFIDENCE", "centerLatE7": 488495950, "centerLngE7": 23712325, "visitConfidence": 86, "otherCandidateLocations": [{"latitudeE7": 488494201, "longitudeE7": 23715784, "placeId": "ChIJzTJujQNy5kcR3JMFA-Pv2UA", "address": "1 Av. Daumesnil\n75012 Paris\nFrance", "name": "Parking Q-Park Paris Op\u00e9ra Bastille", "locationConfidence": 4.4734645, "calibratedProbability": 3.5597513}, {"latitudeE7": 488494204, "longitudeE7": 23715163, "placeId": "ChIJ1wtmxRFy5kcRHyvKs-G_kVE", "address": "1-127 Av. Daumesnil\n75012 Paris\nFrance", "name": "Viaduc des Arts", "locationConfidence": 0.337114, "calibratedProbability": 0.26825786}, {"latitudeE7": 488512923, "longitudeE7": 23722178, "placeId": "ChIJqXUnOQFy5kcR7OcfcN2nxEo", "address": "28 Rue de Charenton\n75012 Paris\nFrance", "name": "Centre Hospitalier National d'Ophtalmologie des Quinze-Vingts", "locationConfidence": 0.29829586, "calibratedProbability": 0.23736838}, {"latitudeE7": 488488273, "longitudeE7": 23725705, "placeId": "ChIJLziXegRy5kcRYVZY6fKGzG0", "address": "11 Av. Daumesnil\n75012 Paris\nFrance", "name": "Staircase To Paris Highline", "locationConfidence": 0.17645533, "calibratedProbability": 0.14041401}], "editConfirmationStatus": "NOT_CONFIRMED", "locationConfidence": 79, "placeVisitType": "SINGLE_PLACE", "placeVisitImportance": "MAIN"}}, {"activitySegment": {"startLocation": {"latitudeE7": 488499817, "longitudeE7": 23705614, "sourceInfo": {"deviceTag": 1337919613}}, "endLocation": {"latitudeE7": 488803934, "longitudeE7": 23558294, "sourceInfo": {"deviceTag": 1337919613}}, "duration": {"startTimestamp": "2021-06-27T18:05:48.125Z", "endTimestamp": "2021-06-27T18:30:13.437Z"}, "distance": 4860, "activityType": "CYCLING", "confidence": "HIGH", "activities": [{"activityType": "CYCLING", "probability": 84.89550352096558}, {"activityType": "WALKING", "probability": 9.975563734769821}, {"activityType": "IN_PASSENGER_VEHICLE", "probability": 1.655331626534462}, {"activityType": "IN_BUS", "probability": 0.9908326901495457}, {"activityType": "MOTORCYCLING", "probability": 0.6792491767555475}, {"activityType": "IN_TRAIN", "probability": 0.568005908280611}, {"activityType": "STILL", "probability": 0.40736040100455284}, {"activityType": "RUNNING", "probability": 0.3902414347976446}, {"activityType": "IN_SUBWAY", "probability": 0.20430723670870066}, {"activityType": "IN_TRAM", "probability": 0.15315187629312277}, {"activityType": "IN_FERRY", "probability": 0.03907674108631909}, {"activityType": "SKIING", "probability": 0.03883858735207468}, {"activityType": "FLYING", "probability": 0.0019757457266678102}, {"activityType": "SAILING", "probability": 0.0005429059456218965}, {"activityType": "IN_VEHICLE", "probability": 1.1349678175065492e-05}], "waypointPath": {"waypoints": [{"latE7": 488499870, "lngE7": 23705677}, {"latE7": 488531837, "lngE7": 23696699}, {"latE7": 488602142, "lngE7": 23726351}, {"latE7": 488642234, "lngE7": 23712019}, {"latE7": 488642234, "lngE7": 23712019}, {"latE7": 488677024, "lngE7": 23644216}, {"latE7": 488749923, "lngE7": 23573012}, {"latE7": 488765945, "lngE7": 23558475}, {"latE7": 488814353, "lngE7": 23618452}, {"latE7": 488813934, "lngE7": 23617694}, {"latE7": 488799552, "lngE7": 23562226}], "source": "INFERRED", "roadSegment": [{"placeId": "ChIJYfzp6QNy5kcRJ6R4pqxdGq4", "duration": "1s"}, {"placeId": "ChIJn85jYgFy5kcRbTyGOBtdo2o", "duration": "42s"}, {"placeId": "ChIJT2RncQFy5kcR1JFC4-ZoTv8", "duration": "10s"}, {"placeId": "ChIJ48zNdAFy5kcRQossegRas7c", "duration": "8s"}, {"placeId": "ChIJO1NNCgFy5kcRBjGqJ4fIFqI", "duration": "2s"}, {"placeId": "ChIJmWkwCgFy5kcR_OTAGQvdqPs", "duration": "4s"}, {"placeId": "ChIJKcETqAFy5kcRBISoYT6v8zI", "duration": "2s"}, {"placeId": "ChIJHYnMAAFy5kcRRVuKaMtJcuQ", "duration": "4s"}, {"placeId": "ChIJL7d2qgFy5kcRhq8cu-H6ATE", "duration": "8s"}, {"placeId": "ChIJm8huAAFy5kcR4KDpEgzQSL8", "duration": "2s"}, {"placeId": "ChIJyYbl_wBy5kcRIbr65sUOOMU", "duration": "2s"}, {"placeId": "ChIJ1_V_VQBy5kcRGpvwI0ftSHU", "duration": "4s"}, {"placeId": "ChIJlwH4VQBy5kcRm2urqQbYwJQ", "duration": "10s"}, {"placeId": "ChIJT9NLhQBy5kcRcaSxzLEvGbQ", "duration": "2s"}, {"placeId": "ChIJ629BmwBy5kcRETKPKz4uNPA", "duration": "5s"}, {"placeId": "ChIJMzQJnQBy5kcRinhN9OJ7AZE", "duration": "7s"}, {"placeId": "ChIJa94FZP9t5kcRziLiwoAe-NU", "duration": "17s"}, {"placeId": "ChIJXRy_aP9t5kcRSLCm9IIpTYs", "duration": "4s"}, {"placeId": "ChIJpz5Oav9t5kcRPj_-Fn_ZXDg", "duration": "16s"}, {"placeId": "ChIJEV4lPf9t5kcROF5-X-HhgRE", "duration": "29s"}, {"placeId": "ChIJt04rJ_9t5kcRuV71dGia_Gw", "duration": "1s"}, {"placeId": "ChIJ1YWk2P5t5kcRUw32qX7ZQzc", "duration": "10s"}, {"placeId": "ChIJdaeUyP5t5kcR6ejAX2oWo8M", "duration": "50s"}, {"placeId": "ChIJFfrlrf5t5kcR1Wg2C3yL41U", "duration": "2s"}, {"placeId": "ChIJrwVKrP5t5kcRB-8Aqb7LbBQ", "duration": "4s"}, {"placeId": "ChIJSYwsAfxt5kcRMwHuLwhSZ_Q", "duration": "39s"}, {"placeId": "ChIJcb2fC_xt5kcRDaZRjkjnCmU", "duration": "8s"}, {"placeId": "ChIJdxfGdPxt5kcRu_e2-w1TTP8", "duration": "4s"}, {"placeId": "ChIJb8DAc_xt5kcRadK-6glDTU0", "duration": "7s"}, {"placeId": "ChIJw7RGcPxt5kcRXzhAviXaq2A", "duration": "7s"}, {"placeId": "ChIJBSOS3fxt5kcR7ygHQ-gvQkw", "duration": "22s"}, {"placeId": "ChIJx6cDKf1t5kcROyi7fQfXiB4", "duration": "28s"}, {"placeId": "ChIJMfK9zeJt5kcRAY9lDr__uU0", "duration": "2s"}, {"placeId": "ChIJC66A0uJt5kcRM9AI6uzm1h4", "duration": "4s"}, {"placeId": "ChIJ-cvYzeJt5kcRwVKSJBem4CQ", "duration": "5s"}, {"placeId": "ChIJm5LOzuJt5kcRcdhKYf1ElBE", "duration": "4s"}, {"placeId": "ChIJNepJt-Jt5kcRAS1veyDjjCU", "duration": "2s"}, {"placeId": "ChIJt4hlsOJt5kcRyr20gZWTlFQ", "duration": "4s"}, {"placeId": "ChIJU3OIpeJt5kcR8napjN2DjXE", "duration": "5s"}, {"placeId": "ChIJqXA6puJt5kcRMZQ1WBS0l8E", "duration": "2s"}, {"placeId": "ChIJV_nwHAhu5kcRwLUu8km_AqY", "duration": "14s"}, {"placeId": "ChIJLRuUEAhu5kcRU6un6iNuFoo", "duration": "10s"}, {"placeId": "ChIJM3-OEwhu5kcReSoDYShtFb4", "duration": "5s"}, {"placeId": "ChIJIRtnawhu5kcRIfZeksWrVPU", "duration": "7s"}, {"placeId": "ChIJXW_vaAhu5kcRDQPeg6nReZs", "duration": "13s"}, {"placeId": "ChIJvz_H7whu5kcRYZ-JvJp_uuU", "duration": "2s"}, {"placeId": "ChIJA0d45Qhu5kcRAGJA5MGgHiQ", "duration": "2s"}, {"placeId": "ChIJ-a1J2Ahu5kcRozm-gxyhckU", "duration": "4s"}, {"placeId": "ChIJ9zB1KAlu5kcRdj9jjpaKn4M", "duration": "2s"}, {"placeId": "ChIJB3n0KAlu5kcRVlj58vor82k", "duration": "2s"}, {"placeId": "ChIJh8K9Lglu5kcRDRs9BVrSLvo", "duration": "11s"}, {"placeId": "ChIJd8LIMglu5kcRkk2duy-yRHc", "duration": "4s"}, {"placeId": "ChIJ-WTRyw5u5kcRLhR-Ah4yUbk", "duration": "19s"}, {"placeId": "ChIJEXyLuQ5u5kcRFDgmo5SjIos", "duration": "10s"}, {"placeId": "ChIJGQY8ow5u5kcRpjECCV_6OPM", "duration": "11s"}, {"placeId": "ChIJF0Y-nw5u5kcRxRKaSp7eteo", "duration": "13s"}, {"placeId": "ChIJD-giJwxu5kcR-UQvmuZ81KM", "duration": "10s"}, {"placeId": "ChIJORxkLwxu5kcR_XQCgNkKwOw", "duration": "8s"}, {"placeId": "ChIJC1YmLgxu5kcRtVAPYHGqk2k", "duration": "7s"}, {"placeId": "ChIJbzKdMwxu5kcR76lYmfso-wA", "duration": "10s"}, {"placeId": "ChIJl3nLyg1u5kcRAarLaCtrMMs", "duration": "8s"}, {"placeId": "ChIJIZBYsA1u5kcRq1BORV5WRv4", "duration": "32s"}, {"placeId": "ChIJB7kaoA1u5kcR3zsq2Qq6rBw", "duration": "23s"}, {"placeId": "ChIJ5fZ0YA1u5kcRBQGdEmXD_3o", "duration": "4s"}, {"placeId": "ChIJ_S0uoRJu5kcR22fH6iLQiPQ", "duration": "28s"}, {"placeId": "ChIJrROwrxJu5kcRXU8XZ24Z-vc", "duration": "4s"}, {"placeId": "ChIJ4b3ksRJu5kcRjXvaKGS2AWo", "duration": "5s"}, {"placeId": "ChIJR1czshJu5kcRIBZvveo3xXU", "duration": "5s"}, {"placeId": "ChIJ_dVwsxJu5kcROO_h5xAlNBc", "duration": "5s"}, {"placeId": "ChIJk8ZJS21u5kcRcbJdnL6-04U", "duration": "2s"}, {"placeId": "ChIJR05uSm1u5kcRtIneNVsPFtQ", "duration": "10s"}, {"placeId": "ChIJg0oBNm1u5kcRwVmOGWzfMmQ", "duration": "8s"}, {"placeId": "ChIJo_SsN21u5kcR_oID4SBuBNE", "duration": "5s"}, {"placeId": "ChIJhXNYN21u5kcRhGnQb7JoTNc", "duration": "4s"}, {"placeId": "ChIJa0UHO21u5kcRFLdjij3b9qU", "duration": "14s"}, {"placeId": "ChIJibU8I21u5kcRuEAmIig7aHM", "duration": "11s"}, {"placeId": "ChIJOaDpHW1u5kcRXGSm1J76-nQ", "duration": "39s"}, {"placeId": "ChIJ8_2Q-Wxu5kcRavVOtKOGdNc", "duration": "8s"}, {"placeId": "ChIJ1xyTqm1u5kcR0pbuea2IdSw", "duration": "41s"}, {"placeId": "ChIJo3tBom1u5kcRBuzFxuxGqXU", "duration": "22s"}, {"placeId": "ChIJkeyEmm1u5kcRRtQvshPum_U", "duration": "8s"}, {"placeId": "ChIJpfzkiG1u5kcRVAYNv1go0Mw", "duration": "13s"}, {"placeId": "ChIJ3wRSaXJu5kcRpVGqzuG223c", "duration": "16s"}, {"placeId": "ChIJHSpWa3Ju5kcRZwFOfBGXHSc", "duration": "84s"}, {"placeId": "ChIJA12aFHJu5kcRs3QpcblLUJQ", "duration": "5s"}, {"placeId": "ChIJDwE5PHJu5kcRo9QxaiEaCDs", "duration": "22s"}, {"placeId": "ChIJS0pOLnJu5kcRL3LaN3bCK6o", "duration": "11s"}, {"placeId": "ChIJYUGdLHJu5kcRj20A7RxxYqo", "duration": "5s"}, {"placeId": "ChIJxdp6fXFu5kcRjZpehK7OEu8", "duration": "23s"}, {"placeId": "ChIJfTPQZnFu5kcRUVy-JFJh0nA", "duration": "8s"}, {"placeId": "ChIJfTPQZnFu5kcRUFy-JFJh0nA", "duration": "8s"}, {"placeId": "ChIJxdp6fXFu5kcRjJpehK7OEu8", "duration": "23s"}, {"placeId": "ChIJYUGdLHJu5kcRjm0A7RxxYqo", "duration": "7s"}, {"placeId": "ChIJS0pOLnJu5kcRLnLaN3bCK6o", "duration": "11s"}, {"placeId": "ChIJDwE5PHJu5kcRotQxaiEaCDs", "duration": "20s"}, {"placeId": "ChIJA12aFHJu5kcRsnQpcblLUJQ", "duration": "4s"}, {"placeId": "ChIJre2bcnJu5kcRPDzEr7RfMgQ", "duration": "13s"}, {"placeId": "ChIJRRDWdXJu5kcRAQi6PabMhpk", "duration": "14s"}, {"placeId": "ChIJwfPliW1u5kcRu9gepke93oY", "duration": "2s"}, {"placeId": "ChIJF9xDiW1u5kcR56EEbO3BpF8", "duration": "14s"}, {"placeId": "ChIJYXUekm1u5kcRB5vvyOunvSc", "duration": "17s"}, {"placeId": "ChIJD46XlW1u5kcRSk4tFG6qAoo", "duration": "11s"}, {"placeId": "ChIJPRSTv21u5kcRBYp983UH6R0", "duration": "5s"}], "distanceMeters": 5025.351624412, "travelMode": "BICYCLE", "confidence": 0.9974737900533456}, "simplifiedRawPath": {"points": [{"latE7": 488601875, "lngE7": 23727939, "accuracyMeters": 15, "timestamp": "2021-06-27T18:09:50.736Z"}, {"latE7": 488642426, "lngE7": 23712568, "accuracyMeters": 29, "timestamp": "2021-06-27T18:11:57.892Z"}, {"latE7": 488749809, "lngE7": 23572726, "accuracyMeters": 16, "timestamp": "2021-06-27T18:18:01.620Z"}, {"latE7": 488813667, "lngE7": 23619261, "accuracyMeters": 8, "timestamp": "2021-06-27T18:25:20Z"}]}}}, {"placeVisit": {"location": {"latitudeE7": 488809481, "longitudeE7": 23553137, "placeId": "ChIJf6NY_Gtu5kcRDHnd0mg3tk8", "address": "18 Rue de Dunkerque\n75010 Paris\nFrance", "name": "Gare du Nord", "sourceInfo": {"deviceTag": 1337919613}, "locationConfidence": 97.40196, "calibratedProbability": 89.829765}, "duration": {"startTimestamp": "2021-06-27T18:30:13.437Z", "endTimestamp": "2021-06-27T19:55:34.889Z"}, "placeConfidence": "HIGH_CONFIDENCE", "centerLatE7": 488802825, "centerLngE7": 23548750, "visitConfidence": 96, "otherCandidateLocations": [{"latitudeE7": 488807449, "longitudeE7": 23564586, "placeId": "ChIJZ1Sf1m1u5kcRMRUV9EP3y8g", "address": "75010 Paris\nFrance", "name": "Gare du Nord", "locationConfidence": 0.7563719, "calibratedProbability": 0.6975702}, {"latitudeE7": 488798723, "longitudeE7": 23537525, "placeId": "ChIJHcux50hv5kcRgZ9vYzLzqBo", "address": "4 Rue de Compi\u00e8gne\n75010 Paris\nFrance", "name": "Parking Paris Gare du Nord - EFFIA", "locationConfidence": 0.54477215, "calibratedProbability": 0.5024206}, {"latitudeE7": 488798081, "longitudeE7": 23542534, "placeId": "ChIJ___PR2xu5kcRa0-tQtakHe8", "address": "25 Rue de Dunkerque\n75010 Paris\nFrance", "name": "Burger King", "locationConfidence": 0.31119177, "calibratedProbability": 0.28699917}, {"latitudeE7": 488808230, "longitudeE7": 23579847, "placeId": "ChIJKx5KAXJu5kcRZbEE5JAqgnU", "address": "184 Rue du Faubourg Saint-Denis\n75010 Paris\nFrance", "name": "Gare du Nord", "locationConfidence": 0.26087222, "calibratedProbability": 0.24059154}], "editConfirmationStatus": "NOT_CONFIRMED", "simplifiedRawPath": {"points": [{"latE7": 488803934, "lngE7": 23558294, "accuracyMeters": 45, "timestamp": "2021-06-27T18:30:13.437Z"}, {"latE7": 488804858, "lngE7": 23549260, "accuracyMeters": 15, "timestamp": "2021-06-27T18:32:13.763Z"}, {"latE7": 488798586, "lngE7": 23545058, "accuracyMeters": 14, "timestamp": "2021-06-27T18:38:26.839Z"}, {"latE7": 488805653, "lngE7": 23546799, "accuracyMeters": 19, "timestamp": "2021-06-27T18:42:29.805Z"}, {"latE7": 488803675, "lngE7": 23548237, "accuracyMeters": 12, "timestamp": "2021-06-27T18:44:35.730Z"}, {"latE7": 488798204, "lngE7": 23546596, "accuracyMeters": 15, "timestamp": "2021-06-27T18:46:37.838Z"}, {"latE7": 488788524, "lngE7": 23539767, "accuracyMeters": 25, "timestamp": "2021-06-27T18:48:38.696Z"}, {"latE7": 488799534, "lngE7": 23544292, "accuracyMeters": 15, "timestamp": "2021-06-27T18:52:45.870Z"}, {"latE7": 488803218, "lngE7": 23548549, "accuracyMeters": 20, "timestamp": "2021-06-27T18:58:49.136Z"}, {"latE7": 488805133, "lngE7": 23550097, "accuracyMeters": 31, "timestamp": "2021-06-27T19:39:25.229Z"}, {"latE7": 488803424, "lngE7": 23549654, "accuracyMeters": 36, "timestamp": "2021-06-27T19:53:33.810Z"}], "source": "INFERRED", "distanceMeters": 661.7937473628969}, "locationConfidence": 84, "placeVisitType": "SINGLE_PLACE", "placeVisitImportance": "MAIN"}}]}