{"timelineObjects": [{"activitySegment": {"startLocation": {"latitudeE7": 457606678, "longitudeE7": 48604037, "sourceInfo": {"deviceTag": 1337919613}}, "endLocation": {"latitudeE7": 457631670, "longitudeE7": 48545234, "sourceInfo": {"deviceTag": 1337919613}}, "duration": {"startTimestamp": "2021-08-06T07:39:15.129Z", "endTimestamp": "2021-08-06T07:52:26Z"}, "distance": 1262, "activityType": "WALKING", "confidence": "MEDIUM", "activities": [{"activityType": "WALKING", "probability": 66.61288738250732}, {"activityType": "IN_TRAIN", "probability": 24.948768317699432}, {"activityType": "STILL", "probability": 3.8796018809080124}, {"activityType": "IN_FERRY", "probability": 1.0182407684624195}, {"activityType": "IN_PASSENGER_VEHICLE", "probability": 0.925739947706461}, {"activityType": "IN_SUBWAY", "probability": 0.8239875547587872}, {"activityType": "IN_BUS", "probability": 0.5668643396347761}, {"activityType": "FLYING", "probability": 0.5108890123665333}, {"activityType": "RUNNING", "probability": 0.3196698846295476}, {"activityType": "CYCLING", "probability": 0.2663682447746396}, {"activityType": "IN_TRAM", "probability": 0.062151061138138175}, {"activityType": "MOTORCYCLING", "probability": 0.04857345193158835}, {"activityType": "SAILING", "probability": 0.012686029367614537}, {"activityType": "SKIING", "probability": 0.0035703895264305174}, {"activityType": "IN_VEHICLE", "probability": 2.3744575194939443e-07}], "waypointPath": {"waypoints": [{"latE7": 457606048, "lngE7": 48604030}, {"latE7": 457604484, "lngE7": 48591232}, {"latE7": 457598915, "lngE7": 48579874}, {"latE7": 457623939, "lngE7": 48575682}, {"latE7": 457630996, "lngE7": 48555631}], "source": "INFERRED", "distanceMeters": 717.9224848396339, "travelMode": "WALK", "confidence": 0.9751395511902285}, "simplifiedRawPath": {"points": [{"latE7": 457597961, "lngE7": 48577652, "accuracyMeters": 70, "timestamp": "2021-08-06T07:43:45.922Z"}]}}}, {"placeVisit": {"location": {"latitudeE7": 457637776, "longitudeE7": 48536048, "placeId": "ChIJ01HaWWLq9EcRH1Y8oaR5VZY", "address": "227 Cr Lafayette\n69006 Lyon\nFrance", "name": "TUB\u00c0", "sourceInfo": {"deviceTag": 1337919613}, "locationConfidence": 92.722, "calibratedProbability": 91.0727}, "duration": {"startTimestamp": "2021-08-06T07:52:26Z", "endTimestamp": "2021-08-06T10:10:05.593Z"}, "placeConfidence": "MEDIUM_CONFIDENCE", "centerLatE7": 457636819, "centerLngE7": 48538630, "visitConfidence": 95, "otherCandidateLocations": [{"latitudeE7": 457645763, "longitudeE7": 48541304, "placeId": "ChIJz_p8i4rq9EcR8VGdMSNxeSc", "locationConfidence": 0.25842413, "calibratedProbability": 0.2538274}, {"latitudeE7": 457635058, "longitudeE7": 48540597, "placeId": "ChIJYz1be4rq9EcRtwQx16QUGTQ", "address": "138 Cr Lafayette\n69003 Lyon\nFrance", "name": "Pressing Plus", "locationConfidence": 0.06383959, "calibratedProbability": 0.06270404}, {"latitudeE7": 457627116, "longitudeE7": 48555320, "placeId": "ChIJF09d0GHq9EcRTxvVxE7USM4", "address": "42 Bd Eug\u00e8ne Deruelle\n69003 Lyon\nFrance", "name": "Galeries Lafayette", "locationConfidence": 0.038041677, "calibratedProbability": 0.03736501}, {"latitudeE7": 457635482, "longitudeE7": 48538758, "placeId": "ChIJ9x077krr9EcR-eBOQbY5QLA", "address": "138 Cr Lafayette\n69003 Lyon\nFrance", "name": "Restaurant ONIPOKE", "locationConfidence": 0.033414498, "calibratedProbability": 0.032820135}], "editConfirmationStatus": "NOT_CONFIRMED", "locationConfidence": 78, "placeVisitType": "SINGLE_PLACE", "placeVisitImportance": "MAIN"}}, {"activitySegment": {"startLocation": {"latitudeE7": 457636901, "longitudeE7": 48553608, "sourceInfo": {"deviceTag": 1337919613}}, "endLocation": {"latitudeE7": 457636820, "longitudeE7": 48568928, "sourceInfo": {"deviceTag": 1337919613}}, "duration": {"startTimestamp": "2021-08-06T10:10:05.593Z", "endTimestamp": "2021-08-06T10:12:07.211Z"}, "distance": 118, "activityType": "WALKING", "confidence": "HIGH", "activities": [{"activityType": "WALKING", "probability": 93.70031952857971}, {"activityType": "IN_PASSENGER_VEHICLE", "probability": 3.3312447369098663}, {"activityType": "IN_BUS", "probability": 0.8004610426723957}, {"activityType": "RUNNING", "probability": 0.6261299829930067}, {"activityType": "STILL", "probability": 0.38586268201470375}, {"activityType": "CYCLING", "probability": 0.3399215405806899}, {"activityType": "IN_TRAIN", "probability": 0.33512150403112173}, {"activityType": "IN_TRAM", "probability": 0.21623827051371336}, {"activityType": "IN_SUBWAY", "probability": 0.20089896861463785}, {"activityType": "MOTORCYCLING", "probability": 0.05328369443304837}, {"activityType": "FLYING", "probability": 0.004709068161901087}, {"activityType": "SAILING", "probability": 0.0023246617274708115}, {"activityType": "SKIING", "probability": 0.0023170832719188184}, {"activityType": "IN_FERRY", "probability": 0.0011676387657644227}, {"activityType": "IN_VEHICLE", "probability": 7.283338376851134e-08}], "waypointPath": {"waypoints": [{"latE7": 457636299, "lngE7": 48553605}, {"latE7": 457636299, "lngE7": 48568520}, {"latE7": 457636299, "lngE7": 48568954}], "source": "INFERRED", "distanceMeters": 118.99322342406838, "travelMode": "WALK", "confidence": 1.0}}}, {"placeVisit": {"location": {"latitudeE7": 457605474, "longitudeE7": 48611177, "placeId": "ChIJKWSv_WLq9EcR-FEoq1JxCW4", "address": "5 Pl. Charles B\u00e9raudier\n69003 Lyon\nFrance", "name": "Lyon Part Dieu", "sourceInfo": {"deviceTag": 1337919613}, "locationConfidence": 91.9638, "calibratedProbability": 79.041504}, "duration": {"startTimestamp": "2021-08-06T10:12:07.211Z", "endTimestamp": "2021-08-06T11:05:00.073Z"}, "placeConfidence": "MEDIUM_CONFIDENCE", "centerLatE7": 457614675, "centerLngE7": 48580837, "visitConfidence": 88, "otherCandidateLocations": [{"latitudeE7": 457618401, "longitudeE7": 48579294, "placeId": "ChIJRzQKaWLq9EcRV-oNLrPzZCQ", "address": "69003 Lyon\nFrance", "name": "Gare Part-Dieu / Vivier Merle", "locationConfidence": 1.23614, "calibratedProbability": 1.0624439}, {"latitudeE7": 457607338, "longitudeE7": 48602217, "placeId": "ChIJPVfi22Lq9EcRIcDbXDjaozs", "address": "69003 Lyon\nFrance", "name": "Gare Part-Dieu - Vivier Merle", "locationConfidence": 0.9062034, "calibratedProbability": 0.7788682}, {"latitudeE7": 457608118, "longitudeE7": 48620245, "placeId": "ChIJ_yMAIn3q9EcR3RqGXSfIDDg", "address": "69003 Lyon\nFrance", "name": "Gare Part-Dieu Villette", "locationConfidence": 0.4913601, "calibratedProbability": 0.42231664}, {"latitudeE7": 457605410, "longitudeE7": 48614881, "placeId": "ChIJX4xbyvjr9EcRJzb3IVuSyjE", "address": "Gare de la Part Dieu a\n69003 Lyon\nFrance", "name": "Gare de part Dieu", "locationConfidence": 0.48374334, "calibratedProbability": 0.41577014}], "editConfirmationStatus": "NOT_CONFIRMED", "locationConfidence": 77, "placeVisitType": "SINGLE_PLACE", "placeVisitImportance": "MAIN"}}, {"activitySegment": {"startLocation": {"latitudeE7": 457635210, "longitudeE7": 48609550, "sourceInfo": {"deviceTag": 1337919613}}, "endLocation": {"latitudeE7": 488446590, "longitudeE7": 23750367, "sourceInfo": {"deviceTag": 1337919613}}, "duration": {"startTimestamp": "2021-08-06T11:05:00.073Z", "endTimestamp": "2021-08-06T13:04:33.381Z"}, "distance": 390641, "activityType": "UNKNOWN_ACTIVITY_TYPE", "confidence": "LOW", "activities": [{"activityType": "UNKNOWN_ACTIVITY_TYPE", "probability": 0.0}, {"activityType": "IN_TRAIN", "probability": 97.02149629592896}, {"activityType": "WALKING", "probability": 1.1762859299778938}, {"activityType": "IN_PASSENGER_VEHICLE", "probability": 0.9165916591882706}, {"activityType": "STILL", "probability": 0.41122245602309704}, {"activityType": "IN_BUS", "probability": 0.2366933273151517}, {"activityType": "IN_SUBWAY", "probability": 0.09288743603974581}, {"activityType": "MOTORCYCLING", "probability": 0.04553838225547224}, {"activityType": "FLYING", "probability": 0.03890334919560701}, {"activityType": "CYCLING", "probability": 0.02905374567490071}, {"activityType": "IN_FERRY", "probability": 0.027485736063681543}, {"activityType": "RUNNING", "probability": 0.0021219520931481384}, {"activityType": "SAILING", "probability": 0.000902797000890132}, {"activityType": "IN_TRAM", "probability": 0.0007893156180216465}, {"activityType": "SKIING", "probability": 3.650801829735428e-05}, {"activityType": "IN_VEHICLE", "probability": 5.065161623463155e-08}], "simplifiedRawPath": {"points": [{"latE7": 488210321, "lngE7": 24112292, "accuracyMeters": 23, "timestamp": "2021-08-06T12:58:28.075Z"}, {"latE7": 488392831, "lngE7": 23868663, "accuracyMeters": 72, "timestamp": "2021-08-06T13:00:31.333Z"}, {"latE7": 488434493, "lngE7": 23769460, "accuracyMeters": 500, "timestamp": "2021-08-06T13:02:32.323Z"}], "source": "INFERRED", "distanceMeters": 390644.2589666861}}}, {"placeVisit": {"location": {"latitudeE7": 488443038, "longitudeE7": 23743773, "placeId": "ChIJS78AIBty5kcRZLsIMcKhPAA", "address": "Pl. Louis-Armand\n75012 Paris\nFrance", "name": "Paris Gare de Lyon", "sourceInfo": {"deviceTag": 1337919613}, "locationConfidence": 97.76877, "calibratedProbability": 87.85632}, "duration": {"startTimestamp": "2021-08-06T13:04:33.381Z", "endTimestamp": "2021-08-06T13:25:56.511Z"}, "placeConfidence": "HIGH_CONFIDENCE", "centerLatE7": 488441717, "centerLngE7": 23739517, "visitConfidence": 94, "otherCandidateLocations": [{"latitudeE7": 488448350, "longitudeE7": 23730252, "placeId": "ChIJOQQ1Rhty5kcReP5JbOMKdvw", "address": "Pl. Louis-Armand\n75012 Paris\nFrance", "name": "Paris Gare de Lyon (Doublon)", "locationConfidence": 0.81827843, "calibratedProbability": 0.735316}, {"latitudeE7": 488440971, "longitudeE7": 23729923, "placeId": "ChIJP_7yPxty5kcRLfDKqzeWIB4", "address": "75012 Paris\nFrance", "name": "Gare de Lyon", "locationConfidence": 0.5230727, "calibratedProbability": 0.47004017}, {"latitudeE7": 488436840, "longitudeE7": 23737120, "placeId": "ChIJqUygGhty5kcR3q67dwPFncI", "address": "75012 Paris\nFrance", "name": "Lyon", "locationConfidence": 0.28080115, "calibratedProbability": 0.25233167}, {"latitudeE7": 488391439, "longitudeE7": 23827415, "placeId": "ChIJn2vdJhRy5kcRvF_72xop47A", "address": "48 bis Bd de Bercy\n75012 Paris\nFrance", "name": "Paris Bercy Bourgogne - Pays d'Auvergne", "locationConfidence": 0.07439711, "calibratedProbability": 0.06685424}], "editConfirmationStatus": "NOT_CONFIRMED", "locationConfidence": 85, "placeVisitType": "SINGLE_PLACE", "placeVisitImportance": "MAIN"}}, {"activitySegment": {"startLocation": {"latitudeE7": 488438453, "longitudeE7": 23738929, "sourceInfo": {"deviceTag": 1337919613}}, "endLocation": {"latitudeE7": 488804693, "longitudeE7": 23547743, "sourceInfo": {"deviceTag": 1337919613}}, "duration": {"startTimestamp": "2021-08-06T13:25:56.511Z", "endTimestamp": "2021-08-06T13:45:15.448Z"}, "distance": 4793, "activityType": "IN_TRAIN", "confidence": "HIGH", "activities": [{"activityType": "IN_TRAIN", "probability": 90.96662402153015}, {"activityType": "WALKING", "probability": 3.6719143390655518}, {"activityType": "IN_PASSENGER_VEHICLE", "probability": 2.364291623234749}, {"activityType": "IN_BUS", "probability": 1.1345313861966133}, {"activityType": "STILL", "probability": 0.6983297877013683}, {"activityType": "IN_SUBWAY", "probability": 0.4430802073329687}, {"activityType": "CYCLING", "probability": 0.3717839252203703}, {"activityType": "MOTORCYCLING", "probability": 0.14272595290094614}, {"activityType": "FLYING", "probability": 0.09816217934712768}, {"activityType": "IN_FERRY", "probability": 0.08912505581974983}, {"activityType": "IN_TRAM", "probability": 0.010313489474356174}, {"activityType": "RUNNING", "probability": 0.007649183680769056}, {"activityType": "SKIING", "probability": 0.0007441778052452719}, {"activityType": "SAILING", "probability": 0.000729841349311755}, {"activityType": "IN_VEHICLE", "probability": 7.844995764116902e-08}], "transitPath": {"transitStops": [{"latitudeE7": 488434000, "longitudeE7": 23763700, "placeId": "ChIJS78AIBty5kcRZLsIMcKhPAA", "address": "Pl. Louis-Armand\n75012 Paris\nFrance", "name": "Paris Gare de Lyon"}, {"latitudeE7": 488617500, "longitudeE7": 23469800, "placeId": "ChIJVyJPxRhu5kcRn7qM4_eQ_LA", "address": "75001 Paris\nFrance", "name": "Ch\u00e2telet\u2013Les Halles"}], "name": "", "hexRgbColor": "F23F39", "linePlaceId": "ChIJP-TMZUls5kcRCbASiLJ1_SQ", "stopTimesInfo": [{"scheduledDepartureTimestamp": "2021-08-06T13:36:00Z"}, {"scheduleArrivalTimestamp": "2021-08-06T13:38:00Z"}], "source": "INFERRED", "confidence": 0.9456774681522231, "distanceMeters": 4705.0}, "simplifiedRawPath": {"points": [{"latE7": 488438453, "lngE7": 23738929, "accuracyMeters": 60, "timestamp": "2021-08-06T13:25:56.511Z"}], "source": "INFERRED", "distanceMeters": 2988.114189658122}}}, {"placeVisit": {"location": {"latitudeE7": 488809481, "longitudeE7": 23553137, "placeId": "ChIJf6NY_Gtu5kcRDHnd0mg3tk8", "address": "18 Rue de Dunkerque\n75010 Paris\nFrance", "name": "Gare du Nord", "sourceInfo": {"deviceTag": 1337919613}, "locationConfidence": 95.99117, "calibratedProbability": 86.02898}, "duration": {"startTimestamp": "2021-08-06T13:45:15.448Z", "endTimestamp": "2021-08-06T13:55:18.551Z"}, "placeConfidence": "HIGH_CONFIDENCE", "centerLatE7": 488806600, "centerLngE7": 23547633, "visitConfidence": 94, "otherCandidateLocations": [{"latitudeE7": 488807449, "longitudeE7": 23564586, "placeId": "ChIJZ1Sf1m1u5kcRMRUV9EP3y8g", "address": "75010 Paris\nFrance", "name": "Gare du Nord", "locationConfidence": 2.2117183, "calibratedProbability": 1.9821807}, {"latitudeE7": 488798723, "longitudeE7": 23537525, "placeId": "ChIJHcux50hv5kcRgZ9vYzLzqBo", "address": "4 Rue de Compi\u00e8gne\n75010 Paris\nFrance", "name": "Parking Paris Gare du Nord - EFFIA", "locationConfidence": 0.5575617, "calibratedProbability": 0.49969655}, {"latitudeE7": 488808230, "longitudeE7": 23579847, "placeId": "ChIJKx5KAXJu5kcRZbEE5JAqgnU", "address": "184 Rue du Faubourg Saint-Denis\n75010 Paris\nFrance", "name": "Gare du Nord", "locationConfidence": 0.43196216, "calibratedProbability": 0.38713205}, {"latitudeE7": 488798081, "longitudeE7": 23542534, "placeId": "ChIJ___PR2xu5kcRa0-tQtakHe8", "address": "25 Rue de Dunkerque\n75010 Paris\nFrance", "name": "Burger King", "locationConfidence": 0.048295572, "calibratedProbability": 0.04328334}], "editConfirmationStatus": "NOT_CONFIRMED", "simplifiedRawPath": {"points": [{"latE7": 488804693, "lngE7": 23547743, "accuracyMeters": 19, "timestamp": "2021-08-06T13:45:15.448Z"}, {"latE7": 488807208, "lngE7": 23547159, "accuracyMeters": 48, "timestamp": "2021-08-06T13:47:16.463Z"}], "source": "INFERRED", "distanceMeters": 28.994283985156393}, "locationConfidence": 82, "placeVisitType": "SINGLE_PLACE", "placeVisitImportance": "TRANSITIONAL"}}, {"placeVisit": {"location": {"latitudeE7": 490036746, "longitudeE7": 25711981, "placeId": "ChIJh5OWRgUW5kcRl37I5rg2JQo", "address": "95716 Roissy-en-France\nFrance", "name": "A\u00e9roport Charles de Gaulle 2 TGV", "sourceInfo": {"deviceTag": 1337919613}, "locationConfidence": 70.44206, "calibratedProbability": 50.00273}, "duration": {"startTimestamp": "2021-08-07T09:57:57.724Z", "endTimestamp": "2021-08-07T10:04:36.293Z"}, "placeConfidence": "MEDIUM_CONFIDENCE", "centerLatE7": 490033500, "centerLngE7": 25710120, "visitConfidence": 88, "otherCandidateLocations": [{"latitudeE7": 490096739, "longitudeE7": 25479660, "placeId": "ChIJW89MjgM-5kcRLKZbL5jgKwQ", "address": "95700 Roissy-en-France\nFrance", "name": "Paris Charles de Gaulle Airport", "locationConfidence": 29.431183, "calibratedProbability": 20.891487}, {"latitudeE7": 490049182, "longitudeE7": 25767316, "placeId": "ChIJgyAEdjAX5kcR6Lh-dnPveyM", "address": "Rue de Rome D\u00e9pose Gare TGV\nTerminal 2F\n77990 Le Mesnil-Amelot\nFrance", "name": "Terminal 2F", "locationConfidence": 0.053517632, "calibratedProbability": 0.03798906}, {"latitudeE7": 490033453, "longitudeE7": 25644025, "placeId": "ChIJFdxPKwYW5kcRpYpRexjrkgc", "address": "93290 Tremblay-en-France\nFrance", "name": "Terminal 2a-2c", "locationConfidence": 0.031165577, "calibratedProbability": 0.022122635}, {"latitudeE7": 490028642, "longitudeE7": 25620355, "placeId": "ChIJdwkDPGkX5kcRsFDXmesUerE", "address": "Route de service\nRue de Paris Terminal 2A\n93290 Tremblay-en-France\nFrance", "name": "Terminal 2A", "locationConfidence": 0.020362103, "calibratedProbability": 0.014453875}], "editConfirmationStatus": "NOT_CONFIRMED", "simplifiedRawPath": {"points": [{"latE7": 490027873, "lngE7": 25704844, "accuracyMeters": 87, "timestamp": "2021-08-07T09:57:57.724Z"}, {"latE7": 490032727, "lngE7": 25714039, "accuracyMeters": 72, "timestamp": "2021-08-07T09:58:56Z"}, {"latE7": 490034952, "lngE7": 25708053, "accuracyMeters": 53, "timestamp": "2021-08-07T10:01:35Z"}], "source": "INFERRED", "distanceMeters": 136.28096161779965}, "locationConfidence": 56, "placeVisitType": "SINGLE_PLACE", "placeVisitImportance": "TRANSITIONAL"}}, {"activitySegment": {"startLocation": {"latitudeE7": 490037450, "longitudeE7": 25713286, "sourceInfo": {"deviceTag": 1337919613}}, "endLocation": {"latitudeE7": 457589493, "longitudeE7": 48606804, "sourceInfo": {"deviceTag": 1337919613}}, "duration": {"startTimestamp": "2021-08-07T10:04:36.293Z", "endTimestamp": "2021-08-07T12:09:14Z"}, "distance": 399841, "activityType": "UNKNOWN_ACTIVITY_TYPE", "confidence": "LOW", "activities": [{"activityType": "UNKNOWN_ACTIVITY_TYPE", "probability": 0.0}, {"activityType": "IN_TRAIN", "probability": 87.67229318618774}, {"activityType": "STILL", "probability": 7.11139515042305}, {"activityType": "IN_PASSENGER_VEHICLE", "probability": 2.0038852468132973}, {"activityType": "WALKING", "probability": 1.9508687779307365}, {"activityType": "IN_BUS", "probability": 0.9106326848268509}, {"activityType": "IN_SUBWAY", "probability": 0.09160669869743288}, {"activityType": "MOTORCYCLING", "probability": 0.09134893771260977}, {"activityType": "FLYING", "probability": 0.0743169104680419}, {"activityType": "CYCLING", "probability": 0.07207022863440216}, {"activityType": "IN_FERRY", "probability": 0.01162217668024823}, {"activityType": "RUNNING", "probability": 0.008328672993229702}, {"activityType": "IN_TRAM", "probability": 0.0013226241208030842}, {"activityType": "SAILING", "probability": 0.00027192522793484386}, {"activityType": "SKIING", "probability": 3.0098433967395977e-05}, {"activityType": "IN_VEHICLE", "probability": 3.503558554385222e-07}], "simplifiedRawPath": {"points": [{"latE7": 488576058, "lngE7": 27807904, "accuracyMeters": 117, "timestamp": "2021-08-07T10:20:11.449Z"}, {"latE7": 457588296, "lngE7": 48606580, "accuracyMeters": 4, "timestamp": "2021-08-07T12:08:59Z"}, {"latE7": 457592056, "lngE7": 48620388, "accuracyMeters": 110, "timestamp": "2021-08-07T12:09:08.061Z"}], "source": "INFERRED", "distanceMeters": 401063.58089789347}}}, {"placeVisit": {"location": {"latitudeE7": 457605474, "longitudeE7": 48611177, "placeId": "ChIJKWSv_WLq9EcR-FEoq1JxCW4", "address": "5 Pl. Charles B\u00e9raudier\n69003 Lyon\nFrance", "name": "Lyon Part Dieu", "sourceInfo": {"deviceTag": 1337919613}, "locationConfidence": 98.59384, "calibratedProbability": 79.53937}, "duration": {"startTimestamp": "2021-08-07T12:09:14Z", "endTimestamp": "2021-08-07T12:33:34.062Z"}, "placeConfidence": "HIGH_CONFIDENCE", "centerLatE7": 457596886, "centerLngE7": 48605186, "visitConfidence": 85, "otherCandidateLocations": [{"latitudeE7": 457607338, "longitudeE7": 48602217, "placeId": "ChIJPVfi22Lq9EcRIcDbXDjaozs", "address": "69003 Lyon\nFrance", "name": "Gare Part-Dieu - Vivier Merle", "locationConfidence": 0.32349342, "calibratedProbability": 0.26097435}, {"latitudeE7": 457608118, "longitudeE7": 48620245, "placeId": "ChIJ_yMAIn3q9EcR3RqGXSfIDDg", "address": "69003 Lyon\nFrance", "name": "Gare Part-Dieu Villette", "locationConfidence": 0.21225351, "calibratedProbability": 0.17123291}, {"latitudeE7": 457605410, "longitudeE7": 48614881, "placeId": "ChIJX4xbyvjr9EcRJzb3IVuSyjE", "address": "Gare de la Part Dieu a\n69003 Lyon\nFrance", "name": "Gare de part Dieu", "locationConfidence": 0.16475077, "calibratedProbability": 0.13291065}, {"latitudeE7": 457586861, "longitudeE7": 48627875, "placeId": "ChIJ7xb8onzq9EcRn-k5pKc32UA", "address": "75 Rue de la Villette\n69003 Lyon\nFrance", "name": "Parking EFFIA Lyon Villette", "locationConfidence": 0.10778266, "calibratedProbability": 0.086952336}], "editConfirmationStatus": "NOT_CONFIRMED", "locationConfidence": 86, "placeVisitType": "SINGLE_PLACE", "placeVisitImportance": "MAIN"}}]}