Category,Type of inference,Description,Inference
Career inferences,Human resources professional,Based on factors such as your industry and profile headline.,No
Career inferences,Unemployment Status,Based on the current position on your profile and other factors.,No
Career inferences,Senior leader,Executive leader at your company. Based on your experience on your profile and other factors.,No
Career inferences,Recruiter,Based on factors such as your experience and profile headline.,No
Career inferences,Job seeker,Based on your activity on LinkedIn and other factors.,No
Career inferences,Sales professional,Based on factors such as your experience and profile headline.,No
Career inferences,Career stability,"Employee with consistency in industry, company, job title, and other factors.",No
Career inferences,Growth stage of career,Based on factors such as your industry and experience on your profile.,No
Career inferences,People leader,People leader at your company. Based on your experience on your profile and other factors.,No
Career inferences,Freelancer,"Based on factors such as your profile experience, summary, and headline.",true
Career inferences,Early stage of career,Early stage of career but not a student. Based on factors such as your industry and experience on your profile.,No
Career inferences,Small or medium sized business owner,"Based on your current company on your profile, your job title, and other factors.",No
Career inferences,Likelihood to be a marketer,Based on your profile and other factors.,0.008506942256753853
Career inferences,Student,Based on your education on your profile and other factors.,No
Inferred interests,Interested in higher education,Based on whether you follow companies in the higher education industry.,true
Inferred personal characteristics,Country newcomers,Recently moved to a new country in the past 6 months. Based on factors such as your location on your profile.,true
Job search inferences,Interested in a new job,Based on whether you searched for a job or clicked on a posting in the past 30 days.,true
LinkedIn Sales Solutions (LSS) inferences,Interested in Sales Navigator product in Asia-Pacific,"Likely to fill out a Contact me sheet to purchase Sales Navigator and living in Asia-Pacific region. Based on factors such as your location, experience, and industry on your profile.",true