{
  "profile_user": [
    {
      "title": "Informations utilisateur",
      "media_map_data": {
        "Photo de profil": {
          "uri": "media/other/30605495_228973187657560_381193594653900800_n_17933846902068789.jpg",
          "creation_timestamp": 1524332383,
          "title": ""
        }
      },
      "string_map_data": {
        "Adresse e-mail": {
          "href": "",
          "value": "john.doe@gmail.com",
          "timestamp": 0
        },
        "Num\u00c3\u00a9ro de t\u00c3\u00a9l\u00c3\u00a9phone confirm\u00c3\u00a9": {
          "href": "",
          "value": "False",
          "timestamp": 0
        },
        "Nom d\u00e2\u0080\u0099utilisateur": {
          "href": "",
          "value": "johndoe",
          "timestamp": 0
        },
        "Nom": {
          "href": "",
          "value": "John Lennon",
          "timestamp": 0
        },
        "Genre": {
          "href": "",
          "value": "unspecified",
          "timestamp": 0
        },
        "Compte priv\u00c3\u00a9": {
          "href": "",
          "value": "True",
          "timestamp": 0
        }
      }
    }
  ]
}