[{
  "header": "Discover",
  "title": "8 cartes dans votre flux",
  "subtitles": [{
    "name": "Bill Murray"
  }, {
    "name": "Divertissement"
  }, {
    "name": "Le Monde"
  }, {
    "name": "League of Legends - consultée"
  }, {
    "name": "Objet volant non identifié"
  }, {
    "name": "Restaurant"
  }, {
    "name": "Retraite"
  }, {
    "name": "Russie"
  }],
  "time": "2022-04-23T11:10:57.995Z",
  "products": ["Discover"],
  "activityControls": ["Activité sur le Web et les applications"],
  "locationInfos": [{
    "name": "Dans cette zone générale",
    "url": "https://www.google.com/maps/@?api\u003d1\u0026map_action\u003dmap\u0026center\u003d46.526838,6.631476\u0026zoom\u003d10",
    "source": "D\u0027après votre historique d\u0027activité"
  }]
},{
  "header": "Discover",
  "title": "6 cartes dans votre flux",
  "subtitles": [{
    "name": "Anime"
  }, {
    "name": "Divertissement - consultée"
  }, {
    "name": "Fitness - consultée"
  }, {
    "name": "Jeu vidéo"
  }, {
    "name": "Politique"
  }, {
    "name": "Technologie"
  }],
  "time": "2022-04-10T21:06:10.882Z",
  "products": ["Discover"],
  "activityControls": ["Activité sur le Web et les applications"],
  "locationInfos": [{
    "name": "Dans cette zone générale",
    "url": "https://www.google.com/maps/@?api\u003d1\u0026map_action\u003dmap\u0026center\u003d46.526879,6.631672\u0026zoom\u003d10",
    "source": "D\u0027après votre historique d\u0027activité"
  }]
},{
  "header": "Discover",
  "title": "6 cartes dans votre flux",
  "subtitles": [{
    "name": "Divertissement"
  }, {
    "name": "Jeu - consultée"
  }, {
    "name": "Jeu vidéo"
  }, {
    "name": "Politique"
  }, {
    "name": "Sport"
  }, {
    "name": "Technologie"
  }],
  "time": "2022-04-03T10:24:38.129Z",
  "products": ["Discover"],
  "activityControls": ["Activité sur le Web et les applications"],
  "locationInfos": [{
    "name": "Dans cette zone générale",
    "url": "https://www.google.com/maps/@?api\u003d1\u0026map_action\u003dmap\u0026center\u003d46.526846,6.631483\u0026zoom\u003d11",
    "source": "D\u0027après votre historique d\u0027activité"
  }]
},{
  "header": "Discover",
  "title": "8 cartes dans votre flux",
  "subtitles": [{
    "name": "Basketball"
  }, {
    "name": "Divertissement"
  }, {
    "name": "Dofus - consultée"
  }, {
    "name": "House of the Dragon"
  }, {
    "name": "L\u0027Attaque des Titans"
  }, {
    "name": "Smartphone"
  }, {
    "name": "Sport - consultée"
  }, {
    "name": "Technologie"
  }],
  "time": "2022-04-02T11:03:34.471Z",
  "products": ["Discover"],
  "activityControls": ["Activité sur le Web et les applications"],
  "locationInfos": [{
    "name": "Dans cette zone générale",
    "url": "https://www.google.com/maps/@?api\u003d1\u0026map_action\u003dmap\u0026center\u003d46.236243,6.654632\u0026zoom\u003d10",
    "source": "D\u0027après votre historique d\u0027activité"
  }]
},{
  "header": "Discover",
  "title": "14 cartes dans votre flux",
  "subtitles": [{
    "name": "Anime"
  }, {
    "name": "Basketball"
  }, {
    "name": "Divertissement"
  }, {
    "name": "Dofus"
  }, {
    "name": "Éducateur"
  }, {
    "name": "Jeu - consultée"
  }, {
    "name": "Jeu vidéo"
  }, {
    "name": "Marché - consultée"
  }, {
    "name": "Politique"
  }, {
    "name": "Programmation informatique"
  }, {
    "name": "Science"
  }, {
    "name": "Sport"
  }, {
    "name": "Université de Lausanne - consultée"
  }, {
    "name": "World of Warcraft"
  }],
  "time": "2022-04-01T14:17:18.819Z",
  "products": ["Discover"],
  "activityControls": ["Activité sur le Web et les applications"],
  "locationInfos": [{
    "name": "Dans cette zone générale",
    "url": "https://www.google.com/maps/@?api\u003d1\u0026map_action\u003dmap\u0026center\u003d46.526846,6.631483\u0026zoom\u003d12",
    "source": "D\u0027après votre historique d\u0027activité"
  }]
},{
  "header": "Discover",
  "title": "8 cartes dans votre flux",
  "subtitles": [{
    "name": "Divertissement"
  }, {
    "name": "Festival de Dour"
  }, {
    "name": "Jeu"
  }, {
    "name": "Jeu vidéo"
  }, {
    "name": "Paléo Festival"
  }, {
    "name": "Programmation informatique - consultée"
  }, {
    "name": "Science"
  }, {
    "name": "Technologie - consultée"
  }],
  "time": "2022-03-30T21:00:12.415Z",
  "products": ["Discover"],
  "activityControls": ["Activité sur le Web et les applications"],
  "locationInfos": [{
    "name": "Dans cette zone générale",
    "url": "https://www.google.com/maps/@?api\u003d1\u0026map_action\u003dmap\u0026center\u003d46.526879,6.631672\u0026zoom\u003d10",
    "source": "D\u0027après votre historique d\u0027activité"
  }]
},{
  "header": "Discover",
  "title": "14 cartes dans votre flux",
  "subtitles": [{
    "name": "Anime"
  }, {
    "name": "Défenestration"
  }, {
    "name": "Divertissement"
  }, {
    "name": "France"
  }, {
    "name": "Jeu"
  }, {
    "name": "Jeu vidéo"
  }, {
    "name": "Mode"
  }, {
    "name": "Monnaie"
  }, {
    "name": "Politique"
  }, {
    "name": "Sauce piquante"
  }, {
    "name": "Sport"
  }, {
    "name": "Sûreté"
  }, {
    "name": "Technologie"
  }, {
    "name": "Ukraine"
  }],
  "time": "2022-03-28T20:42:41.409Z",
  "products": ["Discover"],
  "activityControls": ["Activité sur le Web et les applications"],
  "locationInfos": [{
    "name": "Dans cette zone générale",
    "url": "https://www.google.com/maps/@?api\u003d1\u0026map_action\u003dmap\u0026center\u003d46.526879,6.631672\u0026zoom\u003d11",
    "source": "D\u0027après votre historique d\u0027activité"
  }, {
    "name": "Dans cette zone générale",
    "url": "https://www.google.com/maps/@?api\u003d1\u0026map_action\u003dmap\u0026center\u003d46.524006,6.628966\u0026zoom\u003d11",
    "source": "D\u0027après votre historique d\u0027activité"
  }]
},{
  "header": "Discover",
  "title": "15 cartes dans votre flux",
  "subtitles": [{
    "name": "Anime"
  }, {
    "name": "Cristina Córdula"
  }, {
    "name": "Divertissement"
  }, {
    "name": "Haute-Savoie"
  }, {
    "name": "Japon - consultée"
  }, {
    "name": "Jeu - consultée"
  }, {
    "name": "Jeu vidéo"
  }, {
    "name": "Montreux"
  }, {
    "name": "Nature"
  }, {
    "name": "Robotique"
  }, {
    "name": "Sport"
  }, {
    "name": "Summoners War: Sky Arena"
  }, {
    "name": "Surdoué - consultée"
  }, {
    "name": "Technologie"
  }, {
    "name": "Ukraine"
  }],
  "time": "2022-03-27T21:49:58.309Z",
  "products": ["Discover"],
  "activityControls": ["Activité sur le Web et les applications"],
  "locationInfos": [{
    "name": "Dans cette zone générale",
    "url": "https://www.google.com/maps/@?api\u003d1\u0026map_action\u003dmap\u0026center\u003d46.526838,6.631470\u0026zoom\u003d9",
    "source": "D\u0027après votre historique d\u0027activité"
  }]
},{
  "header": "Discover",
  "title": "7 cartes dans votre flux",
  "subtitles": [{
    "name": "Divertissement"
  }, {
    "name": "Dofus"
  }, {
    "name": "Guerre - consultée"
  }, {
    "name": "Jeu"
  }, {
    "name": "Le Point - consultée"
  }, {
    "name": "Robotique"
  }, {
    "name": "Technologie"
  }],
  "time": "2022-03-26T22:27:13.779Z",
  "products": ["Discover"],
  "activityControls": ["Activité sur le Web et les applications"],
  "locationInfos": [{
    "name": "Dans cette zone générale",
    "url": "https://www.google.com/maps/@?api\u003d1\u0026map_action\u003dmap\u0026center\u003d46.235648,6.655181\u0026zoom\u003d10",
    "source": "D\u0027après votre historique d\u0027activité"
  }]
},{
  "header": "Discover",
  "title": "10 cartes dans votre flux",
  "subtitles": [{
    "name": "Corée du Nord"
  }, {
    "name": "Divertissement"
  }, {
    "name": "Elden Ring"
  }, {
    "name": "Jeu - consultée"
  }, {
    "name": "Jeu vidéo"
  }, {
    "name": "Le Parisien - Aujourd\u0027hui en France"
  }, {
    "name": "Politique - consultée"
  }, {
    "name": "Robotique"
  }, {
    "name": "Smartphone"
  }, {
    "name": "Technologie"
  }],
  "time": "2022-03-25T20:09:03.254Z",
  "products": ["Discover"],
  "activityControls": ["Activité sur le Web et les applications"],
  "locationInfos": [{
    "name": "Dans cette zone générale",
    "url": "https://www.google.com/maps/@?api\u003d1\u0026map_action\u003dmap\u0026center\u003d46.235648,6.655181\u0026zoom\u003d11",
    "source": "D\u0027après votre historique d\u0027activité"
  }]
},{
  "header": "Discover",
  "title": "15 cartes dans votre flux",
  "subtitles": [{
    "name": "Anime"
  }, {
    "name": "Arcane"
  }, {
    "name": "Blind test"
  }, {
    "name": "Corée du Nord - consultée"
  }, {
    "name": "Divertissement"
  }, {
    "name": "Éric Zemmour"
  }, {
    "name": "HugoDécrypte - Actus du jour"
  }, {
    "name": "Jeu"
  }, {
    "name": "Jeu vidéo - consultée"
  }, {
    "name": "Missile nucléaire"
  }, {
    "name": "Mode de vie"
  }, {
    "name": "Netflix"
  }, {
    "name": "Sport - consultée"
  }, {
    "name": "Technologie"
  }, {
    "name": "The Legend of Zelda: Breath of the Wild"
  }],
  "time": "2022-03-24T19:05:29.978Z",
  "products": ["Discover"],
  "activityControls": ["Activité sur le Web et les applications"],
  "locationInfos": [{
    "name": "Dans cette zone générale",
    "url": "https://www.google.com/maps/@?api\u003d1\u0026map_action\u003dmap\u0026center\u003d46.526879,6.631672\u0026zoom\u003d11",
    "source": "D\u0027après votre historique d\u0027activité"
  }]
},{
  "header": "Discover",
  "title": "7 cartes dans votre flux",
  "subtitles": [{
    "name": "Divertissement"
  }, {
    "name": "Elden Ring"
  }, {
    "name": "Jeu - consultée"
  }, {
    "name": "Jeu vidéo"
  }, {
    "name": "Mode de vie"
  }, {
    "name": "Netflix - consultée"
  }, {
    "name": "Technologie"
  }],
  "time": "2022-03-23T21:04:14.465Z",
  "products": ["Discover"],
  "activityControls": ["Activité sur le Web et les applications"],
  "locationInfos": [{
    "name": "Dans cette zone générale",
    "url": "https://www.google.com/maps/@?api\u003d1\u0026map_action\u003dmap\u0026center\u003d46.526879,6.631672\u0026zoom\u003d11",
    "source": "D\u0027après votre historique d\u0027activité"
  }]
},{
  "header": "Discover",
  "title": "6 cartes dans votre flux",
  "subtitles": [{
    "name": "Divertissement"
  }, {
    "name": "Fitness"
  }, {
    "name": "Jeu"
  }, {
    "name": "Netflix"
  }, {
    "name": "Programmation informatique - consultée"
  }, {
    "name": "Summoners War: Sky Arena"
  }],
  "time": "2022-03-21T20:19:40.038Z",
  "products": ["Discover"],
  "activityControls": ["Activité sur le Web et les applications"],
  "locationInfos": [{
    "name": "Dans cette zone générale",
    "url": "https://www.google.com/maps/@?api\u003d1\u0026map_action\u003dmap\u0026center\u003d46.526838,6.631470\u0026zoom\u003d11",
    "source": "D\u0027après votre historique d\u0027activité"
  }]
},{
  "header": "Discover",
  "title": "13 cartes dans votre flux",
  "subtitles": [{
    "name": "Divertissement"
  }, {
    "name": "Dofus"
  }, {
    "name": "James-Webb"
  }, {
    "name": "Jeu"
  }, {
    "name": "Jeu vidéo"
  }, {
    "name": "McFly et Carlito - consultée"
  }, {
    "name": "Mode"
  }, {
    "name": "Nourriture"
  }, {
    "name": "Président de Corée du Sud"
  }, {
    "name": "Programmation informatique"
  }, {
    "name": "Sport - consultée"
  }, {
    "name": "Temps"
  }, {
    "name": "Véhicule"
  }],
  "time": "2022-03-18T18:55:27.566Z",
  "products": ["Discover"],
  "activityControls": ["Activité sur le Web et les applications"],
  "locationInfos": [{
    "name": "Dans cette zone générale",
    "url": "https://www.google.com/maps/@?api\u003d1\u0026map_action\u003dmap\u0026center\u003d46.526879,6.631672\u0026zoom\u003d11",
    "source": "D\u0027après votre historique d\u0027activité"
  }]
},{
  "header": "Discover",
  "title": "14 cartes dans votre flux",
  "subtitles": [{
    "name": "Condition physique"
  }, {
    "name": "Divertissement"
  }, {
    "name": "Dofus"
  }, {
    "name": "Élection présidentielle française de 2022"
  }, {
    "name": "Jeu - consultée"
  }, {
    "name": "Jeu vidéo"
  }, {
    "name": "League of Legends - consultée"
  }, {
    "name": "Nourriture"
  }, {
    "name": "Programmation informatique"
  }, {
    "name": "Santé"
  }, {
    "name": "Summoners War: Sky Arena"
  }, {
    "name": "Technologie"
  }, {
    "name": "Vladimir Komarov"
  }, {
    "name": "1 autre carte"
  }],
  "time": "2022-03-16T19:17:44.301Z",
  "products": ["Discover"],
  "activityControls": ["Activité sur le Web et les applications"],
  "locationInfos": [{
    "name": "Dans cette zone générale",
    "url": "https://www.google.com/maps/@?api\u003d1\u0026map_action\u003dmap\u0026center\u003d46.526846,6.631483\u0026zoom\u003d12",
    "source": "D\u0027après votre historique d\u0027activité"
  }]
},{
  "header": "Discover",
  "title": "15 cartes dans votre flux",
  "subtitles": [{
    "name": "Arcane - consultée"
  }, {
    "name": "Divertissement"
  }, {
    "name": "Dofus"
  }, {
    "name": "Fitness"
  }, {
    "name": "Jeu"
  }, {
    "name": "Jeu de rôle"
  }, {
    "name": "McFly et Carlito - consultée"
  }, {
    "name": "Mia Ikumi"
  }, {
    "name": "Nourriture"
  }, {
    "name": "Sport"
  }, {
    "name": "Summoners War: Sky Arena"
  }, {
    "name": "Technologie"
  }, {
    "name": "Vladimir Komarov"
  }, {
    "name": "2 autres cartes"
  }],
  "time": "2022-03-15T20:43:41.477Z",
  "products": ["Discover"],
  "activityControls": ["Activité sur le Web et les applications"],
  "locationInfos": [{
    "name": "Dans cette zone générale",
    "url": "https://www.google.com/maps/@?api\u003d1\u0026map_action\u003dmap\u0026center\u003d46.529443,6.586446\u0026zoom\u003d12",
    "source": "D\u0027après votre historique d\u0027activité"
  }]
},{
  "header": "Discover",
  "title": "12 cartes dans votre flux",
  "subtitles": [{
    "name": "Arcane - consultée"
  }, {
    "name": "Divertissement"
  }, {
    "name": "Dofus"
  }, {
    "name": "Fitness"
  }, {
    "name": "Jeu"
  }, {
    "name": "Jeu de rôle"
  }, {
    "name": "L\u0027Attaque des Titans"
  }, {
    "name": "McFly et Carlito"
  }, {
    "name": "Science"
  }, {
    "name": "Sport - consultée"
  }, {
    "name": "Summoners War: Sky Arena"
  }, {
    "name": "Technologie"
  }],
  "time": "2022-03-14T20:59:27.037Z",
  "products": ["Discover"],
  "activityControls": ["Activité sur le Web et les applications"]
},{
  "header": "Discover",
  "title": "18 cartes dans votre flux",
  "subtitles": [{
    "name": "Automobile"
  }, {
    "name": "Condition physique"
  }, {
    "name": "Cuisson des aliments"
  }, {
    "name": "Divertissement"
  }, {
    "name": "Dofus"
  }, {
    "name": "Elle"
  }, {
    "name": "Finance"
  }, {
    "name": "Jeu - consultée"
  }, {
    "name": "Jeu vidéo"
  }, {
    "name": "L\u0027Attaque des Titans"
  }, {
    "name": "League of Legends - consultée"
  }, {
    "name": "McFly et Carlito - consultée"
  }, {
    "name": "Minecraft"
  }, {
    "name": "Programmation informatique"
  }, {
    "name": "Science"
  }, {
    "name": "Séisme"
  }, {
    "name": "Summoners War: Sky Arena"
  }, {
    "name": "1 autre carte"
  }],
  "time": "2022-03-13T20:13:50.168Z",
  "products": ["Discover"],
  "activityControls": ["Activité sur le Web et les applications"]
},{
  "header": "Discover",
  "title": "8 cartes dans votre flux",
  "subtitles": [{
    "name": "Condition physique"
  }, {
    "name": "Hajime Isayama - consultée"
  }, {
    "name": "Jeu"
  }, {
    "name": "Jeu de société"
  }, {
    "name": "League of Legends - consultée"
  }, {
    "name": "Nourriture"
  }, {
    "name": "Programmation informatique"
  }, {
    "name": "Summoners War: Sky Arena"
  }],
  "time": "2022-03-12T19:27:39.452Z",
  "products": ["Discover"],
  "activityControls": ["Activité sur le Web et les applications"]
},{
  "header": "Discover",
  "title": "8 cartes dans votre flux",
  "subtitles": [{
    "name": "Divertissement"
  }, {
    "name": "Dofus"
  }, {
    "name": "Japon"
  }, {
    "name": "Jeu"
  }, {
    "name": "Jeu vidéo - consultée"
  }, {
    "name": "L\u0027Attaque des Titans"
  }, {
    "name": "McFly et Carlito"
  }, {
    "name": "Sport"
  }],
  "time": "2022-03-11T19:50:12.951Z",
  "products": ["Discover"],
  "activityControls": ["Activité sur le Web et les applications"]
},{
  "header": "Discover",
  "title": "8 cartes dans votre flux",
  "subtitles": [{
    "name": "Automobile"
  }, {
    "name": "Café"
  }, {
    "name": "Divertissement"
  }, {
    "name": "McFly et Carlito - consultée"
  }, {
    "name": "Santé"
  }, {
    "name": "Sneakers"
  }, {
    "name": "Summoners War: Sky Arena"
  }, {
    "name": "Ukraine"
  }],
  "time": "2022-03-08T22:45:13.001Z",
  "products": ["Discover"],
  "activityControls": ["Activité sur le Web et les applications"]
},{
  "header": "Discover",
  "title": "11 cartes dans votre flux",
  "subtitles": [{
    "name": "Anime - consultée"
  }, {
    "name": "Condition physique"
  }, {
    "name": "Divertissement"
  }, {
    "name": "Dofus"
  }, {
    "name": "Jeu - consultée"
  }, {
    "name": "League of Legends"
  }, {
    "name": "McFly et Carlito - consultée"
  }, {
    "name": "Nourriture"
  }, {
    "name": "Smartphone"
  }, {
    "name": "Sport"
  }, {
    "name": "Summoners War: Sky Arena"
  }],
  "time": "2022-03-07T21:19:53.644Z",
  "products": ["Discover"],
  "activityControls": ["Activité sur le Web et les applications"]
},{
  "header": "Discover",
  "title": "6 cartes dans votre flux",
  "subtitles": [{
    "name": "Anime"
  }, {
    "name": "Divertissement"
  }, {
    "name": "Jeu - consultée"
  }, {
    "name": "Sport"
  }, {
    "name": "Summoners War: Sky Arena"
  }, {
    "name": "Transport"
  }],
  "time": "2022-03-06T11:26:48.071Z",
  "products": ["Discover"],
  "activityControls": ["Activité sur le Web et les applications"]
},{
  "header": "Discover",
  "title": "7 cartes dans votre flux",
  "subtitles": [{
    "name": "Divertissement"
  }, {
    "name": "Fitness"
  }, {
    "name": "Jeu - consultée"
  }, {
    "name": "Jeu vidéo"
  }, {
    "name": "Summoners War: Sky Arena"
  }, {
    "name": "2 autres cartes"
  }],
  "time": "2022-03-05T19:54:26.148Z",
  "products": ["Discover"],
  "activityControls": ["Activité sur le Web et les applications"]
},{
  "header": "Discover",
  "title": "7 cartes dans votre flux",
  "subtitles": [{
    "name": "Adrien Nougaret"
  }, {
    "name": "Divertissement"
  }, {
    "name": "Jeu"
  }, {
    "name": "Jeu vidéo"
  }, {
    "name": "Lune"
  }, {
    "name": "Sport"
  }, {
    "name": "Télévision"
  }],
  "time": "2022-03-04T18:58:23.776Z",
  "products": ["Discover"],
  "activityControls": ["Activité sur le Web et les applications"]
}]