[{"media": [{"title": "Cover task artist left less pretty.", "creation_timestamp": 1609544948, "media_metadata": {"photo_metadata": {"exif_data": [{"latitude": -15.21194, "longitude": -75.11028}]}}}]}, {"media": [{"title": "Their left fast degree knowledge.", "creation_timestamp": 1615804349, "media_metadata": {"photo_metadata": {"exif_data": [{"latitude": -27.76952, "longitude": 30.79165}]}}}]}, {"media": [{"title": "Hospital billion player safe sure.", "creation_timestamp": 1613012361, "media_metadata": {"photo_metadata": {"exif_data": [{"latitude": 37.08819, "longitude": -8.2503}]}}}]}, {"media": [{"title": "Fall TV reality music four huge some.", "creation_timestamp": 1559410085, "media_metadata": {"photo_metadata": {"exif_data": [{"latitude": 48.07667, "longitude": 8.64409}]}}}]}, {"media": [{"title": "Young full star back else eight.", "creation_timestamp": 1594697780, "media_metadata": {"photo_metadata": {"exif_data": [{"latitude": 35.8, "longitude": 137.23333}]}}}]}, {"media": [{"title": "Around trial pass.", "creation_timestamp": 1533205012, "media_metadata": {"photo_metadata": {"exif_data": [{"latitude": 51.26, "longitude": -2.1875}]}}}]}, {"media": [{"title": "Shake than start time decade.", "creation_timestamp": 1519725385, "media_metadata": {"photo_metadata": {"exif_data": [{"latitude": 11.93381, "longitude": 79.82979}]}}}]}, {"media": [{"title": "Over billion nor choice civil plant.", "creation_timestamp": 1612250213, "media_metadata": {"photo_metadata": {"exif_data": [{"latitude": 35.06544, "longitude": 1.04945}]}}}]}, {"media": [{"title": "Create pick meeting least head six close.", "creation_timestamp": 1672794000, "media_metadata": {"photo_metadata": {"exif_data": [{"latitude": 14.67751, "longitude": -60.94228}]}}}]}, {"media": [{"title": "Mrs fact method state hard career.", "creation_timestamp": 1580339357, "media_metadata": {"photo_metadata": {"exif_data": [{"latitude": 30.81383, "longitude": 75.16878}]}}}]}, {"media": [{"title": "Too popular often today.", "creation_timestamp": 1624707009, "media_metadata": {"photo_metadata": {"exif_data": [{"latitude": 28.92694, "longitude": 78.23456}]}}}]}, {"media": [{"title": "Money sit yes will author usually according.", "creation_timestamp": 1588605903, "media_metadata": {"photo_metadata": {"exif_data": [{"latitude": 54.60528, "longitude": 18.34717}]}}}]}, {"media": [{"title": "Level move little.", "creation_timestamp": 1603681982, "media_metadata": {"photo_metadata": {"exif_data": [{"latitude": 39.43534, "longitude": -84.20299}]}}}]}, {"media": [{"title": "This to table leader view its surface.", "creation_timestamp": 1527943491, "media_metadata": {"photo_metadata": {"exif_data": [{"latitude": -1.26753, "longitude": 116.82887}]}}}]}, {"media": [{"title": "Environmental goal music energy either agree rather.", "creation_timestamp": 1658253954, "media_metadata": {"photo_metadata": {"exif_data": [{"latitude": 25.87498, "longitude": 86.59611}]}}}]}, {"media": [{"title": "By black as scientist collection.", "creation_timestamp": 1671931807, "media_metadata": {"photo_metadata": {"exif_data": [{"latitude": 31.12406, "longitude": -97.90308}]}}}]}, {"media": [{"title": "Need be field reason only.", "creation_timestamp": 1611981754, "media_metadata": {"photo_metadata": {"exif_data": [{"latitude": 32.17629, "longitude": 75.06583}]}}}]}, {"media": [{"title": "Candidate character interest may.", "creation_timestamp": 1667835771, "media_metadata": {"photo_metadata": {"exif_data": [{"latitude": -17.73648, "longitude": 168.31366}]}}}]}, {"media": [{"title": "Others consumer research leave song push.", "creation_timestamp": 1649729763, "media_metadata": {"photo_metadata": {"exif_data": [{"latitude": 18.51957, "longitude": 73.85535}]}}}]}, {"media": [{"title": "Cold visit place story.", "creation_timestamp": 1654088620, "media_metadata": {"photo_metadata": {"exif_data": [{"latitude": 52.53048, "longitude": 13.29371}]}}}]}, {"media": [{"title": "Change trade everyone she animal drop.", "creation_timestamp": 1633305663, "media_metadata": {"photo_metadata": {"exif_data": [{"latitude": 34.06635, "longitude": -84.67837}]}}}]}, {"media": [{"title": "Will reason understand.", "creation_timestamp": 1625961119, "media_metadata": {"photo_metadata": {"exif_data": [{"latitude": 32.52515, "longitude": -93.75018}]}}}]}, {"media": [{"title": "Send cover list.", "creation_timestamp": 1538438841, "media_metadata": {"photo_metadata": {"exif_data": [{"latitude": 39.09112, "longitude": -94.41551}]}}}]}, {"media": [{"title": "Affect class forget before boy recent arrive.", "creation_timestamp": 1529830737, "media_metadata": {"photo_metadata": {"exif_data": [{"latitude": -7.0981, "longitude": 109.3243}]}}}]}, {"media": [{"title": "Although attack body Mr serious under reach must.", "creation_timestamp": 1617305262, "media_metadata": {"photo_metadata": {"exif_data": [{"latitude": 41.72059, "longitude": -87.70172}]}}}]}, {"media": [{"title": "Front bit draw nearly.", "creation_timestamp": 1529683115, "media_metadata": {"photo_metadata": {"exif_data": [{"latitude": 44.97639, "longitude": 19.61222}]}}}]}, {"media": [{"title": "Lose draw meet action rise feeling let.", "creation_timestamp": 1517870770, "media_metadata": {"photo_metadata": {"exif_data": [{"latitude": 50.20528, "longitude": 19.27498}]}}}]}, {"media": [{"title": "Ago reduce section trip model center.", "creation_timestamp": 1567889911, "media_metadata": {"photo_metadata": {"exif_data": [{"latitude": 10.29085, "longitude": 105.75635}]}}}]}, {"media": [{"title": "Individual bring whose role control executive team.", "creation_timestamp": 1669774838, "media_metadata": {"photo_metadata": {"exif_data": [{"latitude": -34.28853, "longitude": 146.05093}]}}}]}, {"media": [{"title": "Why hundred bill notice hospital wife.", "creation_timestamp": 1538215938, "media_metadata": {"photo_metadata": {"exif_data": [{"latitude": 21.46527, "longitude": 83.97573}]}}}]}, {"media": [{"title": "Would compare child.", "creation_timestamp": 1567041341, "media_metadata": {"photo_metadata": {"exif_data": [{"latitude": 23.07492, "longitude": 88.28637}]}}}]}, {"media": [{"title": "Allow raise spring home consumer.", "creation_timestamp": 1629210311, "media_metadata": {"photo_metadata": {"exif_data": [{"latitude": 51.78967, "longitude": 1.15597}]}}}]}, {"media": [{"title": "Hard onto agree test policy actually.", "creation_timestamp": 1520787610, "media_metadata": {"photo_metadata": {"exif_data": [{"latitude": 47.46657, "longitude": 84.87144}]}}}]}, {"media": [{"title": "Hear challenge final art indeed movie.", "creation_timestamp": 1608385449, "media_metadata": {"photo_metadata": {"exif_data": [{"latitude": 40.65538, "longitude": -74.38987}]}}}]}, {"media": [{"title": "Class future first want.", "creation_timestamp": 1633581559, "media_metadata": {"photo_metadata": {"exif_data": [{"latitude": 54.52156, "longitude": 9.5586}]}}}]}, {"media": [{"title": "Chance factor should me style religious everybody those.", "creation_timestamp": 1526957915, "media_metadata": {"photo_metadata": {"exif_data": [{"latitude": 38.55632, "longitude": 69.01354}]}}}]}, {"media": [{"title": "Deep decade general appear ball always measure.", "creation_timestamp": 1569906950, "media_metadata": {"photo_metadata": {"exif_data": [{"latitude": 41.09246, "longitude": 45.36561}]}}}]}, {"media": [{"title": "Focus body tax section present husband.", "creation_timestamp": 1582015303, "media_metadata": {"photo_metadata": {"exif_data": [{"latitude": 40.98894, "longitude": 28.67582}]}}}]}, {"media": [{"title": "Task however better should car debate store.", "creation_timestamp": 1643782255, "media_metadata": {"photo_metadata": {"exif_data": [{"latitude": 41.20485, "longitude": -8.33147}]}}}]}, {"media": [{"title": "Soldier accept investment up could difficult.", "creation_timestamp": 1641455057, "media_metadata": {"photo_metadata": {"exif_data": [{"latitude": 18.87813, "longitude": 72.93924}]}}}]}, {"media": [{"title": "Speak huge article institution law experience.", "creation_timestamp": 1638901035, "media_metadata": {"photo_metadata": {"exif_data": [{"latitude": -27.50578, "longitude": 153.10236}]}}}]}, {"media": [{"title": "Range today opportunity discover voice.", "creation_timestamp": 1526711940, "media_metadata": {"photo_metadata": {"exif_data": [{"latitude": 51.21667, "longitude": 6.26667}]}}}]}, {"media": [{"title": "Far send best turn by.", "creation_timestamp": 1605278740, "media_metadata": {"photo_metadata": {"exif_data": [{"latitude": 6.9909, "longitude": 79.883}]}}}]}, {"media": [{"title": "Republican him art field join bill majority almost.", "creation_timestamp": 1550803369, "media_metadata": {"photo_metadata": {"exif_data": [{"latitude": 19.32889, "longitude": -99.32556}]}}}]}, {"media": [{"title": "Smile late herself military water where.", "creation_timestamp": 1548386301, "media_metadata": {"photo_metadata": {"exif_data": [{"latitude": 48.43174, "longitude": 17.8031}]}}}]}, {"media": [{"title": "Raise cell work reduce operation operation.", "creation_timestamp": 1605309105, "media_metadata": {"photo_metadata": {"exif_data": [{"latitude": 51.64316, "longitude": -0.36053}]}}}]}, {"media": [{"title": "Eat return purpose figure under guess.", "creation_timestamp": 1664741848, "media_metadata": {"photo_metadata": {"exif_data": [{"latitude": 7.65649, "longitude": 4.92235}]}}}]}, {"media": [{"title": "Wrong seven clear personal make.", "creation_timestamp": 1638797431, "media_metadata": {"photo_metadata": {"exif_data": [{"latitude": 48.35693, "longitude": 10.98461}]}}}]}, {"media": [{"title": "Carry with street late whose dark majority program.", "creation_timestamp": 1570753870, "media_metadata": {"photo_metadata": {"exif_data": [{"latitude": 34.5624, "longitude": 38.28402}]}}}]}, {"media": [{"title": "Article enough attention turn never adult.", "creation_timestamp": 1588646900, "media_metadata": {"photo_metadata": {"exif_data": [{"latitude": 22.49396, "longitude": -105.36369}]}}}]}, {"media": [{"title": "Little assume discussion away who ten under.", "creation_timestamp": 1647616503, "media_metadata": {"photo_metadata": {"exif_data": [{"latitude": 52.4581, "longitude": 13.28702}]}}}]}, {"media": [{"title": "Real there apply dream figure.", "creation_timestamp": 1528953571, "media_metadata": {"photo_metadata": {"exif_data": [{"latitude": 52.21099, "longitude": 7.02238}]}}}]}, {"media": [{"title": "Accept far pressure spend Mrs.", "creation_timestamp": 1528569208, "media_metadata": {"photo_metadata": {"exif_data": [{"latitude": 53.37596, "longitude": 51.3452}]}}}]}, {"media": [{"title": "Security note garden above huge realize become.", "creation_timestamp": 1656716464, "media_metadata": {"photo_metadata": {"exif_data": [{"latitude": 24.28859, "longitude": 116.11768}]}}}]}, {"media": [{"title": "Quite while serve.", "creation_timestamp": 1615918948, "media_metadata": {"photo_metadata": {"exif_data": [{"latitude": 32.65246, "longitude": 51.67462}]}}}]}, {"media": [{"title": "Name garden suddenly once around.", "creation_timestamp": 1634237866, "media_metadata": {"photo_metadata": {"exif_data": [{"latitude": 20.21322, "longitude": -100.88023}]}}}]}, {"media": [{"title": "Clear song program last feel life share.", "creation_timestamp": 1581623734, "media_metadata": {"photo_metadata": {"exif_data": [{"latitude": 41.77583, "longitude": 140.73667}]}}}]}, {"media": [{"title": "Together up better American firm around natural couple.", "creation_timestamp": 1525743914, "media_metadata": {"photo_metadata": {"exif_data": [{"latitude": 40.65995, "longitude": -111.99633}]}}}]}, {"media": [{"title": "Send billion show brother lose.", "creation_timestamp": 1611469465, "media_metadata": {"photo_metadata": {"exif_data": [{"latitude": 47.56494, "longitude": 31.33078}]}}}]}, {"media": [{"title": "Skin themselves suddenly.", "creation_timestamp": 1518200588, "media_metadata": {"photo_metadata": {"exif_data": [{"latitude": 51.35084, "longitude": -1.99421}]}}}]}, {"media": [{"title": "Sit continue can while.", "creation_timestamp": 1572821186, "media_metadata": {"photo_metadata": {"exif_data": [{"latitude": 44.22639, "longitude": 22.53083}]}}}]}, {"media": [{"title": "Likely success opportunity finally last think.", "creation_timestamp": 1552717268, "media_metadata": {"photo_metadata": {"exif_data": [{"latitude": 9.91861, "longitude": -68.30472}]}}}]}, {"media": [{"title": "Pick everyone doctor data poor figure.", "creation_timestamp": 1577147323, "media_metadata": {"photo_metadata": {"exif_data": [{"latitude": 27.85, "longitude": 112.9}]}}}]}, {"media": [{"title": "Happy carry reflect choice ok.", "creation_timestamp": 1595206916, "media_metadata": {"photo_metadata": {"exif_data": [{"latitude": 33.42585, "longitude": -6.00137}]}}}]}, {"media": [{"title": "Own born clear similar relationship.", "creation_timestamp": 1541469503, "media_metadata": {"photo_metadata": {"exif_data": [{"latitude": 32.65246, "longitude": 51.67462}]}}}]}, {"media": [{"title": "Hand fund trial hold in newspaper.", "creation_timestamp": 1647440647, "media_metadata": {"photo_metadata": {"exif_data": [{"latitude": 27.55898, "longitude": 68.21204}]}}}]}, {"media": [{"title": "Middle concern gas drug guy structure prepare.", "creation_timestamp": 1586740495, "media_metadata": {"photo_metadata": {"exif_data": [{"latitude": 48.25, "longitude": 16.4}]}}}]}, {"media": [{"title": "Animal hit response power page.", "creation_timestamp": 1616783933, "media_metadata": {"photo_metadata": {"exif_data": [{"latitude": 43.86682, "longitude": -79.2663}]}}}]}, {"media": [{"title": "She family sport game all their evidence.", "creation_timestamp": 1598483368, "media_metadata": {"photo_metadata": {"exif_data": [{"latitude": -28.44917, "longitude": -52.2}]}}}]}, {"media": [{"title": "Whatever door suffer night.", "creation_timestamp": 1630884027, "media_metadata": {"photo_metadata": {"exif_data": [{"latitude": 53.53333, "longitude": -7.35}]}}}]}, {"media": [{"title": "Body may pick social body right enough.", "creation_timestamp": 1627995888, "media_metadata": {"photo_metadata": {"exif_data": [{"latitude": 53.16167, "longitude": 6.76111}]}}}]}, {"media": [{"title": "Address without particularly suddenly such put.", "creation_timestamp": 1528985099, "media_metadata": {"photo_metadata": {"exif_data": [{"latitude": 24.28859, "longitude": 116.11768}]}}}]}, {"media": [{"title": "Hand need arm the.", "creation_timestamp": 1528955514, "media_metadata": {"photo_metadata": {"exif_data": [{"latitude": -36.9256, "longitude": -73.02841}]}}}]}, {"media": [{"title": "First administration herself question various list part process.", "creation_timestamp": 1634122626, "media_metadata": {"photo_metadata": {"exif_data": [{"latitude": 33.52253, "longitude": -117.70755}]}}}]}, {"media": [{"title": "Always shoulder organization customer network man hundred.", "creation_timestamp": 1649591839, "media_metadata": {"photo_metadata": {"exif_data": [{"latitude": 12.04161, "longitude": 75.35927}]}}}]}, {"media": [{"title": "Trade attention majority production seat set.", "creation_timestamp": 1663125369, "media_metadata": {"photo_metadata": {"exif_data": [{"latitude": 30.5427, "longitude": -97.54667}]}}}]}, {"media": [{"title": "Goal agent responsibility prove.", "creation_timestamp": 1578925000, "media_metadata": {"photo_metadata": {"exif_data": [{"latitude": 45.79377, "longitude": 8.88104}]}}}]}, {"media": [{"title": "Doctor sister need food evening.", "creation_timestamp": 1643532906, "media_metadata": {"photo_metadata": {"exif_data": [{"latitude": 43.32393, "longitude": 5.4584}]}}}]}, {"media": [{"title": "Expert radio try down realize think full.", "creation_timestamp": 1533891254, "media_metadata": {"photo_metadata": {"exif_data": [{"latitude": 41.66394, "longitude": -83.55521}]}}}]}, {"media": [{"title": "Speak change foreign page space.", "creation_timestamp": 1589228171, "media_metadata": {"photo_metadata": {"exif_data": [{"latitude": 10.63504, "longitude": -85.43772}]}}}]}, {"media": [{"title": "Civil medical particular case easy particularly.", "creation_timestamp": 1666058284, "media_metadata": {"photo_metadata": {"exif_data": [{"latitude": 59.80917, "longitude": 30.38167}]}}}]}, {"media": [{"title": "Direction down end lot look company.", "creation_timestamp": 1541234202, "media_metadata": {"photo_metadata": {"exif_data": [{"latitude": 42.4251, "longitude": -71.06616}]}}}]}, {"media": [{"title": "Also between body however tend live.", "creation_timestamp": 1649429187, "media_metadata": {"photo_metadata": {"exif_data": [{"latitude": 3.02013, "longitude": 30.91105}]}}}]}, {"media": [{"title": "Find kitchen through down arrive remain.", "creation_timestamp": 1537783597, "media_metadata": {"photo_metadata": {"exif_data": [{"latitude": 51.20219, "longitude": 7.36027}]}}}]}, {"media": [{"title": "Girl modern have report keep ago.", "creation_timestamp": 1527437063, "media_metadata": {"photo_metadata": {"exif_data": [{"latitude": 11.8659, "longitude": 34.3869}]}}}]}, {"media": [{"title": "The discover attention land success.", "creation_timestamp": 1518725250, "media_metadata": {"photo_metadata": {"exif_data": [{"latitude": 49.97704, "longitude": 9.15214}]}}}]}, {"media": [{"title": "Space table evidence many the effect everybody.", "creation_timestamp": 1552811325, "media_metadata": {"photo_metadata": {"exif_data": [{"latitude": 53.16167, "longitude": 6.76111}]}}}]}, {"media": [{"title": "Feeling their church fire center.", "creation_timestamp": 1604829213, "media_metadata": {"photo_metadata": {"exif_data": [{"latitude": 27.0174, "longitude": 49.62251}]}}}]}, {"media": [{"title": "Hand treatment think window Mrs.", "creation_timestamp": 1594057373, "media_metadata": {"photo_metadata": {"exif_data": [{"latitude": 56.85836, "longitude": 35.90057}]}}}]}, {"media": [{"title": "Community face degree approach.", "creation_timestamp": 1599595830, "media_metadata": {"photo_metadata": {"exif_data": [{"latitude": 37.31309, "longitude": 40.74357}]}}}]}, {"media": [{"title": "Finally need couple really leave report.", "creation_timestamp": 1661966403, "media_metadata": {"photo_metadata": {"exif_data": [{"latitude": 34.86472, "longitude": 117.55417}]}}}]}, {"media": [{"title": "Design them window.", "creation_timestamp": 1608176388, "media_metadata": {"photo_metadata": {"exif_data": [{"latitude": 41.91738, "longitude": 3.1631}]}}}]}, {"media": [{"title": "Single drive per front run.", "creation_timestamp": 1659039099, "media_metadata": {"photo_metadata": {"exif_data": [{"latitude": 50.75932, "longitude": 25.34244}]}}}]}, {"media": [{"title": "Contain popular seat or professor blood.", "creation_timestamp": 1561788331, "media_metadata": {"photo_metadata": {"exif_data": [{"latitude": 37.74615, "longitude": -25.66689}]}}}]}, {"media": [{"title": "Many leg upon space majority employee page.", "creation_timestamp": 1622892873, "media_metadata": {"photo_metadata": {"exif_data": [{"latitude": 55.8736, "longitude": 85.4265}]}}}]}, {"media": [{"title": "Against now office find.", "creation_timestamp": 1545991294, "media_metadata": {"photo_metadata": {"exif_data": [{"latitude": 39.72943, "longitude": -104.83192}]}}}]}, {"media": [{"title": "Wall probably building sea employee American likely.", "creation_timestamp": 1602673523, "media_metadata": {"photo_metadata": {"exif_data": [{"latitude": -7.54972, "longitude": 110.71639}]}}}]}, {"media": [{"title": "Control pick hair despite in.", "creation_timestamp": 1648539899, "media_metadata": {"photo_metadata": {"exif_data": [{"latitude": 32.35126, "longitude": -95.30106}]}}}]}, {"media": [{"title": "Radio medical prove plant left sign father.", "creation_timestamp": 1597042396, "media_metadata": {"photo_metadata": {"exif_data": [{"latitude": 26.2173, "longitude": -80.22588}]}}}]}, {"media": [{"title": "Grow card usually support charge talk.", "creation_timestamp": 1595963749, "media_metadata": {"photo_metadata": {"exif_data": [{"latitude": -5.41667, "longitude": 38.01667}]}}}]}, {"media": [{"title": "Film why hospital minute.", "creation_timestamp": 1669358217, "media_metadata": {"photo_metadata": {"exif_data": [{"latitude": 41.20485, "longitude": -8.33147}]}}}]}, {"media": [{"title": "Act reflect point everything rise.", "creation_timestamp": 1540317912, "media_metadata": {"photo_metadata": {"exif_data": [{"latitude": 29.65163, "longitude": -82.32483}]}}}]}, {"media": [{"title": "Ten even mission term growth single if night.", "creation_timestamp": 1622160148, "media_metadata": {"photo_metadata": {"exif_data": [{"latitude": -7.76667, "longitude": 35.7}]}}}]}, {"media": [{"title": "Personal customer suggest machine.", "creation_timestamp": 1606493419, "media_metadata": {"photo_metadata": {"exif_data": [{"latitude": 14.64056, "longitude": 104.64992}]}}}]}, {"media": [{"title": "Child hand resource make make represent.", "creation_timestamp": 1621228079, "media_metadata": {"photo_metadata": {"exif_data": [{"latitude": 33.98154, "longitude": -81.23621}]}}}]}, {"media": [{"title": "Leave tend start than prove purpose particular food.", "creation_timestamp": 1547017484, "media_metadata": {"photo_metadata": {"exif_data": [{"latitude": 34.09668, "longitude": -117.71978}]}}}]}, {"media": [{"title": "Plan hand yet difference early middle.", "creation_timestamp": 1562989978, "media_metadata": {"photo_metadata": {"exif_data": [{"latitude": 19.21667, "longitude": 73.08333}]}}}]}, {"media": [{"title": "During its west future case improve.", "creation_timestamp": 1618567516, "media_metadata": {"photo_metadata": {"exif_data": [{"latitude": 29.69221, "longitude": 72.54566}]}}}]}, {"media": [{"title": "Less heart improve recognize poor.", "creation_timestamp": 1649239855, "media_metadata": {"photo_metadata": {"exif_data": [{"latitude": 45.78071, "longitude": 12.84052}]}}}]}, {"media": [{"title": "Several open action book reflect lose.", "creation_timestamp": 1543318188, "media_metadata": {"photo_metadata": {"exif_data": [{"latitude": 27.0174, "longitude": 49.62251}]}}}]}, {"media": [{"title": "Generation course do happen.", "creation_timestamp": 1629954933, "media_metadata": {"photo_metadata": {"exif_data": [{"latitude": 52.48173, "longitude": -2.12139}]}}}]}, {"media": [{"title": "Parent event then yeah rather piece.", "creation_timestamp": 1627940220, "media_metadata": {"photo_metadata": {"exif_data": [{"latitude": 53.7446, "longitude": -0.33525}]}}}]}, {"media": [{"title": "Each yet anyone home radio not herself.", "creation_timestamp": 1555384311, "media_metadata": {"photo_metadata": {"exif_data": [{"latitude": 32.52515, "longitude": -93.75018}]}}}]}, {"media": [{"title": "Site scene training American get front.", "creation_timestamp": 1585470504, "media_metadata": {"photo_metadata": {"exif_data": [{"latitude": 41.84364, "longitude": -87.71255}]}}}]}, {"media": [{"title": "Large certainly democratic.", "creation_timestamp": 1533621123, "media_metadata": {"photo_metadata": {"exif_data": [{"latitude": 49.88307, "longitude": -119.48568}]}}}]}, {"media": [{"title": "Machine situation space head heart west majority pull.", "creation_timestamp": 1596455774, "media_metadata": {"photo_metadata": {"exif_data": [{"latitude": -1.9487, "longitude": 30.4347}]}}}]}, {"media": [{"title": "Thus yard sister information.", "creation_timestamp": 1605278246, "media_metadata": {"photo_metadata": {"exif_data": [{"latitude": 61.78491, "longitude": 34.34691}]}}}]}, {"media": [{"title": "Bad pay true.", "creation_timestamp": 1654433143, "media_metadata": {"photo_metadata": {"exif_data": [{"latitude": 41.29444, "longitude": 69.67639}]}}}]}, {"media": [{"title": "Total artist probably anyone.", "creation_timestamp": 1662858593, "media_metadata": {"photo_metadata": {"exif_data": [{"latitude": -7.73379, "longitude": 113.69785}]}}}]}, {"media": [{"title": "It none state PM.", "creation_timestamp": 1623373860, "media_metadata": {"photo_metadata": {"exif_data": [{"latitude": 40.42386, "longitude": -3.53261}]}}}]}, {"media": [{"title": "Style civil candidate study.", "creation_timestamp": 1600596786, "media_metadata": {"photo_metadata": {"exif_data": [{"latitude": 55.85, "longitude": 37.56667}]}}}]}, {"media": [{"title": "Skill eye begin model teach.", "creation_timestamp": 1640157849, "media_metadata": {"photo_metadata": {"exif_data": [{"latitude": 53.51684, "longitude": -113.3187}]}}}]}, {"media": [{"title": "Information cut it.", "creation_timestamp": 1553717536, "media_metadata": {"photo_metadata": {"exif_data": [{"latitude": -17.74431, "longitude": -48.62789}]}}}]}, {"media": [{"title": "Them Congress win quite against field.", "creation_timestamp": 1554278799, "media_metadata": {"photo_metadata": {"exif_data": [{"latitude": 44.98901, "longitude": 38.94324}]}}}]}, {"media": [{"title": "Feel trial increase thousand they.", "creation_timestamp": 1531334398, "media_metadata": {"photo_metadata": {"exif_data": [{"latitude": 41.24255, "longitude": -82.61573}]}}}]}, {"media": [{"title": "Decide reveal month bad especially.", "creation_timestamp": 1628583571, "media_metadata": {"photo_metadata": {"exif_data": [{"latitude": 42.67164, "longitude": 14.01481}]}}}]}, {"media": [{"title": "Court better statement company style one.", "creation_timestamp": 1583501350, "media_metadata": {"photo_metadata": {"exif_data": [{"latitude": 19.8173, "longitude": -97.35992}]}}}]}, {"media": [{"title": "Arrive executive fine bar.", "creation_timestamp": 1533725034, "media_metadata": {"photo_metadata": {"exif_data": [{"latitude": 41.0051, "longitude": -73.78458}]}}}]}, {"media": [{"title": "Street garden with agent president seven another.", "creation_timestamp": 1608345782, "media_metadata": {"photo_metadata": {"exif_data": [{"latitude": 35.8, "longitude": 137.23333}]}}}]}, {"media": [{"title": "You probably police stock.", "creation_timestamp": 1636814870, "media_metadata": {"photo_metadata": {"exif_data": [{"latitude": 23.18, "longitude": 88.58}]}}}]}, {"media": [{"title": "War nation interest meeting administration drive affect.", "creation_timestamp": 1594148105, "media_metadata": {"photo_metadata": {"exif_data": [{"latitude": 32.54044, "longitude": -82.90375}]}}}]}, {"media": [{"title": "Believe single about it his.", "creation_timestamp": 1524242389, "media_metadata": {"photo_metadata": {"exif_data": [{"latitude": 4.2475, "longitude": 9.00472}]}}}]}, {"media": [{"title": "True fund set mean.", "creation_timestamp": 1603642987, "media_metadata": {"photo_metadata": {"exif_data": [{"latitude": 36.81667, "longitude": 117.81667}]}}}]}, {"media": [{"title": "Medical century prove race.", "creation_timestamp": 1555544785, "media_metadata": {"photo_metadata": {"exif_data": [{"latitude": -0.35817, "longitude": 42.54536}]}}}]}, {"media": [{"title": "Like those institution.", "creation_timestamp": 1653710010, "media_metadata": {"photo_metadata": {"exif_data": [{"latitude": 38.07789, "longitude": 13.44275}]}}}]}, {"media": [{"title": "Finish travel five despite heavy radio sort.", "creation_timestamp": 1565492842, "media_metadata": {"photo_metadata": {"exif_data": [{"latitude": 55.54028, "longitude": 89.20083}]}}}]}, {"media": [{"title": "Each cell old mind maybe hear father.", "creation_timestamp": 1548121857, "media_metadata": {"photo_metadata": {"exif_data": [{"latitude": 12.97389, "longitude": 123.99333}]}}}]}, {"media": [{"title": "Produce recognize decision collection choice whose once.", "creation_timestamp": 1584767497, "media_metadata": {"photo_metadata": {"exif_data": [{"latitude": 35.30889, "longitude": 139.55028}]}}}]}, {"media": [{"title": "True president above future player card.", "creation_timestamp": 1591937157, "media_metadata": {"photo_metadata": {"exif_data": [{"latitude": -19.65, "longitude": 47.31667}]}}}]}, {"media": [{"title": "Themselves its describe risk available.", "creation_timestamp": 1667988258, "media_metadata": {"photo_metadata": {"exif_data": [{"latitude": 41.55947, "longitude": 14.66737}]}}}]}, {"media": [{"title": "One government late age later result smile.", "creation_timestamp": 1543950366, "media_metadata": {"photo_metadata": {"exif_data": [{"latitude": 43.16547, "longitude": -77.70066}]}}}]}, {"media": [{"title": "Despite keep region but rate hope look deep.", "creation_timestamp": 1554936085, "media_metadata": {"photo_metadata": {"exif_data": [{"latitude": 32.57756, "longitude": 71.52847}]}}}]}, {"media": [{"title": "Do enter fund century toward simple agree.", "creation_timestamp": 1522473335, "media_metadata": {"photo_metadata": {"exif_data": [{"latitude": 34.63915, "longitude": -120.45794}]}}}]}, {"media": [{"title": "Question simply president once somebody.", "creation_timestamp": 1524012248, "media_metadata": {"photo_metadata": {"exif_data": [{"latitude": 42.22718, "longitude": 14.39024}]}}}]}, {"media": [{"title": "Whole myself know himself.", "creation_timestamp": 1614949560, "media_metadata": {"photo_metadata": {"exif_data": [{"latitude": -3.20333, "longitude": -52.20639}]}}}]}, {"media": [{"title": "Resource win program run party.", "creation_timestamp": 1553273205, "media_metadata": {"photo_metadata": {"exif_data": [{"latitude": 15.73628, "longitude": 75.96976}]}}}]}, {"media": [{"title": "Child political best year debate century.", "creation_timestamp": 1520828190, "media_metadata": {"photo_metadata": {"exif_data": [{"latitude": 28.88162, "longitude": 120.03308}]}}}]}, {"media": [{"title": "Attorney just tough task avoid surface.", "creation_timestamp": 1625253733, "media_metadata": {"photo_metadata": {"exif_data": [{"latitude": -6.48167, "longitude": 106.85417}]}}}]}, {"media": [{"title": "Tax believe follow other.", "creation_timestamp": 1650897353, "media_metadata": {"photo_metadata": {"exif_data": [{"latitude": 14.67751, "longitude": -60.94228}]}}}]}, {"media": [{"title": "Rich him boy shake.", "creation_timestamp": 1605500206, "media_metadata": {"photo_metadata": {"exif_data": [{"latitude": 38.70734, "longitude": -77.02303}]}}}]}, {"media": [{"title": "Remain music move market relationship out institution.", "creation_timestamp": 1575610169, "media_metadata": {"photo_metadata": {"exif_data": [{"latitude": 50.75, "longitude": 2.25}]}}}]}, {"media": [{"title": "Group western commercial feel together general yet.", "creation_timestamp": 1539049046, "media_metadata": {"photo_metadata": {"exif_data": [{"latitude": 16.68911, "longitude": 98.50893}]}}}]}, {"media": [{"title": "Watch century bit agreement rock nice strong.", "creation_timestamp": 1588591587, "media_metadata": {"photo_metadata": {"exif_data": [{"latitude": 33.37526, "longitude": 74.3092}]}}}]}, {"media": [{"title": "Serious across theory in consumer room body.", "creation_timestamp": 1529831237, "media_metadata": {"photo_metadata": {"exif_data": [{"latitude": 23.9028, "longitude": 89.11943}]}}}]}, {"media": [{"title": "Do sit ahead apply pretty staff.", "creation_timestamp": 1626457647, "media_metadata": {"photo_metadata": {"exif_data": [{"latitude": 55.25, "longitude": 24.75}]}}}]}, {"media": [{"title": "Bit parent up reason usually.", "creation_timestamp": 1570951788, "media_metadata": {"photo_metadata": {"exif_data": [{"latitude": 33.50921, "longitude": -111.89903}]}}}]}, {"media": [{"title": "Audience west action large question edge.", "creation_timestamp": 1525407253, "media_metadata": {"photo_metadata": {"exif_data": [{"latitude": 45.49428, "longitude": -122.86705}]}}}]}, {"media": [{"title": "Little similar may nation drop executive.", "creation_timestamp": 1663565589, "media_metadata": {"photo_metadata": {"exif_data": [{"latitude": 50.88506, "longitude": 4.07601}]}}}]}, {"media": [{"title": "Cup near act important.", "creation_timestamp": 1558730123, "media_metadata": {"photo_metadata": {"exif_data": [{"latitude": 58.04254, "longitude": 65.27258}]}}}]}, {"media": [{"title": "Admit threat total trial friend.", "creation_timestamp": 1638058338, "media_metadata": {"photo_metadata": {"exif_data": [{"latitude": 50.75767, "longitude": -1.5443}]}}}]}, {"media": [{"title": "Our traditional senior individual will argue.", "creation_timestamp": 1584572865, "media_metadata": {"photo_metadata": {"exif_data": [{"latitude": 34.95303, "longitude": -120.43572}]}}}]}, {"media": [{"title": "Card sell right against word building force future.", "creation_timestamp": 1565592709, "media_metadata": {"photo_metadata": {"exif_data": [{"latitude": 52.48173, "longitude": -2.12139}]}}}]}, {"media": [{"title": "Along size plan writer bad if.", "creation_timestamp": 1536545851, "media_metadata": {"photo_metadata": {"exif_data": [{"latitude": 29.69221, "longitude": 72.54566}]}}}]}, {"media": [{"title": "Reveal success fear research begin black.", "creation_timestamp": 1536644936, "media_metadata": {"photo_metadata": {"exif_data": [{"latitude": 24.96334, "longitude": 10.18003}]}}}]}, {"media": [{"title": "Voice despite in rise head sell.", "creation_timestamp": 1654082555, "media_metadata": {"photo_metadata": {"exif_data": [{"latitude": 61.78491, "longitude": 34.34691}]}}}]}, {"media": [{"title": "Difference image answer glass school turn another.", "creation_timestamp": 1519274368, "media_metadata": {"photo_metadata": {"exif_data": [{"latitude": 56.56317, "longitude": -2.58736}]}}}]}, {"media": [{"title": "Culture method that ball campaign in.", "creation_timestamp": 1581463123, "media_metadata": {"photo_metadata": {"exif_data": [{"latitude": 7.6, "longitude": 4.18333}]}}}]}, {"media": [{"title": "Area describe drug reach beat after.", "creation_timestamp": 1537489970, "media_metadata": {"photo_metadata": {"exif_data": [{"latitude": 50.88506, "longitude": 4.07601}]}}}]}, {"media": [{"title": "Space affect quickly myself environmental painting force best.", "creation_timestamp": 1670349181, "media_metadata": {"photo_metadata": {"exif_data": [{"latitude": 41.54566, "longitude": -71.29144}]}}}]}, {"media": [{"title": "That do back social strategy.", "creation_timestamp": 1589288370, "media_metadata": {"photo_metadata": {"exif_data": [{"latitude": 56.56317, "longitude": -2.58736}]}}}]}, {"media": [{"title": "Hot behind that where late.", "creation_timestamp": 1633427448, "media_metadata": {"photo_metadata": {"exif_data": [{"latitude": -6.25, "longitude": 38.66667}]}}}]}, {"media": [{"title": "Cell beyond thank.", "creation_timestamp": 1610151801, "media_metadata": {"photo_metadata": {"exif_data": [{"latitude": 41.14676, "longitude": -73.49484}]}}}]}, {"media": [{"title": "Remember all scene administration.", "creation_timestamp": 1526161441, "media_metadata": {"photo_metadata": {"exif_data": [{"latitude": -27.76952, "longitude": 30.79165}]}}}]}, {"media": [{"title": "Natural plan call task enter these.", "creation_timestamp": 1603633792, "media_metadata": {"photo_metadata": {"exif_data": [{"latitude": 1.6561, "longitude": 103.6032}]}}}]}, {"media": [{"title": "Whether tend real require ball.", "creation_timestamp": 1650902295, "media_metadata": {"photo_metadata": {"exif_data": [{"latitude": 32.35126, "longitude": -95.30106}]}}}]}, {"media": [{"title": "Carry type seek peace road do score.", "creation_timestamp": 1596381981, "media_metadata": {"photo_metadata": {"exif_data": [{"latitude": 33.03699, "longitude": -117.29198}]}}}]}, {"media": [{"title": "Computer yeah cover power receive win tax set.", "creation_timestamp": 1541572858, "media_metadata": {"photo_metadata": {"exif_data": [{"latitude": 45.79377, "longitude": 8.88104}]}}}]}, {"media": [{"title": "Upon subject staff.", "creation_timestamp": 1667876643, "media_metadata": {"photo_metadata": {"exif_data": [{"latitude": 32.35126, "longitude": -95.30106}]}}}]}, {"media": [{"title": "Radio music my mention.", "creation_timestamp": 1529684468, "media_metadata": {"photo_metadata": {"exif_data": [{"latitude": 42.64685, "longitude": -5.55835}]}}}]}, {"media": [{"title": "Name age assume course.", "creation_timestamp": 1613837929, "media_metadata": {"photo_metadata": {"exif_data": [{"latitude": 37.13548, "longitude": -3.67029}]}}}]}, {"media": [{"title": "Hit usually positive professor government budget evening every.", "creation_timestamp": 1670398156, "media_metadata": {"photo_metadata": {"exif_data": [{"latitude": 48.79325, "longitude": 2.29275}]}}}]}, {"media": [{"title": "Live yes expect understand cell whether.", "creation_timestamp": 1671668212, "media_metadata": {"photo_metadata": {"exif_data": [{"latitude": 39.33427, "longitude": -76.43941}]}}}]}, {"media": [{"title": "Radio class civil body sing four production act.", "creation_timestamp": 1621895791, "media_metadata": {"photo_metadata": {"exif_data": [{"latitude": 44.35056, "longitude": 142.45778}]}}}]}, {"media": [{"title": "Which four store environmental ball notice people.", "creation_timestamp": 1538687918, "media_metadata": {"photo_metadata": {"exif_data": [{"latitude": 13.56667, "longitude": -15.6}]}}}]}, {"media": [{"title": "Enjoy in true morning president.", "creation_timestamp": 1612515475, "media_metadata": {"photo_metadata": {"exif_data": [{"latitude": 56.56317, "longitude": -2.58736}]}}}]}, {"media": [{"title": "Let security amount yard want.", "creation_timestamp": 1569733792, "media_metadata": {"photo_metadata": {"exif_data": [{"latitude": 38.70734, "longitude": -77.02303}]}}}]}, {"media": [{"title": "Range discuss would look focus.", "creation_timestamp": 1613155094, "media_metadata": {"photo_metadata": {"exif_data": [{"latitude": 21.01858, "longitude": -101.2591}]}}}]}, {"media": [{"title": "Worry them room second approach decision.", "creation_timestamp": 1581358149, "media_metadata": {"photo_metadata": {"exif_data": [{"latitude": -1.9487, "longitude": 30.4347}]}}}]}, {"media": [{"title": "Couple before fear mission picture instead.", "creation_timestamp": 1621065665, "media_metadata": {"photo_metadata": {"exif_data": [{"latitude": 12.18441, "longitude": 18.69303}]}}}]}, {"media": [{"title": "My technology young couple hear window series above.", "creation_timestamp": 1661576998, "media_metadata": {"photo_metadata": {"exif_data": [{"latitude": -1.9487, "longitude": 30.4347}]}}}]}, {"media": [{"title": "Walk marriage image you important ask season.", "creation_timestamp": 1586927552, "media_metadata": {"photo_metadata": {"exif_data": [{"latitude": 57.30185, "longitude": 39.85331}]}}}]}, {"media": [{"title": "Candidate also month impact technology think.", "creation_timestamp": 1655245928, "media_metadata": {"photo_metadata": {"exif_data": [{"latitude": 5.90702, "longitude": 116.10146}]}}}]}, {"media": [{"title": "Look quickly hard.", "creation_timestamp": 1541350309, "media_metadata": {"photo_metadata": {"exif_data": [{"latitude": 58.7002, "longitude": 59.4839}]}}}]}, {"media": [{"title": "Marriage five low fear about author nice.", "creation_timestamp": 1656974724, "media_metadata": {"photo_metadata": {"exif_data": [{"latitude": 39.12074, "longitude": 27.18052}]}}}]}, {"media": [{"title": "Large my front over agency shake.", "creation_timestamp": 1587908424, "media_metadata": {"photo_metadata": {"exif_data": [{"latitude": 22.98212, "longitude": -80.58556}]}}}]}, {"media": [{"title": "Respond over American effort.", "creation_timestamp": 1564632210, "media_metadata": {"photo_metadata": {"exif_data": [{"latitude": 43.82634, "longitude": 144.09638}]}}}]}, {"media": [{"title": "Phone raise turn together.", "creation_timestamp": 1665833218, "media_metadata": {"photo_metadata": {"exif_data": [{"latitude": 39.45621, "longitude": -77.96389}]}}}]}, {"media": [{"title": "Believe toward trade explain.", "creation_timestamp": 1662885451, "media_metadata": {"photo_metadata": {"exif_data": [{"latitude": 48.8765, "longitude": 2.18967}]}}}]}, {"media": [{"title": "Ground artist necessary agree government car.", "creation_timestamp": 1562473027, "media_metadata": {"photo_metadata": {"exif_data": [{"latitude": 48.35149, "longitude": 8.96317}]}}}]}, {"media": [{"title": "Baby heavy responsibility traditional sure door beyond.", "creation_timestamp": 1663469371, "media_metadata": {"photo_metadata": {"exif_data": [{"latitude": 26.76628, "longitude": 83.36889}]}}}]}, {"media": [{"title": "Worker control no political hard.", "creation_timestamp": 1553513631, "media_metadata": {"photo_metadata": {"exif_data": [{"latitude": 43.35071, "longitude": 46.10925}]}}}]}, {"media": [{"title": "Country call build method deep information.", "creation_timestamp": 1532725983, "media_metadata": {"photo_metadata": {"exif_data": [{"latitude": -15.21194, "longitude": -75.11028}]}}}]}, {"media": [{"title": "Any similar least teach size plant relate.", "creation_timestamp": 1661159303, "media_metadata": {"photo_metadata": {"exif_data": [{"latitude": 40.66482, "longitude": 122.22833}]}}}]}]