{"ig_stories": [{"title": "Ago politics also people near despite house close.", "creation_timestamp": 1545703172, "media_metadata": {"video_metadata": {"exif_data": [{"latitude": 33.92866, "longitude": -6.90656}]}}}, {"title": "Nearly lay most full money recognize.", "creation_timestamp": 1630843866, "media_metadata": {"video_metadata": {"exif_data": [{"latitude": 41.16704, "longitude": -73.20483}]}}}, {"title": "For major continue end majority news.", "creation_timestamp": 1605537993, "media_metadata": {"video_metadata": {"exif_data": [{"latitude": 42.62833, "longitude": 20.89389}]}}}, {"title": "Physical care many change add hotel officer.", "creation_timestamp": 1633524578, "media_metadata": {"video_metadata": {"exif_data": [{"latitude": 16.0438, "longitude": 120.4861}]}}}, {"title": "Yourself term weight pattern cultural impact.", "creation_timestamp": 1586268832, "media_metadata": {"video_metadata": {"exif_data": [{"latitude": 34.5624, "longitude": 38.28402}]}}}, {"title": "Money example white kitchen.", "creation_timestamp": 1591532873, "media_metadata": {"video_metadata": {"exif_data": [{"latitude": 42.97086, "longitude": -82.42491}]}}}, {"title": "Individual energy clearly draw.", "creation_timestamp": 1652834373, "media_metadata": {"video_metadata": {"exif_data": [{"latitude": -25.54073, "longitude": 152.70493}]}}}, {"title": "Surface medical she age risk population card around.", "creation_timestamp": 1662875391, "media_metadata": {"video_metadata": {"exif_data": [{"latitude": 47.38093, "longitude": -122.23484}]}}}, {"title": "Local federal little consumer deal.", "creation_timestamp": 1609855340, "media_metadata": {"video_metadata": {"exif_data": [{"latitude": 30.29184, "longitude": 71.67164}]}}}, {"title": "Next action design amount free major both.", "creation_timestamp": 1537605499, "media_metadata": {"video_metadata": {"exif_data": [{"latitude": 22.98212, "longitude": -80.58556}]}}}, {"title": "Clear particularly community million education design.", "creation_timestamp": 1644233483, "media_metadata": {"video_metadata": {"exif_data": [{"latitude": 53.69786, "longitude": -2.68758}]}}}, {"title": "Party role TV.", "creation_timestamp": 1622512976, "media_metadata": {"video_metadata": {"exif_data": [{"latitude": 33.76446, "longitude": -117.79394}]}}}, {"title": "With listen usually interesting social expert.", "creation_timestamp": 1588926178, "media_metadata": {"video_metadata": {"exif_data": [{"latitude": 49.65186, "longitude": 26.97253}]}}}, {"title": "Both born happy offer also phone.", "creation_timestamp": 1547940365, "media_metadata": {"video_metadata": {"exif_data": [{"latitude": 23.73333, "longitude": 114.68333}]}}}, {"title": "People they born fish seat issue fight.", "creation_timestamp": 1665591369, "media_metadata": {"video_metadata": {"exif_data": [{"latitude": 3.11988, "longitude": 35.59642}]}}}, {"title": "Good speak book daughter site.", "creation_timestamp": 1530252166, "media_metadata": {"video_metadata": {"exif_data": [{"latitude": 40.1675, "longitude": 34.37389}]}}}, {"title": "White describe hard impact half series.", "creation_timestamp": 1553665367, "media_metadata": {"video_metadata": {"exif_data": [{"latitude": 51.19139, "longitude": 6.51352}]}}}, {"title": "View above add agree eat.", "creation_timestamp": 1570907408, "media_metadata": {"video_metadata": {"exif_data": [{"latitude": 51.40944, "longitude": 46.04833}]}}}, {"title": "Simply scientist expect itself.", "creation_timestamp": 1543576974, "media_metadata": {"video_metadata": {"exif_data": [{"latitude": 45.73333, "longitude": 4.91667}]}}}, {"title": "Cold mission impact message seat despite.", "creation_timestamp": 1529358646, "media_metadata": {"video_metadata": {"exif_data": [{"latitude": 59.33333, "longitude": 18.28333}]}}}, {"title": "Treat people maybe simple mind.", "creation_timestamp": 1586191379, "media_metadata": {"video_metadata": {"exif_data": [{"latitude": 39.08367, "longitude": -84.50855}]}}}, {"title": "Me baby four tough significant feel improve.", "creation_timestamp": 1600647650, "media_metadata": {"video_metadata": {"exif_data": [{"latitude": -21.41222, "longitude": -42.19667}]}}}, {"title": "Anyone save someone activity.", "creation_timestamp": 1528931081, "media_metadata": {"video_metadata": {"exif_data": [{"latitude": 41.63976, "longitude": 2.35739}]}}}, {"title": "Base evening professor candidate.", "creation_timestamp": 1624216600, "media_metadata": {"video_metadata": {"exif_data": [{"latitude": 19.32932, "longitude": -98.1664}]}}}, {"title": "Interview from yard.", "creation_timestamp": 1612897912, "media_metadata": {"video_metadata": {"exif_data": [{"latitude": 55.63711, "longitude": 37.38115}]}}}, {"title": "While through reach speak record run.", "creation_timestamp": 1660126879, "media_metadata": {"video_metadata": {"exif_data": [{"latitude": 40.49748, "longitude": 44.7662}]}}}, {"title": "Beat close seven agency mind test.", "creation_timestamp": 1537436791, "media_metadata": {"video_metadata": {"exif_data": [{"latitude": -28.81833, "longitude": -52.51028}]}}}, {"title": "Article check fill woman boy.", "creation_timestamp": 1636834980, "media_metadata": {"video_metadata": {"exif_data": [{"latitude": 48.98994, "longitude": 2.1699}]}}}, {"title": "Movement another recent there pattern writer weight.", "creation_timestamp": 1592096608, "media_metadata": {"video_metadata": {"exif_data": [{"latitude": 43.4125, "longitude": 23.225}]}}}, {"title": "Method early high image process.", "creation_timestamp": 1603729285, "media_metadata": {"video_metadata": {"exif_data": [{"latitude": 32.57756, "longitude": 71.52847}]}}}, {"title": "Government player himself resource.", "creation_timestamp": 1630576485, "media_metadata": {"video_metadata": {"exif_data": [{"latitude": 37.49223, "longitude": 15.07041}]}}}, {"title": "Large herself manager field.", "creation_timestamp": 1591099644, "media_metadata": {"video_metadata": {"exif_data": [{"latitude": 34.61667, "longitude": 135.6}]}}}, {"title": "Piece area create side view rock.", "creation_timestamp": 1604983466, "media_metadata": {"video_metadata": {"exif_data": [{"latitude": 51.39148, "longitude": -0.29825}]}}}, {"title": "Near on throw discover.", "creation_timestamp": 1560756554, "media_metadata": {"video_metadata": {"exif_data": [{"latitude": 40.70995, "longitude": 0.57856}]}}}, {"title": "Four until back.", "creation_timestamp": 1533900417, "media_metadata": {"video_metadata": {"exif_data": [{"latitude": 36.53333, "longitude": 136.61667}]}}}, {"title": "Performance hospital sit material choose a bad.", "creation_timestamp": 1598494386, "media_metadata": {"video_metadata": {"exif_data": [{"latitude": 36.81667, "longitude": 117.81667}]}}}, {"title": "Break show become relationship officer.", "creation_timestamp": 1658983084, "media_metadata": {"video_metadata": {"exif_data": [{"latitude": 40.92298, "longitude": 14.30935}]}}}, {"title": "Military recognize ready risk any east.", "creation_timestamp": 1605571046, "media_metadata": {"video_metadata": {"exif_data": [{"latitude": 26.11527, "longitude": 86.59509}]}}}, {"title": "Chair important up seat start offer.", "creation_timestamp": 1579499387, "media_metadata": {"video_metadata": {"exif_data": [{"latitude": 41.16704, "longitude": -73.20483}]}}}, {"title": "Himself ability ready certainly ability.", "creation_timestamp": 1526618556, "media_metadata": {"video_metadata": {"exif_data": [{"latitude": 52.71083, "longitude": 5.74861}]}}}, {"title": "Choose authority parent speak certain security five.", "creation_timestamp": 1644374238, "media_metadata": {"video_metadata": {"exif_data": [{"latitude": 43.11667, "longitude": 1.6}]}}}, {"title": "Hair it floor point former list.", "creation_timestamp": 1525556417, "media_metadata": {"video_metadata": {"exif_data": [{"latitude": 16.0438, "longitude": 120.4861}]}}}, {"title": "From three free.", "creation_timestamp": 1642790598, "media_metadata": {"video_metadata": {"exif_data": [{"latitude": 43.67681, "longitude": 4.63031}]}}}, {"title": "Card remain interesting care send clear by.", "creation_timestamp": 1578552211, "media_metadata": {"video_metadata": {"exif_data": [{"latitude": 3.7278, "longitude": 98.6738}]}}}, {"title": "Tax government edge before be other claim.", "creation_timestamp": 1672802705, "media_metadata": {"video_metadata": {"exif_data": [{"latitude": 34.5624, "longitude": 38.28402}]}}}, {"title": "Opportunity practice long.", "creation_timestamp": 1638367011, "media_metadata": {"video_metadata": {"exif_data": [{"latitude": 42.93369, "longitude": -72.27814}]}}}, {"title": "Southern audience where cell others weight provide source.", "creation_timestamp": 1585470191, "media_metadata": {"video_metadata": {"exif_data": [{"latitude": -21.98333, "longitude": 16.91667}]}}}, {"title": "News win heart value.", "creation_timestamp": 1645588461, "media_metadata": {"video_metadata": {"exif_data": [{"latitude": 15.72892, "longitude": 120.57224}]}}}, {"title": "Measure possible recent room million.", "creation_timestamp": 1594626099, "media_metadata": {"video_metadata": {"exif_data": [{"latitude": 46.23899, "longitude": -63.13414}]}}}, {"title": "Activity any blue partner.", "creation_timestamp": 1567643000, "media_metadata": {"video_metadata": {"exif_data": [{"latitude": 46.65581, "longitude": 32.6178}]}}}, {"title": "Possible per international maybe.", "creation_timestamp": 1604981985, "media_metadata": {"video_metadata": {"exif_data": [{"latitude": 53.81667, "longitude": -3.05}]}}}, {"title": "Hot front best mother leg pull certainly.", "creation_timestamp": 1543728042, "media_metadata": {"video_metadata": {"exif_data": [{"latitude": 51.30001, "longitude": 13.10984}]}}}, {"title": "Animal anyone thing level leave over relate trade.", "creation_timestamp": 1566549678, "media_metadata": {"video_metadata": {"exif_data": [{"latitude": 39.08367, "longitude": -84.50855}]}}}, {"title": "Necessary evening official break kind leave try.", "creation_timestamp": 1607754832, "media_metadata": {"video_metadata": {"exif_data": [{"latitude": 39.71734, "longitude": -74.96933}]}}}, {"title": "Conference brother staff inside quality.", "creation_timestamp": 1665563678, "media_metadata": {"video_metadata": {"exif_data": [{"latitude": 48.73218, "longitude": 11.18709}]}}}, {"title": "Trouble focus poor wrong behavior.", "creation_timestamp": 1574582639, "media_metadata": {"video_metadata": {"exif_data": [{"latitude": 47.4943, "longitude": -122.24092}]}}}, {"title": "We prove pass end official.", "creation_timestamp": 1539294711, "media_metadata": {"video_metadata": {"exif_data": [{"latitude": 37.05944, "longitude": 37.3825}]}}}, {"title": "Prove election agree why which.", "creation_timestamp": 1669603405, "media_metadata": {"video_metadata": {"exif_data": [{"latitude": 36.64852, "longitude": 51.49621}]}}}, {"title": "Example itself father him major.", "creation_timestamp": 1558913727, "media_metadata": {"video_metadata": {"exif_data": [{"latitude": 23.29549, "longitude": 113.82465}]}}}, {"title": "Give administration table plan him word food.", "creation_timestamp": 1608913895, "media_metadata": {"video_metadata": {"exif_data": [{"latitude": 49.5099, "longitude": 6.74549}]}}}, {"title": "Few democratic during since perform establish peace method.", "creation_timestamp": 1521631773, "media_metadata": {"video_metadata": {"exif_data": [{"latitude": 17.06542, "longitude": -96.72365}]}}}, {"title": "Into with identify be themselves seek help.", "creation_timestamp": 1633458395, "media_metadata": {"video_metadata": {"exif_data": [{"latitude": 52.21099, "longitude": 7.02238}]}}}, {"title": "Best apply great region suggest system accept.", "creation_timestamp": 1587486410, "media_metadata": {"video_metadata": {"exif_data": [{"latitude": 51.12794, "longitude": 4.21372}]}}}, {"title": "Minute hair sit education stand success meeting.", "creation_timestamp": 1543718854, "media_metadata": {"video_metadata": {"exif_data": [{"latitude": 58.1908, "longitude": 40.17171}]}}}, {"title": "Guy compare toward near.", "creation_timestamp": 1629958614, "media_metadata": {"video_metadata": {"exif_data": [{"latitude": -20.87306, "longitude": -48.29694}]}}}, {"title": "Number beautiful officer either outside.", "creation_timestamp": 1644445437, "media_metadata": {"video_metadata": {"exif_data": [{"latitude": 58.7002, "longitude": 59.4839}]}}}, {"title": "Eight office hundred maybe run fine.", "creation_timestamp": 1609197872, "media_metadata": {"video_metadata": {"exif_data": [{"latitude": -2.13404, "longitude": -79.59415}]}}}, {"title": "Return yard after type message.", "creation_timestamp": 1533447425, "media_metadata": {"video_metadata": {"exif_data": [{"latitude": 19.32889, "longitude": -99.32556}]}}}, {"title": "National who rest.", "creation_timestamp": 1601231793, "media_metadata": {"video_metadata": {"exif_data": [{"latitude": 41.15376, "longitude": -87.88754}]}}}, {"title": "Design best business pass.", "creation_timestamp": 1543203153, "media_metadata": {"video_metadata": {"exif_data": [{"latitude": 23.29549, "longitude": 113.82465}]}}}, {"title": "Lawyer watch table discover enjoy arm.", "creation_timestamp": 1600945518, "media_metadata": {"video_metadata": {"exif_data": [{"latitude": 40.72371, "longitude": -73.95097}]}}}, {"title": "Just member word any father.", "creation_timestamp": 1625040246, "media_metadata": {"video_metadata": {"exif_data": [{"latitude": 48.52961, "longitude": 12.16179}]}}}, {"title": "End cost black production.", "creation_timestamp": 1619993372, "media_metadata": {"video_metadata": {"exif_data": [{"latitude": 43.16547, "longitude": -77.70066}]}}}, {"title": "Break wrong hundred while recognize son.", "creation_timestamp": 1631261237, "media_metadata": {"video_metadata": {"exif_data": [{"latitude": 31.76212, "longitude": -95.63079}]}}}, {"title": "Serious buy himself seat avoid number.", "creation_timestamp": 1580797657, "media_metadata": {"video_metadata": {"exif_data": [{"latitude": 7.62789, "longitude": 4.74161}]}}}, {"title": "Table specific question.", "creation_timestamp": 1525078167, "media_metadata": {"video_metadata": {"exif_data": [{"latitude": 25.92127, "longitude": 86.79271}]}}}, {"title": "Appear miss wall rich American.", "creation_timestamp": 1624833948, "media_metadata": {"video_metadata": {"exif_data": [{"latitude": 51.30001, "longitude": 13.10984}]}}}, {"title": "Necessary easy project wish whatever.", "creation_timestamp": 1635053219, "media_metadata": {"video_metadata": {"exif_data": [{"latitude": 14.46693, "longitude": 75.92694}]}}}, {"title": "Behavior ability religious floor his idea start.", "creation_timestamp": 1542518010, "media_metadata": {"video_metadata": {"exif_data": [{"latitude": 46.32313, "longitude": -0.45877}]}}}, {"title": "Young that yourself value.", "creation_timestamp": 1636220488, "media_metadata": {"video_metadata": {"exif_data": [{"latitude": 33.72255, "longitude": -116.37697}]}}}, {"title": "Own summer firm adult.", "creation_timestamp": 1567627312, "media_metadata": {"video_metadata": {"exif_data": [{"latitude": 53.0233, "longitude": -1.48119}]}}}, {"title": "Information already simple trouble six.", "creation_timestamp": 1565074879, "media_metadata": {"video_metadata": {"exif_data": [{"latitude": 11.15583, "longitude": 42.7125}]}}}, {"title": "Speech decide front top meeting.", "creation_timestamp": 1647965492, "media_metadata": {"video_metadata": {"exif_data": [{"latitude": 32.57756, "longitude": 71.52847}]}}}, {"title": "Summer catch arrive result when.", "creation_timestamp": 1555263040, "media_metadata": {"video_metadata": {"exif_data": [{"latitude": 50.06, "longitude": 43.2379}]}}}, {"title": "Line budget make for.", "creation_timestamp": 1657642145, "media_metadata": {"video_metadata": {"exif_data": [{"latitude": 43.67681, "longitude": 4.63031}]}}}, {"title": "Leave still themselves yeah.", "creation_timestamp": 1665179708, "media_metadata": {"video_metadata": {"exif_data": [{"latitude": 50.72043, "longitude": 11.34046}]}}}, {"title": "Tree expert lawyer.", "creation_timestamp": 1531523521, "media_metadata": {"video_metadata": {"exif_data": [{"latitude": 41.91738, "longitude": 3.1631}]}}}, {"title": "Product region in worker second.", "creation_timestamp": 1570432946, "media_metadata": {"video_metadata": {"exif_data": [{"latitude": 15.46063, "longitude": 99.89166}]}}}, {"title": "Cause machine employee production for camera.", "creation_timestamp": 1559368337, "media_metadata": {"video_metadata": {"exif_data": [{"latitude": 39.45621, "longitude": -77.96389}]}}}, {"title": "Hit whatever give behavior tough.", "creation_timestamp": 1598384037, "media_metadata": {"video_metadata": {"exif_data": [{"latitude": -44.39672, "longitude": 171.25364}]}}}, {"title": "Gas all will those.", "creation_timestamp": 1543660539, "media_metadata": {"video_metadata": {"exif_data": [{"latitude": 13.8196, "longitude": 100.04427}]}}}, {"title": "State price sea ahead.", "creation_timestamp": 1523089335, "media_metadata": {"video_metadata": {"exif_data": [{"latitude": 32.57756, "longitude": 71.52847}]}}}, {"title": "Actually sit real whom sport theory accept.", "creation_timestamp": 1645009855, "media_metadata": {"video_metadata": {"exif_data": [{"latitude": 40.42386, "longitude": -3.53261}]}}}, {"title": "Worry lead energy each imagine list money.", "creation_timestamp": 1660360315, "media_metadata": {"video_metadata": {"exif_data": [{"latitude": 34.15429, "longitude": 3.50309}]}}}, {"title": "Dog matter cover.", "creation_timestamp": 1537108558, "media_metadata": {"video_metadata": {"exif_data": [{"latitude": 50.8, "longitude": 3.16667}]}}}, {"title": "Begin manage effort kind.", "creation_timestamp": 1523590003, "media_metadata": {"video_metadata": {"exif_data": [{"latitude": 33.78333, "longitude": 114.51667}]}}}, {"title": "Pull information answer character plant production.", "creation_timestamp": 1624606192, "media_metadata": {"video_metadata": {"exif_data": [{"latitude": -6.48167, "longitude": 106.85417}]}}}, {"title": "Growth house talk see wonder stuff half.", "creation_timestamp": 1613411638, "media_metadata": {"video_metadata": {"exif_data": [{"latitude": 54.60528, "longitude": 18.34717}]}}}, {"title": "Song find human mind myself worry.", "creation_timestamp": 1670023556, "media_metadata": {"video_metadata": {"exif_data": [{"latitude": -2.13404, "longitude": -79.59415}]}}}, {"title": "Soon cup involve apply option.", "creation_timestamp": 1640963308, "media_metadata": {"video_metadata": {"exif_data": [{"latitude": 10.63504, "longitude": -85.43772}]}}}, {"title": "School imagine respond floor market last.", "creation_timestamp": 1543849400, "media_metadata": {"video_metadata": {"exif_data": [{"latitude": 42.58342, "longitude": -71.8023}]}}}, {"title": "System part apply style.", "creation_timestamp": 1559964628, "media_metadata": {"video_metadata": {"exif_data": [{"latitude": 18.51957, "longitude": 73.85535}]}}}, {"title": "Plant picture cold baby development least.", "creation_timestamp": 1608984053, "media_metadata": {"video_metadata": {"exif_data": [{"latitude": 45.0408, "longitude": -93.263}]}}}, {"title": "Inside up garden likely cover work.", "creation_timestamp": 1560101663, "media_metadata": {"video_metadata": {"exif_data": [{"latitude": -22.45667, "longitude": -47.53028}]}}}, {"title": "Yet would smile development ahead.", "creation_timestamp": 1648059267, "media_metadata": {"video_metadata": {"exif_data": [{"latitude": 47.83333, "longitude": 59.6}]}}}, {"title": "Young him region idea college later.", "creation_timestamp": 1668516591, "media_metadata": {"video_metadata": {"exif_data": [{"latitude": 32.42067, "longitude": -104.22884}]}}}, {"title": "Mrs opportunity themselves back capital speak prove.", "creation_timestamp": 1566391776, "media_metadata": {"video_metadata": {"exif_data": [{"latitude": 3.3285, "longitude": 99.1625}]}}}, {"title": "Long around daughter production professional base crime.", "creation_timestamp": 1544489909, "media_metadata": {"video_metadata": {"exif_data": [{"latitude": 20.21322, "longitude": -100.88023}]}}}, {"title": "Lose list oil set great world study.", "creation_timestamp": 1549075864, "media_metadata": {"video_metadata": {"exif_data": [{"latitude": 60.97944, "longitude": 76.92421}]}}}, {"title": "Senior look coach firm accept change entire.", "creation_timestamp": 1602699768, "media_metadata": {"video_metadata": {"exif_data": [{"latitude": 35.82756, "longitude": 137.95378}]}}}, {"title": "Local data once section part attorney road.", "creation_timestamp": 1546247072, "media_metadata": {"video_metadata": {"exif_data": [{"latitude": 51.955, "longitude": 5.22778}]}}}, {"title": "Near special doctor system to.", "creation_timestamp": 1571746470, "media_metadata": {"video_metadata": {"exif_data": [{"latitude": -37.32167, "longitude": -59.13316}]}}}, {"title": "Since according effort main.", "creation_timestamp": 1566216960, "media_metadata": {"video_metadata": {"exif_data": [{"latitude": -6.25, "longitude": 38.66667}]}}}, {"title": "Voice together analysis buy start left.", "creation_timestamp": 1594700998, "media_metadata": {"video_metadata": {"exif_data": [{"latitude": 20.88953, "longitude": -156.47432}]}}}, {"title": "Night however increase a raise live create from.", "creation_timestamp": 1539965315, "media_metadata": {"video_metadata": {"exif_data": [{"latitude": 38.96667, "longitude": -0.18333}]}}}, {"title": "Painting development language only me though.", "creation_timestamp": 1531270512, "media_metadata": {"video_metadata": {"exif_data": [{"latitude": 12.18441, "longitude": 18.69303}]}}}, {"title": "Office affect executive easy fear generation protect.", "creation_timestamp": 1531760531, "media_metadata": {"video_metadata": {"exif_data": [{"latitude": 41.77583, "longitude": 140.73667}]}}}, {"title": "Respond feeling tend.", "creation_timestamp": 1664303302, "media_metadata": {"video_metadata": {"exif_data": [{"latitude": -28.24, "longitude": -48.67028}]}}}, {"title": "Positive your only special.", "creation_timestamp": 1572214256, "media_metadata": {"video_metadata": {"exif_data": [{"latitude": 2.41669, "longitude": 30.98551}]}}}, {"title": "Doctor might win skill product.", "creation_timestamp": 1666986506, "media_metadata": {"video_metadata": {"exif_data": [{"latitude": 42.0, "longitude": 21.32778}]}}}, {"title": "Really because those face believe son.", "creation_timestamp": 1666305641, "media_metadata": {"video_metadata": {"exif_data": [{"latitude": 40.82232, "longitude": -74.15987}]}}}, {"title": "Guess pass must tend produce clear scientist.", "creation_timestamp": 1595687621, "media_metadata": {"video_metadata": {"exif_data": [{"latitude": 41.55838, "longitude": -81.56929}]}}}, {"title": "White discover room oil section society.", "creation_timestamp": 1577974302, "media_metadata": {"video_metadata": {"exif_data": [{"latitude": -10.91111, "longitude": -37.07167}]}}}, {"title": "Cup reflect successful wall image case.", "creation_timestamp": 1542390293, "media_metadata": {"video_metadata": {"exif_data": [{"latitude": -3.14306, "longitude": -58.44417}]}}}, {"title": "Similar nice world decade discussion major present would.", "creation_timestamp": 1582752332, "media_metadata": {"video_metadata": {"exif_data": [{"latitude": 22.75218, "longitude": 72.68533}]}}}, {"title": "Month involve enjoy then off popular.", "creation_timestamp": 1612411866, "media_metadata": {"video_metadata": {"exif_data": [{"latitude": 35.06667, "longitude": 135.21667}]}}}, {"title": "Mr fight fly road song serve.", "creation_timestamp": 1663475002, "media_metadata": {"video_metadata": {"exif_data": [{"latitude": 53.63333, "longitude": 9.85}]}}}, {"title": "Offer example police example.", "creation_timestamp": 1595137284, "media_metadata": {"video_metadata": {"exif_data": [{"latitude": 20.28527, "longitude": -103.42897}]}}}, {"title": "Itself central interest what evidence probably include.", "creation_timestamp": 1617843757, "media_metadata": {"video_metadata": {"exif_data": [{"latitude": 4.88441, "longitude": 101.96857}]}}}, {"title": "Assume room course strong.", "creation_timestamp": 1574319143, "media_metadata": {"video_metadata": {"exif_data": [{"latitude": -33.38056, "longitude": -56.52361}]}}}]}