[{
  "header": "Aide",
  "title": "Vous avez consulté Google Maps Timeline",
  "titleUrl": "https://support.google.com/apis/settimeonpage?v\u003d1\u0026helpcenter\u003dmaps\u0026hl\u003den\u0026key\u003dsupport-content\u0026request_source\u003d1\u0026service_configuration\u003d\u0026mendel_ids\u003d10800112,10800403,10800561,10800589,10800621,10800672,10800689,10800695,10800700,10800707,10800738,10800761,10800763,10800848,10800922,10800950,10800957,10800968,10801032,10801038,10801133,10801150,10801227,10801235,10801276,10801288,10801345,10801354,10801376,10801381",
  "time": "2022-04-25T13:26:45.662Z",
  "products": ["Aide"],
  "activityControls": ["Activité sur le Web et les applications"]
},{
  "header": "Aide",
  "title": "Vous avez consulté Google Maps Timeline - Android - Google Maps Help",
  "titleUrl": "https://support.google.com/maps/answer/6258979?hl\u003den\u0026co\u003dGENIE.Platform%3DAndroid",
  "time": "2022-04-25T13:26:35.787Z",
  "products": ["Aide"],
  "activityControls": ["Activité sur le Web et les applications"]
},{
  "header": "Aide",
  "title": "Vous avez consulté Vos trajets Google\u0026nbsp;Maps - Android - Aide Google Maps",
  "titleUrl": "https://support.google.com/maps/answer/6258979?hl\u003dfr\u0026co\u003dGENIE.Platform%3DAndroid",
  "time": "2022-04-12T08:23:04.110Z",
  "products": ["Aide"],
  "activityControls": ["Activité sur le Web et les applications"]
},{
  "header": "Aide",
  "title": "Vous avez interagi avec l\u0027article d\u0027aide Google Aide YouTube",
  "titleUrl": "https://support.google.com/youtube/answer/174084?js_request_id\u003d1566425988041_275666641236686744\u0026ec\u003dyt_android_watch\u0026api_client\u003dghandroid\u0026ff\u003d1\u0026full_page\u003d1",
  "time": "2019-08-21T22:19:52.464Z",
  "products": ["Aide"],
  "activityControls": ["Activité sur le Web et les applications"]
},{
  "header": "Aide",
  "title": "Vous avez interagi avec l\u0027article d\u0027aide Google Aide YouTube",
  "titleUrl": "https://support.google.com/youtube/answer/100078?js_request_id\u003d1566425988041_275666641236686744\u0026ec\u003dyt_android_watch\u0026api_client\u003dghandroid\u0026ff\u003d1\u0026full_page\u003d1",
  "time": "2019-08-21T22:19:52.223Z",
  "products": ["Aide"],
  "activityControls": ["Activité sur le Web et les applications"]
},{
  "header": "Aide",
  "title": "Vous avez interagi avec l\u0027article d\u0027aide Google Aide YouTube",
  "titleUrl": "https://support.google.com/youtube/answer/58134?js_request_id\u003d1566425988041_275666641236686744\u0026ec\u003dyt_android_watch\u0026api_client\u003dghandroid\u0026ff\u003d1\u0026full_page\u003d1",
  "time": "2019-08-21T22:19:51.906Z",
  "products": ["Aide"],
  "activityControls": ["Activité sur le Web et les applications"]
},{
  "header": "Aide",
  "title": "Vous avez interagi avec l\u0027article d\u0027aide Google Aide YouTube",
  "titleUrl": "https://support.google.com/youtube/answer/3227608?js_request_id\u003d1566425988041_275666641236686744\u0026ec\u003dyt_android_watch\u0026api_client\u003dghandroid\u0026ff\u003d1\u0026full_page\u003d1",
  "time": "2019-08-21T22:19:51.511Z",
  "products": ["Aide"],
  "activityControls": ["Activité sur le Web et les applications"]
},{
  "header": "Aide",
  "title": "Vous avez interagi avec l\u0027article d\u0027aide Google Aide YouTube",
  "titleUrl": "https://support.google.com/youtube/answer/6304325?js_request_id\u003d1566425988041_275666641236686744\u0026ec\u003dyt_android_watch\u0026api_client\u003dghandroid\u0026ff\u003d1\u0026full_page\u003d1",
  "time": "2019-08-21T22:19:51.105Z",
  "products": ["Aide"],
  "activityControls": ["Activité sur le Web et les applications"]
},{
  "header": "Aide",
  "title": "A consulté l\u0027aide du produit \"Youtube\"",
  "time": "2019-08-21T22:19:50.451Z",
  "products": ["Aide"],
  "activityControls": ["Activité sur le Web et les applications"]
},{
  "header": "Aide",
  "title": "Vous avez consulté Musique utilisée dans cette vidéo - Aide YouTube",
  "titleUrl": "https://support.google.com/youtube/answer/7680188",
  "time": "2018-12-25T00:44:25.785Z",
  "products": ["Aide"],
  "activityControls": ["Activité sur le Web et les applications"]
},{
  "header": "Aide",
  "title": "Vous avez consulté Caster un onglet Chrome sur votre téléviseur - iPhone et iPad - Aide Google Chrome",
  "titleUrl": "https://support.google.com/chrome/answer/3228332?co\u003dGENIE.Platform%3DiOS\u0026hl\u003dfr\u0026oco\u003d1",
  "time": "2018-07-25T20:04:36.219Z",
  "products": ["Aide"],
  "activityControls": ["Activité sur le Web et les applications"]
},{
  "header": "Aide",
  "title": "Vous avez consulté Caster un onglet Chrome sur votre téléviseur - Ordinateur - Aide Google Chrome",
  "titleUrl": "https://support.google.com/chrome/answer/3228332?co\u003dGENIE.Platform%3DDesktop\u0026hl\u003dfr",
  "time": "2018-07-25T20:03:58.011Z",
  "products": ["Aide"],
  "activityControls": ["Activité sur le Web et les applications"]
},{
  "header": "Aide",
  "title": "Vous avez consulté Valider votre compte - Aide Google Payments",
  "titleUrl": "https://support.google.com/payments/contact/account_verification?vid\u003d0-436568266494-1517345471852",
  "time": "2018-05-13T21:21:16.332Z",
  "products": ["Aide"],
  "activityControls": ["Activité sur le Web et les applications"]
},{
  "header": "Aide",
  "title": "Vous avez envoyé le formulaire account_verification",
  "titleUrl": "https://support.google.com/payments/contact/account_verification",
  "time": "2018-05-13T21:18:53.014Z",
  "products": ["Aide"],
  "activityControls": ["Activité sur le Web et les applications"]
},{
  "header": "Aide",
  "title": "Vous avez consulté Résoudre les problèmes de paiement tels que les transactions non finalisées ou refusées - Aide Google Payments",
  "titleUrl": "https://support.google.com/payments/answer/7362458",
  "time": "2018-05-13T21:13:09.661Z",
  "products": ["Aide"],
  "activityControls": ["Activité sur le Web et les applications"]
},{
  "header": "Aide",
  "title": "Vous avez consulté Résoudre les problèmes de paiement dans votre compte - Android - Aide Google Play",
  "titleUrl": "https://support.google.com/googleplay/answer/1267137?co\u003dGENIE.Platform%3DAndroid\u0026hl\u003dfr",
  "time": "2018-05-13T21:13:01.630Z",
  "products": ["Aide"],
  "activityControls": ["Activité sur le Web et les applications"]
},{
  "header": "Aide",
  "title": "Vous avez consulté Create a short URL - Google Help",
  "titleUrl": "https://support.google.com/faqs/answer/190768?hl\u003den",
  "time": "2018-05-10T14:49:34.861Z",
  "products": ["Aide"],
  "activityControls": ["Activité sur le Web et les applications"]
}]