[{
  "header": "Livres",
  "title": "A consulté https://books.google.com/books?id\u003dswdREAAAQBAJ",
  "titleUrl": "https://books.google.com/books?id\u003dswdREAAAQBAJ",
  "time": "2022-03-21T16:30:02.836Z",
  "products": ["Livres"],
  "activityControls": ["Activité sur le Web et les applications"]
},{
  "header": "Livres",
  "title": "A consulté https://books.google.com/books?id\u003dOgoxBQAAQBAJ",
  "titleUrl": "https://books.google.com/books?id\u003dOgoxBQAAQBAJ",
  "time": "2019-09-22T09:15:04.116Z",
  "products": ["Livres"],
  "activityControls": ["Activité sur le Web et les applications"]
},{
  "header": "Livres",
  "title": "A consulté https://books.google.com/books?id\u003d3bUMAwAAQBAJ",
  "titleUrl": "https://books.google.com/books?id\u003d3bUMAwAAQBAJ",
  "time": "2018-09-12T16:33:21.775Z",
  "products": ["Livres"],
  "activityControls": ["Activité sur le Web et les applications"]
},{
  "header": "Livres",
  "title": "A consulté https://books.google.com/books?id\u003dDpU9DwAAQBAJ",
  "titleUrl": "https://books.google.com/books?id\u003dDpU9DwAAQBAJ",
  "time": "2018-04-28T19:14:52.613Z",
  "products": ["Livres"],
  "activityControls": ["Activité sur le Web et les applications"]
}]