[{
  "header": "epfl.ch",
  "title": "Vous avez regardé Systèmes de communication ‒ Master ‐ EPFL",
  "titleUrl": "https://www.google.com/url?q\u003dhttps://www.epfl.ch/education/master/fr/programmes/systemes-de-communication/\u0026usg\u003dAOvVaw1k70EqOcwp1LJqSXWOZ6pH",
  "time": "2022-05-09T11:32:08.904Z",
  "products": ["Recherche de vidéos"],
  "activityControls": ["Activité sur le Web et les applications"]
},{
  "header": "linternaute.com",
  "title": "Vous avez regardé https://www.linternaute.com/actualite/politique/2554300-bureau-de-vote-ou-voter-au-2eme-tour-de-l-election-presidentielle-1650616025.amphtml/",
  "titleUrl": "https://www.google.com/url?q\u003dhttps://www.linternaute.com/actualite/politique/2554300-bureau-de-vote-ou-voter-au-2eme-tour-de-l-election-presidentielle-1650616025.amphtml/\u0026usg\u003dAOvVaw3XnluwCu6j3Bd4KxJTNvfN",
  "time": "2022-04-24T07:44:32.416Z",
  "products": ["Recherche de vidéos"],
  "activityControls": ["Activité sur le Web et les applications"]
},{
  "header": "papycha.fr",
  "title": "Vous avez regardé Laboratoire de Nileza | Le Bazar de Papycha - Papycha.fr",
  "titleUrl": "https://www.google.com/url?q\u003dhttps://papycha.fr/laboratoire-de-nileza/\u0026usg\u003dAOvVaw0p7-e4DSHDKYmoCzKOi5vS",
  "time": "2022-04-13T10:05:31.751Z",
  "products": ["Recherche de vidéos"],
  "activityControls": ["Activité sur le Web et les applications"]
},{
  "header": "papycha.fr",
  "title": "Vous avez regardé Transporteur de Sylargh | Le Bazar de Papycha",
  "titleUrl": "https://www.google.com/url?q\u003dhttps://papycha.fr/transporteur-de-sylargh/\u0026usg\u003dAOvVaw0WbkgYP2OJfV2qny_PTidl",
  "time": "2022-04-08T13:33:08.140Z",
  "products": ["Recherche de vidéos"],
  "activityControls": ["Activité sur le Web et les applications"]
},{
  "header": "twitter.com",
  "title": "Vous avez regardé https://twitter.com/discordkamet0",
  "titleUrl": "https://www.google.com/url?q\u003dhttps://twitter.com/discordkamet0\u0026usg\u003dAOvVaw3Eb0bthFaCb2euqsZ-Z2RS",
  "time": "2022-04-03T20:44:41.129Z",
  "products": ["Recherche de vidéos"],
  "activityControls": ["Activité sur le Web et les applications"]
},{
  "header": "youtube.com",
  "title": "Vous avez regardé Le vol du bourdon - YouTube",
  "titleUrl": "https://www.youtube.com/watch?v\u003d4PnQkYOt_SM",
  "time": "2022-03-25T16:24:28.503Z",
  "products": ["Recherche de vidéos"],
  "activityControls": ["Activité sur le Web et les applications"]
},{
  "header": "papycha.fr",
  "title": "Vous avez regardé Transporteur de Sylargh | Le Bazar de Papycha",
  "titleUrl": "https://www.google.com/url?q\u003dhttps://papycha.fr/transporteur-de-sylargh/\u0026usg\u003dAOvVaw0WbkgYP2OJfV2qny_PTidl",
  "time": "2022-03-18T17:35:52.387Z",
  "products": ["Recherche de vidéos"],
  "activityControls": ["Activité sur le Web et les applications"]
},{
  "header": "papycha.fr",
  "title": "Vous avez regardé Forgefroide de Missiz Frizz | Le Bazar de Papycha - Papycha.fr",
  "titleUrl": "https://www.google.com/url?q\u003dhttps://papycha.fr/forgefroide-de-missiz-frizz/\u0026usg\u003dAOvVaw0WTIGfk-NqQkyx85anYYs1",
  "time": "2022-03-17T18:14:18.645Z",
  "products": ["Recherche de vidéos"],
  "activityControls": ["Activité sur le Web et les applications"]
},{
  "header": "youtube.com",
  "title": "Vous avez regardé https://www.youtube.com/watch?v\u003d3xgtAcZMaQY",
  "titleUrl": "https://www.youtube.com/watch?v\u003d3xgtAcZMaQY",
  "time": "2019-09-30T16:36:24.009Z",
  "products": ["Recherche de vidéos"],
  "activityControls": ["Activité sur le Web et les applications"]
},{
  "header": "hunterxhunter.fandom.com",
  "title": "Vous avez regardé https://hunterxhunter.fandom.com/fr/wiki/Fichier:Hunter_X_Hunter_(2011)_11_Vostfr_HD",
  "titleUrl": "https://www.google.com/url?q\u003dhttps://hunterxhunter.fandom.com/fr/wiki/Fichier:Hunter_X_Hunter_(2011)_11_Vostfr_HD\u0026usg\u003dAOvVaw3NlicUlCBVjm9YM00V37mZ",
  "time": "2019-08-14T09:56:05.031Z",
  "products": ["Recherche de vidéos"],
  "activityControls": ["Activité sur le Web et les applications"]
},{
  "header": "hunterxhunter.fandom.com",
  "title": "Vous avez regardé https://hunterxhunter.fandom.com/fr/wiki/Fichier:Hunter_X_Hunter_(2011)_10_Vostfr_HD",
  "titleUrl": "https://www.google.com/url?q\u003dhttps://hunterxhunter.fandom.com/fr/wiki/Fichier:Hunter_X_Hunter_(2011)_10_Vostfr_HD\u0026usg\u003dAOvVaw18WzpbAtpkNtOf_6F5pqVP",
  "time": "2019-08-13T17:20:55.572Z",
  "products": ["Recherche de vidéos"],
  "activityControls": ["Activité sur le Web et les applications"]
},{
  "header": "lelivrescolaire.fr",
  "title": "Vous avez regardé 2. Applications | Lelivrescolaire.fr",
  "titleUrl": "https://www.google.com/url?q\u003dhttps://www.lelivrescolaire.fr/page/7085666\u0026usg\u003dAOvVaw3aHjA0t5RAzTPYpGDHgmzm",
  "time": "2019-08-12T12:50:34.778Z",
  "products": ["Recherche de vidéos"],
  "activityControls": ["Activité sur le Web et les applications"]
},{
  "header": "youtube.com",
  "title": "Vous avez regardé Total War: THREE KINGDOMS - Warlords of the Three ... - YouTube",
  "titleUrl": "https://www.youtube.com/watch?v\u003dBuSXOn9KoTw",
  "time": "2019-07-12T16:17:50.879Z",
  "products": ["Recherche de vidéos"],
  "activityControls": ["Activité sur le Web et les applications"]
},{
  "header": "youtube.com",
  "title": "Vous avez regardé LÜ BU CHARGES INTO BATTLE! Total War: Three Kingdoms ...",
  "titleUrl": "https://www.youtube.com/watch?v\u003dtJCgyA8ZWtU",
  "time": "2019-07-12T16:17:12.115Z",
  "products": ["Recherche de vidéos"],
  "activityControls": ["Activité sur le Web et les applications"]
},{
  "header": "youtube.com",
  "title": "Vous avez regardé Total War: THREE KINGDOMS - How to play as Lü Bu - YouTube",
  "titleUrl": "https://www.youtube.com/watch?v\u003dP2uo9b5auyc",
  "time": "2019-07-12T16:16:03.811Z",
  "products": ["Recherche de vidéos"],
  "activityControls": ["Activité sur le Web et les applications"]
},{
  "header": "youtube.com",
  "title": "Vous avez regardé Robin des Bois | conte de fées pour enfants en français | ROBIN ...",
  "titleUrl": "https://www.youtube.com/watch?v\u003dSQqhgEl1DSM",
  "time": "2019-06-22T10:20:39.344Z",
  "products": ["Recherche de vidéos"],
  "activityControls": ["Activité sur le Web et les applications"]
},{
  "header": "v5.anime-ultime.net",
  "title": "Vous avez regardé Clannad streaming Episode 19 vostfr par Chuushin no Fansub",
  "titleUrl": "https://www.google.com/url?q\u003dhttps://v5.anime-ultime.net/Clannad-streaming-Episode-19-vostfr-par-Chuushin-no-Fansub.html\u0026usg\u003dAOvVaw040mZjpxdWMOWTFazM6bsT",
  "time": "2019-06-05T19:38:30.308Z",
  "products": ["Recherche de vidéos"],
  "activityControls": ["Activité sur le Web et les applications"]
},{
  "header": "dailymotion.com",
  "title": "Vous avez regardé Clannad - S 1 - E 15 - [VOSTFR] - video Dailymotion",
  "titleUrl": "https://www.google.com/url?q\u003dhttps://www.dailymotion.com/video/x72gua7\u0026usg\u003dAOvVaw09PuMyXB2t3w_1WaZv8pj9",
  "time": "2019-06-05T19:37:26.919Z",
  "products": ["Recherche de vidéos"],
  "activityControls": ["Activité sur le Web et les applications"]
},{
  "header": "dailymotion.com",
  "title": "Vous avez regardé Clannad - S 1 - E 19 - [VOSTFR] - video Dailymotion",
  "titleUrl": "https://www.google.com/url?q\u003dhttps://www.dailymotion.com/video/x72jh7b\u0026usg\u003dAOvVaw0qzCpzpd64IG0EN018ilIN",
  "time": "2019-06-05T19:37:05.923Z",
  "products": ["Recherche de vidéos"],
  "activityControls": ["Activité sur le Web et les applications"]
},{
  "header": "v5.anime-ultime.net",
  "title": "Vous avez regardé Clannad streaming Episode 19 vostfr par Requiem - Anime-Ultime",
  "titleUrl": "https://www.google.com/url?q\u003dhttps://v5.anime-ultime.net/Clannad-streaming-Episode-19-vostfr-par-Requiem.html\u0026usg\u003dAOvVaw2QMysS_sgXZtgvjWJZuMtZ",
  "time": "2019-06-05T19:35:45.358Z",
  "products": ["Recherche de vidéos"],
  "activityControls": ["Activité sur le Web et les applications"]
},{
  "header": "v5.anime-ultime.net",
  "title": "Vous avez regardé Clannad streaming Episode 19 vostfr par Hibi no Yume - Anime-Ultime",
  "titleUrl": "https://www.google.com/url?q\u003dhttps://v5.anime-ultime.net/Clannad-streaming-Episode-19-vostfr-par-Hibi-no-Yume.html\u0026usg\u003dAOvVaw397wfl_dj4Rkg-pf9apOI4",
  "time": "2019-06-05T19:35:38.121Z",
  "products": ["Recherche de vidéos"],
  "activityControls": ["Activité sur le Web et les applications"]
},{
  "header": "rutube.ru",
  "title": "Vous avez regardé https://rutube.ru/video/01e5295eea5664743db3ffd6fe651a31/",
  "titleUrl": "https://www.google.com/url?q\u003dhttps://rutube.ru/video/01e5295eea5664743db3ffd6fe651a31/\u0026usg\u003dAOvVaw0iG-pdsflnEhAEVCeEQM7o",
  "time": "2019-06-05T19:35:04.929Z",
  "products": ["Recherche de vidéos"],
  "activityControls": ["Activité sur le Web et les applications"]
},{
  "header": "rutube.ru",
  "title": "Vous avez regardé https://rutube.ru/video/7784cc6f9af489f83a21eaf5634f35ea/",
  "titleUrl": "https://www.google.com/url?q\u003dhttps://rutube.ru/video/7784cc6f9af489f83a21eaf5634f35ea/\u0026usg\u003dAOvVaw3ZKaGLVOHgkoaPDi2Rwg2I",
  "time": "2019-06-05T19:35:00.960Z",
  "products": ["Recherche de vidéos"],
  "activityControls": ["Activité sur le Web et les applications"]
},{
  "header": "linternaute.com",
  "title": "Vous avez regardé https://www.linternaute.com/actualite/politique/1447387-resultat-des-europeennes-2019-ca-tangue-chez-les-perdants-chiffres-actus/",
  "titleUrl": "https://www.google.com/url?q\u003dhttps://www.linternaute.com/actualite/politique/1447387-resultat-des-europeennes-2019-ca-tangue-chez-les-perdants-chiffres-actus/\u0026usg\u003dAOvVaw1O36IK_s2NjbWiHb5WX0r4",
  "time": "2019-05-29T20:10:36.464Z",
  "products": ["Recherche de vidéos"],
  "activityControls": ["Activité sur le Web et les applications"]
},{
  "header": "allocine.fr",
  "title": "Vous avez regardé http://www.allocine.fr/video/player_gen_cmedia\u003d19581858\u0026cfilm\u003d268351.html",
  "titleUrl": "https://www.google.com/url?q\u003dhttp://www.allocine.fr/video/player_gen_cmedia%3D19581858%26cfilm%3D268351.html\u0026usg\u003dAOvVaw2roOIf944sYLQ8_oDL0d5N",
  "time": "2019-05-10T08:16:39.439Z",
  "products": ["Recherche de vidéos"],
  "activityControls": ["Activité sur le Web et les applications"]
},{
  "header": "fr.serie-streaming.net",
  "title": "Vous avez regardé https://fr.serie-streaming.net/serie/gomorra/saison-4/episode-11-streaming-gratuit",
  "titleUrl": "https://www.google.com/url?q\u003dhttps://fr.serie-streaming.net/serie/gomorra/saison-4/episode-11-streaming-gratuit\u0026usg\u003dAOvVaw2d_sYKzBTKOz27J3PinCAH",
  "time": "2019-05-06T20:21:33.792Z",
  "products": ["Recherche de vidéos"],
  "activityControls": ["Activité sur le Web et les applications"]
},{
  "header": "voirseries.co",
  "title": "Vous avez regardé https://www.voirseries.co/series/game-of-thrones-saison-7-episode-7-4537.html",
  "titleUrl": "https://www.google.com/url?q\u003dhttps://www.voirseries.co/series/game-of-thrones-saison-7-episode-7-4537.html\u0026usg\u003dAOvVaw3vYWHkpMH4OWaXah8FAffb",
  "time": "2019-04-11T20:17:42.925Z",
  "products": ["Recherche de vidéos"],
  "activityControls": ["Activité sur le Web et les applications"]
},{
  "header": "voirseries.co",
  "title": "Vous avez regardé https://www.voirseries.co/series/game-of-thrones-saison-7-episode-1-4531.html",
  "titleUrl": "https://www.google.com/url?q\u003dhttps://www.voirseries.co/series/game-of-thrones-saison-7-episode-1-4531.html\u0026usg\u003dAOvVaw1-Q4rW1RrsOFhcjoPcNm6A",
  "time": "2019-04-11T20:06:44.977Z",
  "products": ["Recherche de vidéos"],
  "activityControls": ["Activité sur le Web et les applications"]
},{
  "header": "youtube.com",
  "title": "Vous avez regardé FC Barcelona vs Real Madrid ᴴᴰ REPLAY - YouTube",
  "titleUrl": "https://www.youtube.com/watch?v\u003d4Td4-yRY2Ko",
  "time": "2019-02-28T10:22:37.259Z",
  "products": ["Recherche de vidéos"],
  "activityControls": ["Activité sur le Web et les applications"]
},{
  "header": "youtube.com",
  "title": "Vous avez regardé [SpeedSub] Dororo Episode 7 VOSTFR - YouTube",
  "titleUrl": "https://www.youtube.com/watch?v\u003dfSo7rXm860k",
  "time": "2019-02-26T07:38:48.912Z",
  "products": ["Recherche de vidéos"],
  "activityControls": ["Activité sur le Web et les applications"]
},{
  "header": "dailymotion.com",
  "title": "Vous avez regardé Walt Disney - Le Noël de Mickey (Partie 1) - Vidéo Dailymotion",
  "titleUrl": "https://www.google.com/url?q\u003dhttps://www.dailymotion.com/video/xn60ij\u0026usg\u003dAOvVaw3RyOl6fB5XuATegh9t2RO3",
  "time": "2018-12-19T20:58:02.203Z",
  "products": ["Recherche de vidéos"],
  "activityControls": ["Activité sur le Web et les applications"]
},{
  "header": "youtube.com",
  "title": "Vous avez regardé https://www.youtube.com/watch?v\u003de5AW-_ZPpDg",
  "titleUrl": "https://www.youtube.com/watch?v\u003de5AW-_ZPpDg",
  "time": "2018-12-15T21:56:31.513Z",
  "products": ["Recherche de vidéos"],
  "activityControls": ["Activité sur le Web et les applications"]
},{
  "header": "gum-gum-streaming.video",
  "title": "Vous avez regardé http://gum-gum-streaming.video/noragami-episode-1-vostfr/",
  "titleUrl": "https://www.google.com/url?q\u003dhttp://gum-gum-streaming.video/noragami-episode-1-vostfr/\u0026usg\u003dAOvVaw3TJ3cHzGIYPM9SYAEkjzZp",
  "time": "2018-12-05T21:34:49.358Z",
  "products": ["Recherche de vidéos"],
  "activityControls": ["Activité sur le Web et les applications"]
},{
  "header": "dailymotion.com",
  "title": "Vous avez regardé https://www.dailymotion.com/video/x20kjnz",
  "titleUrl": "https://www.google.com/url?q\u003dhttps://www.dailymotion.com/video/x20kjnz\u0026usg\u003dAOvVaw2oB9IUir-CU3W3o7ZvTCnJ",
  "time": "2018-12-05T21:11:25.544Z",
  "products": ["Recherche de vidéos"],
  "activityControls": ["Activité sur le Web et les applications"]
},{
  "header": "animedigitalnetwork.fr",
  "title": "Vous avez regardé OVERLORD 3 - streaming - VOSTFR et VF - ADN",
  "titleUrl": "https://www.google.com/url?q\u003dhttps://animedigitalnetwork.fr/video/overlord-saison-3\u0026usg\u003dAOvVaw2H49vm5vW8W9D2GSSQTuWw",
  "time": "2018-10-04T07:57:29.345Z",
  "products": ["Recherche de vidéos"],
  "activityControls": ["Activité sur le Web et les applications"]
},{
  "header": "animedigitalnetwork.fr",
  "title": "Vous avez regardé https://animedigitalnetwork.fr/video/my-hero-academia-saison-3/8949-episode-8-8",
  "titleUrl": "https://www.google.com/url?q\u003dhttps://animedigitalnetwork.fr/video/my-hero-academia-saison-3/8949-episode-8-8\u0026usg\u003dAOvVaw1YaJ-4otjr11imjCLr4yAY",
  "time": "2018-05-26T08:15:21.522Z",
  "products": ["Recherche de vidéos"],
  "activityControls": ["Activité sur le Web et les applications"]
},{
  "header": "youtube.com",
  "title": "Vous avez regardé GB10 de A a Z - Comment ameliorer sa team ? - YouTube",
  "titleUrl": "https://www.youtube.com/watch?v\u003dfXRUdmWp9HM",
  "time": "2018-05-23T15:47:04.396Z",
  "products": ["Recherche de vidéos"],
  "activityControls": ["Activité sur le Web et les applications"]
},{
  "header": "dailymotion.com",
  "title": "Vous avez regardé http://www.dailymotion.com/video/x6jzvx1",
  "titleUrl": "https://www.google.com/url?q\u003dhttp://www.dailymotion.com/video/x6jzvx1\u0026usg\u003dAOvVaw2X4b5ObXDAHcmJ4SB8x-J5",
  "time": "2018-05-22T00:35:45.599Z",
  "products": ["Recherche de vidéos"],
  "activityControls": ["Activité sur le Web et les applications"]
},{
  "header": "dailymotion.com",
  "title": "Vous avez regardé http://www.dailymotion.com/video/x6jv6h4",
  "titleUrl": "https://www.google.com/url?q\u003dhttp://www.dailymotion.com/video/x6jv6h4\u0026usg\u003dAOvVaw3EMqx3rMabU2XFuQWtmARr",
  "time": "2018-05-22T00:35:38.956Z",
  "products": ["Recherche de vidéos"],
  "activityControls": ["Activité sur le Web et les applications"]
},{
  "header": "dailymotion.com",
  "title": "Vous avez regardé http://www.dailymotion.com/video/x6juimj",
  "titleUrl": "https://www.google.com/url?q\u003dhttp://www.dailymotion.com/video/x6juimj\u0026usg\u003dAOvVaw0yBH_tn0mFpKxlSO3pWRn4",
  "time": "2018-05-22T00:13:49.395Z",
  "products": ["Recherche de vidéos"],
  "activityControls": ["Activité sur le Web et les applications"]
},{
  "header": "dailymotion.com",
  "title": "Vous avez regardé http://www.dailymotion.com/video/x6juix3",
  "titleUrl": "https://www.google.com/url?q\u003dhttp://www.dailymotion.com/video/x6juix3\u0026usg\u003dAOvVaw1hfOgL7c-IoEvhQK2vW7do",
  "time": "2018-05-22T00:13:42.094Z",
  "products": ["Recherche de vidéos"],
  "activityControls": ["Activité sur le Web et les applications"]
},{
  "header": "animedigitalnetwork.fr",
  "title": "Vous avez regardé My Hero Academia - Saison 3 - Épisode 6 : Dans la tourmente ...",
  "titleUrl": "https://www.google.com/url?q\u003dhttps://animedigitalnetwork.fr/video/my-hero-academia-saison-3/8947-episode-6-dans-la-tourmente\u0026usg\u003dAOvVaw055D-HyudYCD2LPt1oQARb",
  "time": "2018-05-17T19:06:01.794Z",
  "products": ["Recherche de vidéos"],
  "activityControls": ["Activité sur le Web et les applications"]
},{
  "header": "dailymotion.com",
  "title": "Vous avez regardé http://www.dailymotion.com/video/x6c2v6s",
  "titleUrl": "https://www.google.com/url?q\u003dhttp://www.dailymotion.com/video/x6c2v6s\u0026usg\u003dAOvVaw2fw9PtO0gbIjUK6_wX7fq6",
  "time": "2018-05-17T14:40:16.038Z",
  "products": ["Recherche de vidéos"],
  "activityControls": ["Activité sur le Web et les applications"]
},{
  "header": "mangaku.info",
  "title": "Vous avez regardé http://mangaku.info/made-in-abyss-episode-1-vostfr/",
  "titleUrl": "https://www.google.com/url?q\u003dhttp://mangaku.info/made-in-abyss-episode-1-vostfr/\u0026usg\u003dAOvVaw1RXy55QS2Cus75JUvr_KjO",
  "time": "2018-05-06T19:44:09.001Z",
  "products": ["Recherche de vidéos"],
  "activityControls": ["Activité sur le Web et les applications"]
},{
  "header": "dailymotion.com",
  "title": "Vous avez regardé http://www.dailymotion.com/video/x5tbhkf",
  "titleUrl": "https://www.google.com/url?q\u003dhttp://www.dailymotion.com/video/x5tbhkf\u0026usg\u003dAOvVaw2AcgxJCOAxjTuKIYFcNs8h",
  "time": "2018-05-06T19:38:04.972Z",
  "products": ["Recherche de vidéos"],
  "activityControls": ["Activité sur le Web et les applications"]
},{
  "header": "dailymotion.com",
  "title": "Vous avez regardé http://www.dailymotion.com/video/xs0mdh_generique-malcolm-saison-1_shortfilms",
  "titleUrl": "https://www.google.com/url?q\u003dhttp://www.dailymotion.com/video/xs0mdh_generique-malcolm-saison-1_shortfilms\u0026usg\u003dAOvVaw33-gZT8zOSA-gsZZ4Z01FR",
  "time": "2018-04-27T13:13:48.112Z",
  "products": ["Recherche de vidéos"],
  "activityControls": ["Activité sur le Web et les applications"]
},{
  "header": "dailymotion.com",
  "title": "Vous avez regardé https://www.dailymotion.com/video/x6i743j",
  "titleUrl": "https://www.google.com/url?q\u003dhttps://www.dailymotion.com/video/x6i743j\u0026usg\u003dAOvVaw2G6b3zXjVIKEvqGsI4Be4B",
  "time": "2018-04-26T14:01:04.366Z",
  "products": ["Recherche de vidéos"],
  "activityControls": ["Activité sur le Web et les applications"]
},{
  "header": "gogoanime.ph",
  "title": "Vous avez regardé http://www.gogoanime.ph/2018/04/watch-video-darling-in-the-franxx-episode-15-english-subbed.html",
  "titleUrl": "https://www.google.com/url?q\u003dhttp://www.gogoanime.ph/2018/04/watch-video-darling-in-the-franxx-episode-15-english-subbed.html\u0026usg\u003dAOvVaw3uo-6xO1cajfT4KvoH7DvI",
  "time": "2018-04-26T14:00:23.038Z",
  "products": ["Recherche de vidéos"],
  "activityControls": ["Activité sur le Web et les applications"]
},{
  "header": "dailymotion.com",
  "title": "Vous avez regardé http://www.dailymotion.com/video/x6i7qgl",
  "titleUrl": "https://www.google.com/url?q\u003dhttp://www.dailymotion.com/video/x6i7qgl\u0026usg\u003dAOvVaw3pwSrVlhhHvRu161o8FjtT",
  "time": "2018-04-26T14:00:14.430Z",
  "products": ["Recherche de vidéos"],
  "activityControls": ["Activité sur le Web et les applications"]
},{
  "header": "dailymotion.com",
  "title": "Vous avez regardé https://www.dailymotion.com/video/x6i6wh9",
  "titleUrl": "https://www.google.com/url?q\u003dhttps://www.dailymotion.com/video/x6i6wh9\u0026usg\u003dAOvVaw3DLq110LK5boBNtkMD54ew",
  "time": "2018-04-26T14:00:09.730Z",
  "products": ["Recherche de vidéos"],
  "activityControls": ["Activité sur le Web et les applications"]
},{
  "header": "dailymotion.com",
  "title": "Vous avez regardé http://www.dailymotion.com/video/x69xm8q",
  "titleUrl": "https://www.google.com/url?q\u003dhttp://www.dailymotion.com/video/x69xm8q\u0026usg\u003dAOvVaw0l75sv8yRhnp7A5asmJy6t",
  "time": "2018-04-25T13:59:30.971Z",
  "products": ["Recherche de vidéos"],
  "activityControls": ["Activité sur le Web et les applications"]
},{
  "header": "dailymotion.com",
  "title": "Vous avez regardé http://www.dailymotion.com/video/x69cx3h",
  "titleUrl": "https://www.google.com/url?q\u003dhttp://www.dailymotion.com/video/x69cx3h\u0026usg\u003dAOvVaw2FjUHsdJ7bDPvicw7JFsNA",
  "time": "2018-04-25T13:58:45.722Z",
  "products": ["Recherche de vidéos"],
  "activityControls": ["Activité sur le Web et les applications"]
},{
  "header": "youtube.com",
  "title": "Vous avez regardé tu tu ru - YouTube",
  "titleUrl": "https://www.youtube.com/watch?v\u003dImhfIv5NSqY",
  "time": "2018-04-22T14:29:49.468Z",
  "products": ["Recherche de vidéos"],
  "activityControls": ["Activité sur le Web et les applications"]
},{
  "header": "dailymotion.com",
  "title": "Vous avez regardé http://www.dailymotion.com/video/x69cx3h",
  "titleUrl": "https://www.google.com/url?q\u003dhttp://www.dailymotion.com/video/x69cx3h\u0026usg\u003dAOvVaw2FjUHsdJ7bDPvicw7JFsNA",
  "time": "2018-04-18T19:25:22.384Z",
  "products": ["Recherche de vidéos"],
  "activityControls": ["Activité sur le Web et les applications"]
},{
  "header": "youtube.com",
  "title": "Vous avez regardé Comment mettre son éclipse en noir - YouTube",
  "titleUrl": "https://www.youtube.com/watch?v\u003dMeo3g8-EKRE",
  "time": "2018-04-18T13:52:15.322Z",
  "products": ["Recherche de vidéos"],
  "activityControls": ["Activité sur le Web et les applications"]
},{
  "header": "captainmugiwara.fr",
  "title": "Vous avez regardé http://www.captainmugiwara.fr/2017/12/shokugeki-no-soma-saison-4-episode-01-vostfr-hd.html",
  "titleUrl": "https://www.google.com/url?q\u003dhttp://www.captainmugiwara.fr/2017/12/shokugeki-no-soma-saison-4-episode-01-vostfr-hd.html\u0026usg\u003dAOvVaw2vaCBbAs8gYOMPmwb5g2PL",
  "time": "2018-04-16T17:59:56.975Z",
  "products": ["Recherche de vidéos"],
  "activityControls": ["Activité sur le Web et les applications"]
},{
  "header": "dailymotion.com",
  "title": "Vous avez regardé http://www.dailymotion.com/video/x6c2v6s",
  "titleUrl": "https://www.google.com/url?q\u003dhttp://www.dailymotion.com/video/x6c2v6s\u0026usg\u003dAOvVaw2fw9PtO0gbIjUK6_wX7fq6",
  "time": "2018-04-16T17:58:58.503Z",
  "products": ["Recherche de vidéos"],
  "activityControls": ["Activité sur le Web et les applications"]
},{
  "header": "youtube.com",
  "title": "Vous avez regardé Panda Cheese Commercial All Parts - Subtitled EN - YouTube",
  "titleUrl": "https://www.youtube.com/watch?v\u003dhElms3Jk1Ls",
  "time": "2018-04-09T20:08:41.695Z",
  "products": ["Recherche de vidéos"],
  "activityControls": ["Activité sur le Web et les applications"]
},{
  "header": "crunchyroll.com",
  "title": "Vous avez regardé http://www.crunchyroll.com/darling-in-the-franxx/episode-1-alone-and-lonesome-759575",
  "titleUrl": "https://www.google.com/url?q\u003dhttp://www.crunchyroll.com/darling-in-the-franxx/episode-1-alone-and-lonesome-759575\u0026usg\u003dAOvVaw1Dvc9V4x6pvmL3e44m4dw_",
  "time": "2018-04-03T10:05:18.781Z",
  "products": ["Recherche de vidéos"],
  "activityControls": ["Activité sur le Web et les applications"]
},{
  "header": "dailymotion.com",
  "title": "Vous avez regardé http://www.dailymotion.com/video/x4to15i",
  "titleUrl": "https://www.google.com/url?q\u003dhttp://www.dailymotion.com/video/x4to15i\u0026usg\u003dAOvVaw0xonY1PiXzMIqISVj_furG",
  "time": "2018-03-31T20:25:23.826Z",
  "products": ["Recherche de vidéos"],
  "activityControls": ["Activité sur le Web et les applications"]
},{
  "header": "dailymotion.com",
  "title": "Vous avez regardé http://www.dailymotion.com/video/x5ru05f",
  "titleUrl": "https://www.google.com/url?q\u003dhttp://www.dailymotion.com/video/x5ru05f\u0026usg\u003dAOvVaw1qIXvceAKajZGO0sPLHwQw",
  "time": "2018-03-28T19:47:45.486Z",
  "products": ["Recherche de vidéos"],
  "activityControls": ["Activité sur le Web et les applications"]
},{
  "header": "dailymotion.com",
  "title": "Vous avez regardé http://www.dailymotion.com/video/xd2i16",
  "titleUrl": "https://www.google.com/url?q\u003dhttp://www.dailymotion.com/video/xd2i16\u0026usg\u003dAOvVaw3YO694GuPYFD9uenylhBKx",
  "time": "2018-03-28T19:26:34.115Z",
  "products": ["Recherche de vidéos"],
  "activityControls": ["Activité sur le Web et les applications"]
},{
  "header": "dailymotion.com",
  "title": "Vous avez regardé http://www.dailymotion.com/video/x5gg2gf",
  "titleUrl": "https://www.google.com/url?q\u003dhttp://www.dailymotion.com/video/x5gg2gf\u0026usg\u003dAOvVaw2A5rAh4U7tIX6GqvbBp5Ws",
  "time": "2018-03-26T18:26:05.006Z",
  "products": ["Recherche de vidéos"],
  "activityControls": ["Activité sur le Web et les applications"]
}]