{"impressions_history_ads_seen": [{"title": "", "media_map_data": {}, "string_map_data": {"Auteur": {"href": "", "value": "Scott Inc", "timestamp": 0}, "Heure": {"href": "", "value": "", "timestamp": 1646810883}}}, {"title": "", "media_map_data": {}, "string_map_data": {"Auteur": {"href": "", "value": "Thomas-Vazquez", "timestamp": 0}, "Heure": {"href": "", "value": "", "timestamp": 1559125852}}}, {"title": "", "media_map_data": {}, "string_map_data": {"Auteur": {"href": "", "value": "Estrada-Patterson", "timestamp": 0}, "Heure": {"href": "", "value": "", "timestamp": 1653991639}}}, {"title": "", "media_map_data": {}, "string_map_data": {"Auteur": {"href": "", "value": "Smith-Gill", "timestamp": 0}, "Heure": {"href": "", "value": "", "timestamp": 1623676631}}}, {"title": "", "media_map_data": {}, "string_map_data": {"Auteur": {"href": "", "value": "Wood-Hamilton", "timestamp": 0}, "Heure": {"href": "", "value": "", "timestamp": 1626908925}}}, {"title": "", "media_map_data": {}, "string_map_data": {"Auteur": {"href": "", "value": "Miller-Diaz", "timestamp": 0}, "Heure": {"href": "", "value": "", "timestamp": 1518574935}}}, {"title": "", "media_map_data": {}, "string_map_data": {"Auteur": {"href": "", "value": "Fisher-Austin", "timestamp": 0}, "Heure": {"href": "", "value": "", "timestamp": 1570015248}}}, {"title": "", "media_map_data": {}, "string_map_data": {"Auteur": {"href": "", "value": "Stone, Rogers and Moss", "timestamp": 0}, "Heure": {"href": "", "value": "", "timestamp": 1527688422}}}, {"title": "", "media_map_data": {}, "string_map_data": {"Auteur": {"href": "", "value": "Patterson-Griffith", "timestamp": 0}, "Heure": {"href": "", "value": "", "timestamp": 1551654359}}}, {"title": "", "media_map_data": {}, "string_map_data": {"Auteur": {"href": "", "value": "Sampson, Thompson and Adams", "timestamp": 0}, "Heure": {"href": "", "value": "", "timestamp": 1542945718}}}, {"title": "", "media_map_data": {}, "string_map_data": {"Auteur": {"href": "", "value": "Osborn, Johnson and Allen", "timestamp": 0}, "Heure": {"href": "", "value": "", "timestamp": 1654145716}}}, {"title": "", "media_map_data": {}, "string_map_data": {"Auteur": {"href": "", "value": "Ellis, Hernandez and Jackson", "timestamp": 0}, "Heure": {"href": "", "value": "", "timestamp": 1533438156}}}, {"title": "", "media_map_data": {}, "string_map_data": {"Auteur": {"href": "", "value": "Patterson-Harper", "timestamp": 0}, "Heure": {"href": "", "value": "", "timestamp": 1652976620}}}, {"title": "", "media_map_data": {}, "string_map_data": {"Auteur": {"href": "", "value": "Murray, Mayo and Bates", "timestamp": 0}, "Heure": {"href": "", "value": "", "timestamp": 1590166025}}}, {"title": "", "media_map_data": {}, "string_map_data": {"Auteur": {"href": "", "value": "Freeman-Harper", "timestamp": 0}, "Heure": {"href": "", "value": "", "timestamp": 1514550576}}}, {"title": "", "media_map_data": {}, "string_map_data": {"Auteur": {"href": "", "value": "Bender PLC", "timestamp": 0}, "Heure": {"href": "", "value": "", "timestamp": 1615167994}}}, {"title": "", "media_map_data": {}, "string_map_data": {"Auteur": {"href": "", "value": "Martin-Shaw", "timestamp": 0}, "Heure": {"href": "", "value": "", "timestamp": 1600801265}}}, {"title": "", "media_map_data": {}, "string_map_data": {"Auteur": {"href": "", "value": "Mcgrath-Lopez", "timestamp": 0}, "Heure": {"href": "", "value": "", "timestamp": 1575566997}}}, {"title": "", "media_map_data": {}, "string_map_data": {"Auteur": {"href": "", "value": "Mendez, Smith and Chang", "timestamp": 0}, "Heure": {"href": "", "value": "", "timestamp": 1544764019}}}, {"title": "", "media_map_data": {}, "string_map_data": {"Auteur": {"href": "", "value": "Velazquez LLC", "timestamp": 0}, "Heure": {"href": "", "value": "", "timestamp": 1652492716}}}, {"title": "", "media_map_data": {}, "string_map_data": {"Auteur": {"href": "", "value": "Rivera, Williams and Davis", "timestamp": 0}, "Heure": {"href": "", "value": "", "timestamp": 1649623688}}}, {"title": "", "media_map_data": {}, "string_map_data": {"Auteur": {"href": "", "value": "White and Sons", "timestamp": 0}, "Heure": {"href": "", "value": "", "timestamp": 1557373606}}}, {"title": "", "media_map_data": {}, "string_map_data": {"Auteur": {"href": "", "value": "Cuevas, Garrett and Taylor", "timestamp": 0}, "Heure": {"href": "", "value": "", "timestamp": 1618419102}}}, {"title": "", "media_map_data": {}, "string_map_data": {"Auteur": {"href": "", "value": "Taylor PLC", "timestamp": 0}, "Heure": {"href": "", "value": "", "timestamp": 1592367581}}}, {"title": "", "media_map_data": {}, "string_map_data": {"Auteur": {"href": "", "value": "Nichols and Sons", "timestamp": 0}, "Heure": {"href": "", "value": "", "timestamp": 1525772380}}}, {"title": "", "media_map_data": {}, "string_map_data": {"Auteur": {"href": "", "value": "Hudson-Deleon", "timestamp": 0}, "Heure": {"href": "", "value": "", "timestamp": 1642000766}}}, {"title": "", "media_map_data": {}, "string_map_data": {"Auteur": {"href": "", "value": "Hill, Taylor and Fernandez", "timestamp": 0}, "Heure": {"href": "", "value": "", "timestamp": 1616609446}}}, {"title": "", "media_map_data": {}, "string_map_data": {"Auteur": {"href": "", "value": "Anderson, Pierce and Briggs", "timestamp": 0}, "Heure": {"href": "", "value": "", "timestamp": 1549525863}}}, {"title": "", "media_map_data": {}, "string_map_data": {"Auteur": {"href": "", "value": "Silva, Hoover and Elliott", "timestamp": 0}, "Heure": {"href": "", "value": "", "timestamp": 1594501215}}}, {"title": "", "media_map_data": {}, "string_map_data": {"Auteur": {"href": "", "value": "Thompson LLC", "timestamp": 0}, "Heure": {"href": "", "value": "", "timestamp": 1655773330}}}, {"title": "", "media_map_data": {}, "string_map_data": {"Auteur": {"href": "", "value": "Watson-Johnson", "timestamp": 0}, "Heure": {"href": "", "value": "", "timestamp": 1598860891}}}, {"title": "", "media_map_data": {}, "string_map_data": {"Auteur": {"href": "", "value": "Jackson PLC", "timestamp": 0}, "Heure": {"href": "", "value": "", "timestamp": 1545016541}}}, {"title": "", "media_map_data": {}, "string_map_data": {"Auteur": {"href": "", "value": "Mitchell-Collins", "timestamp": 0}, "Heure": {"href": "", "value": "", "timestamp": 1565159471}}}, {"title": "", "media_map_data": {}, "string_map_data": {"Auteur": {"href": "", "value": "Hayes-Ramos", "timestamp": 0}, "Heure": {"href": "", "value": "", "timestamp": 1629992091}}}, {"title": "", "media_map_data": {}, "string_map_data": {"Auteur": {"href": "", "value": "Dennis, West and Anderson", "timestamp": 0}, "Heure": {"href": "", "value": "", "timestamp": 1543098794}}}, {"title": "", "media_map_data": {}, "string_map_data": {"Auteur": {"href": "", "value": "Allen PLC", "timestamp": 0}, "Heure": {"href": "", "value": "", "timestamp": 1603085684}}}, {"title": "", "media_map_data": {}, "string_map_data": {"Auteur": {"href": "", "value": "Newton and Sons", "timestamp": 0}, "Heure": {"href": "", "value": "", "timestamp": 1602244989}}}, {"title": "", "media_map_data": {}, "string_map_data": {"Auteur": {"href": "", "value": "Pratt, Flores and Osborne", "timestamp": 0}, "Heure": {"href": "", "value": "", "timestamp": 1659039867}}}, {"title": "", "media_map_data": {}, "string_map_data": {"Auteur": {"href": "", "value": "Perez and Sons", "timestamp": 0}, "Heure": {"href": "", "value": "", "timestamp": 1576312030}}}, {"title": "", "media_map_data": {}, "string_map_data": {"Auteur": {"href": "", "value": "Bailey Group", "timestamp": 0}, "Heure": {"href": "", "value": "", "timestamp": 1583008609}}}, {"title": "", "media_map_data": {}, "string_map_data": {"Auteur": {"href": "", "value": "Lara-Morrison", "timestamp": 0}, "Heure": {"href": "", "value": "", "timestamp": 1587254116}}}, {"title": "", "media_map_data": {}, "string_map_data": {"Auteur": {"href": "", "value": "Michael-Anderson", "timestamp": 0}, "Heure": {"href": "", "value": "", "timestamp": 1562612147}}}, {"title": "", "media_map_data": {}, "string_map_data": {"Auteur": {"href": "", "value": "Olsen-English", "timestamp": 0}, "Heure": {"href": "", "value": "", "timestamp": 1579482349}}}, {"title": "", "media_map_data": {}, "string_map_data": {"Auteur": {"href": "", "value": "George, Arellano and Cooper", "timestamp": 0}, "Heure": {"href": "", "value": "", "timestamp": 1601132797}}}, {"title": "", "media_map_data": {}, "string_map_data": {"Auteur": {"href": "", "value": "Hernandez-Carlson", "timestamp": 0}, "Heure": {"href": "", "value": "", "timestamp": 1584904896}}}, {"title": "", "media_map_data": {}, "string_map_data": {"Auteur": {"href": "", "value": "Martinez-Hernandez", "timestamp": 0}, "Heure": {"href": "", "value": "", "timestamp": 1591952004}}}, {"title": "", "media_map_data": {}, "string_map_data": {"Auteur": {"href": "", "value": "Klein, Paul and Smith", "timestamp": 0}, "Heure": {"href": "", "value": "", "timestamp": 1510490122}}}, {"title": "", "media_map_data": {}, "string_map_data": {"Auteur": {"href": "", "value": "Powell, Johnson and Frank", "timestamp": 0}, "Heure": {"href": "", "value": "", "timestamp": 1633948347}}}, {"title": "", "media_map_data": {}, "string_map_data": {"Auteur": {"href": "", "value": "Kaiser-Smith", "timestamp": 0}, "Heure": {"href": "", "value": "", "timestamp": 1598693460}}}, {"title": "", "media_map_data": {}, "string_map_data": {"Auteur": {"href": "", "value": "Allen Ltd", "timestamp": 0}, "Heure": {"href": "", "value": "", "timestamp": 1598981687}}}, {"title": "", "media_map_data": {}, "string_map_data": {"Auteur": {"href": "", "value": "Charles PLC", "timestamp": 0}, "Heure": {"href": "", "value": "", "timestamp": 1534384031}}}, {"title": "", "media_map_data": {}, "string_map_data": {"Auteur": {"href": "", "value": "Jensen-Pratt", "timestamp": 0}, "Heure": {"href": "", "value": "", "timestamp": 1599812114}}}, {"title": "", "media_map_data": {}, "string_map_data": {"Auteur": {"href": "", "value": "Rodriguez-Stanton", "timestamp": 0}, "Heure": {"href": "", "value": "", "timestamp": 1642442288}}}, {"title": "", "media_map_data": {}, "string_map_data": {"Auteur": {"href": "", "value": "Moore, Evans and Walton", "timestamp": 0}, "Heure": {"href": "", "value": "", "timestamp": 1514491311}}}, {"title": "", "media_map_data": {}, "string_map_data": {"Auteur": {"href": "", "value": "Thornton, Palmer and Hodges", "timestamp": 0}, "Heure": {"href": "", "value": "", "timestamp": 1630465259}}}, {"title": "", "media_map_data": {}, "string_map_data": {"Auteur": {"href": "", "value": "Gomez Group", "timestamp": 0}, "Heure": {"href": "", "value": "", "timestamp": 1650507447}}}, {"title": "", "media_map_data": {}, "string_map_data": {"Auteur": {"href": "", "value": "Mcgee, Powers and Bishop", "timestamp": 0}, "Heure": {"href": "", "value": "", "timestamp": 1629075438}}}, {"title": "", "media_map_data": {}, "string_map_data": {"Auteur": {"href": "", "value": "Nguyen, Ramirez and Romero", "timestamp": 0}, "Heure": {"href": "", "value": "", "timestamp": 1621485438}}}, {"title": "", "media_map_data": {}, "string_map_data": {"Auteur": {"href": "", "value": "Cox-Jones", "timestamp": 0}, "Heure": {"href": "", "value": "", "timestamp": 1620089053}}}, {"title": "", "media_map_data": {}, "string_map_data": {"Auteur": {"href": "", "value": "Doyle-Atkins", "timestamp": 0}, "Heure": {"href": "", "value": "", "timestamp": 1641197651}}}, {"title": "", "media_map_data": {}, "string_map_data": {"Auteur": {"href": "", "value": "Cox Ltd", "timestamp": 0}, "Heure": {"href": "", "value": "", "timestamp": 1557968233}}}, {"title": "", "media_map_data": {}, "string_map_data": {"Auteur": {"href": "", "value": "Juarez, Terry and Smith", "timestamp": 0}, "Heure": {"href": "", "value": "", "timestamp": 1563610502}}}, {"title": "", "media_map_data": {}, "string_map_data": {"Auteur": {"href": "", "value": "Jones, Anthony and Villanueva", "timestamp": 0}, "Heure": {"href": "", "value": "", "timestamp": 1628442161}}}, {"title": "", "media_map_data": {}, "string_map_data": {"Auteur": {"href": "", "value": "Garrison-Figueroa", "timestamp": 0}, "Heure": {"href": "", "value": "", "timestamp": 1597390892}}}, {"title": "", "media_map_data": {}, "string_map_data": {"Auteur": {"href": "", "value": "Cook-White", "timestamp": 0}, "Heure": {"href": "", "value": "", "timestamp": 1606083838}}}, {"title": "", "media_map_data": {}, "string_map_data": {"Auteur": {"href": "", "value": "Scott Ltd", "timestamp": 0}, "Heure": {"href": "", "value": "", "timestamp": 1561489411}}}, {"title": "", "media_map_data": {}, "string_map_data": {"Auteur": {"href": "", "value": "Vega, Little and Wright", "timestamp": 0}, "Heure": {"href": "", "value": "", "timestamp": 1660540799}}}, {"title": "", "media_map_data": {}, "string_map_data": {"Auteur": {"href": "", "value": "Cook Ltd", "timestamp": 0}, "Heure": {"href": "", "value": "", "timestamp": 1566176158}}}, {"title": "", "media_map_data": {}, "string_map_data": {"Auteur": {"href": "", "value": "Cook-Ingram", "timestamp": 0}, "Heure": {"href": "", "value": "", "timestamp": 1522022382}}}, {"title": "", "media_map_data": {}, "string_map_data": {"Auteur": {"href": "", "value": "Sanchez, Tate and Adams", "timestamp": 0}, "Heure": {"href": "", "value": "", "timestamp": 1528453136}}}, {"title": "", "media_map_data": {}, "string_map_data": {"Auteur": {"href": "", "value": "Woods LLC", "timestamp": 0}, "Heure": {"href": "", "value": "", "timestamp": 1651339108}}}, {"title": "", "media_map_data": {}, "string_map_data": {"Auteur": {"href": "", "value": "Gentry Group", "timestamp": 0}, "Heure": {"href": "", "value": "", "timestamp": 1615809260}}}, {"title": "", "media_map_data": {}, "string_map_data": {"Auteur": {"href": "", "value": "Alvarado-Dunlap", "timestamp": 0}, "Heure": {"href": "", "value": "", "timestamp": 1575727929}}}, {"title": "", "media_map_data": {}, "string_map_data": {"Auteur": {"href": "", "value": "Hughes, Reynolds and Cameron", "timestamp": 0}, "Heure": {"href": "", "value": "", "timestamp": 1601149720}}}, {"title": "", "media_map_data": {}, "string_map_data": {"Auteur": {"href": "", "value": "Taylor, Douglas and Garcia", "timestamp": 0}, "Heure": {"href": "", "value": "", "timestamp": 1633534594}}}, {"title": "", "media_map_data": {}, "string_map_data": {"Auteur": {"href": "", "value": "Morales, Carlson and Wright", "timestamp": 0}, "Heure": {"href": "", "value": "", "timestamp": 1613418696}}}, {"title": "", "media_map_data": {}, "string_map_data": {"Auteur": {"href": "", "value": "Torres and Sons", "timestamp": 0}, "Heure": {"href": "", "value": "", "timestamp": 1619855476}}}, {"title": "", "media_map_data": {}, "string_map_data": {"Auteur": {"href": "", "value": "Mueller PLC", "timestamp": 0}, "Heure": {"href": "", "value": "", "timestamp": 1587161890}}}, {"title": "", "media_map_data": {}, "string_map_data": {"Auteur": {"href": "", "value": "Garcia, White and Riley", "timestamp": 0}, "Heure": {"href": "", "value": "", "timestamp": 1638581571}}}, {"title": "", "media_map_data": {}, "string_map_data": {"Auteur": {"href": "", "value": "Wilson-Blake", "timestamp": 0}, "Heure": {"href": "", "value": "", "timestamp": 1619116596}}}, {"title": "", "media_map_data": {}, "string_map_data": {"Auteur": {"href": "", "value": "Gutierrez, Santos and Cook", "timestamp": 0}, "Heure": {"href": "", "value": "", "timestamp": 1646474781}}}, {"title": "", "media_map_data": {}, "string_map_data": {"Auteur": {"href": "", "value": "Carter LLC", "timestamp": 0}, "Heure": {"href": "", "value": "", "timestamp": 1534307488}}}, {"title": "", "media_map_data": {}, "string_map_data": {"Auteur": {"href": "", "value": "Adams, Barton and Rios", "timestamp": 0}, "Heure": {"href": "", "value": "", "timestamp": 1537796014}}}, {"title": "", "media_map_data": {}, "string_map_data": {"Auteur": {"href": "", "value": "Vega and Sons", "timestamp": 0}, "Heure": {"href": "", "value": "", "timestamp": 1641372043}}}, {"title": "", "media_map_data": {}, "string_map_data": {"Auteur": {"href": "", "value": "Cain-Harvey", "timestamp": 0}, "Heure": {"href": "", "value": "", "timestamp": 1613007535}}}, {"title": "", "media_map_data": {}, "string_map_data": {"Auteur": {"href": "", "value": "Olsen Inc", "timestamp": 0}, "Heure": {"href": "", "value": "", "timestamp": 1570806746}}}, {"title": "", "media_map_data": {}, "string_map_data": {"Auteur": {"href": "", "value": "Wise, Gibson and Rice", "timestamp": 0}, "Heure": {"href": "", "value": "", "timestamp": 1636492922}}}, {"title": "", "media_map_data": {}, "string_map_data": {"Auteur": {"href": "", "value": "Brown Ltd", "timestamp": 0}, "Heure": {"href": "", "value": "", "timestamp": 1585163116}}}, {"title": "", "media_map_data": {}, "string_map_data": {"Auteur": {"href": "", "value": "Edwards, Brown and Lucas", "timestamp": 0}, "Heure": {"href": "", "value": "", "timestamp": 1594762080}}}, {"title": "", "media_map_data": {}, "string_map_data": {"Auteur": {"href": "", "value": "Garcia-Burton", "timestamp": 0}, "Heure": {"href": "", "value": "", "timestamp": 1569097211}}}, {"title": "", "media_map_data": {}, "string_map_data": {"Auteur": {"href": "", "value": "Cole Group", "timestamp": 0}, "Heure": {"href": "", "value": "", "timestamp": 1512088339}}}, {"title": "", "media_map_data": {}, "string_map_data": {"Auteur": {"href": "", "value": "Edwards-Bradley", "timestamp": 0}, "Heure": {"href": "", "value": "", "timestamp": 1537579194}}}, {"title": "", "media_map_data": {}, "string_map_data": {"Auteur": {"href": "", "value": "Walton-Walker", "timestamp": 0}, "Heure": {"href": "", "value": "", "timestamp": 1577074806}}}, {"title": "", "media_map_data": {}, "string_map_data": {"Auteur": {"href": "", "value": "Torres PLC", "timestamp": 0}, "Heure": {"href": "", "value": "", "timestamp": 1625969115}}}, {"title": "", "media_map_data": {}, "string_map_data": {"Auteur": {"href": "", "value": "Gonzalez and Sons", "timestamp": 0}, "Heure": {"href": "", "value": "", "timestamp": 1647988677}}}, {"title": "", "media_map_data": {}, "string_map_data": {"Auteur": {"href": "", "value": "Wilson-Harris", "timestamp": 0}, "Heure": {"href": "", "value": "", "timestamp": 1630587804}}}, {"title": "", "media_map_data": {}, "string_map_data": {"Auteur": {"href": "", "value": "Smith Inc", "timestamp": 0}, "Heure": {"href": "", "value": "", "timestamp": 1577747177}}}, {"title": "", "media_map_data": {}, "string_map_data": {"Auteur": {"href": "", "value": "Robinson-Andrade", "timestamp": 0}, "Heure": {"href": "", "value": "", "timestamp": 1528928776}}}, {"title": "", "media_map_data": {}, "string_map_data": {"Auteur": {"href": "", "value": "Watts LLC", "timestamp": 0}, "Heure": {"href": "", "value": "", "timestamp": 1642615145}}}, {"title": "", "media_map_data": {}, "string_map_data": {"Auteur": {"href": "", "value": "Wood, Williams and Fischer", "timestamp": 0}, "Heure": {"href": "", "value": "", "timestamp": 1656984419}}}, {"title": "", "media_map_data": {}, "string_map_data": {"Auteur": {"href": "", "value": "Campos, Miles and Owens", "timestamp": 0}, "Heure": {"href": "", "value": "", "timestamp": 1629159535}}}, {"title": "", "media_map_data": {}, "string_map_data": {"Auteur": {"href": "", "value": "Rivera Ltd", "timestamp": 0}, "Heure": {"href": "", "value": "", "timestamp": 1579441347}}}, {"title": "", "media_map_data": {}, "string_map_data": {"Auteur": {"href": "", "value": "Brown-Smith", "timestamp": 0}, "Heure": {"href": "", "value": "", "timestamp": 1515409515}}}, {"title": "", "media_map_data": {}, "string_map_data": {"Auteur": {"href": "", "value": "Myers LLC", "timestamp": 0}, "Heure": {"href": "", "value": "", "timestamp": 1532169432}}}, {"title": "", "media_map_data": {}, "string_map_data": {"Auteur": {"href": "", "value": "Gallegos, Johnson and Jones", "timestamp": 0}, "Heure": {"href": "", "value": "", "timestamp": 1534502434}}}, {"title": "", "media_map_data": {}, "string_map_data": {"Auteur": {"href": "", "value": "Wood-Lewis", "timestamp": 0}, "Heure": {"href": "", "value": "", "timestamp": 1543669224}}}, {"title": "", "media_map_data": {}, "string_map_data": {"Auteur": {"href": "", "value": "Orozco Group", "timestamp": 0}, "Heure": {"href": "", "value": "", "timestamp": 1655507532}}}, {"title": "", "media_map_data": {}, "string_map_data": {"Auteur": {"href": "", "value": "Williams-Lutz", "timestamp": 0}, "Heure": {"href": "", "value": "", "timestamp": 1642522694}}}, {"title": "", "media_map_data": {}, "string_map_data": {"Auteur": {"href": "", "value": "Brown, Elliott and Gray", "timestamp": 0}, "Heure": {"href": "", "value": "", "timestamp": 1539882677}}}, {"title": "", "media_map_data": {}, "string_map_data": {"Auteur": {"href": "", "value": "Lynch-Jones", "timestamp": 0}, "Heure": {"href": "", "value": "", "timestamp": 1592492144}}}, {"title": "", "media_map_data": {}, "string_map_data": {"Auteur": {"href": "", "value": "Lawson-Hardin", "timestamp": 0}, "Heure": {"href": "", "value": "", "timestamp": 1544753414}}}, {"title": "", "media_map_data": {}, "string_map_data": {"Auteur": {"href": "", "value": "Burns LLC", "timestamp": 0}, "Heure": {"href": "", "value": "", "timestamp": 1551746978}}}, {"title": "", "media_map_data": {}, "string_map_data": {"Auteur": {"href": "", "value": "Rose-Hernandez", "timestamp": 0}, "Heure": {"href": "", "value": "", "timestamp": 1659083207}}}, {"title": "", "media_map_data": {}, "string_map_data": {"Auteur": {"href": "", "value": "Sanchez Group", "timestamp": 0}, "Heure": {"href": "", "value": "", "timestamp": 1533715487}}}, {"title": "", "media_map_data": {}, "string_map_data": {"Auteur": {"href": "", "value": "Tate LLC", "timestamp": 0}, "Heure": {"href": "", "value": "", "timestamp": 1644897888}}}, {"title": "", "media_map_data": {}, "string_map_data": {"Auteur": {"href": "", "value": "Davis, Martin and Gardner", "timestamp": 0}, "Heure": {"href": "", "value": "", "timestamp": 1528524643}}}, {"title": "", "media_map_data": {}, "string_map_data": {"Auteur": {"href": "", "value": "Hale-White", "timestamp": 0}, "Heure": {"href": "", "value": "", "timestamp": 1527007995}}}, {"title": "", "media_map_data": {}, "string_map_data": {"Auteur": {"href": "", "value": "Goodman-Baker", "timestamp": 0}, "Heure": {"href": "", "value": "", "timestamp": 1600121932}}}, {"title": "", "media_map_data": {}, "string_map_data": {"Auteur": {"href": "", "value": "Hester-Kim", "timestamp": 0}, "Heure": {"href": "", "value": "", "timestamp": 1570828418}}}, {"title": "", "media_map_data": {}, "string_map_data": {"Auteur": {"href": "", "value": "Herrera Inc", "timestamp": 0}, "Heure": {"href": "", "value": "", "timestamp": 1560502616}}}, {"title": "", "media_map_data": {}, "string_map_data": {"Auteur": {"href": "", "value": "Williams Group", "timestamp": 0}, "Heure": {"href": "", "value": "", "timestamp": 1592684263}}}, {"title": "", "media_map_data": {}, "string_map_data": {"Auteur": {"href": "", "value": "Sampson-Arellano", "timestamp": 0}, "Heure": {"href": "", "value": "", "timestamp": 1609067577}}}, {"title": "", "media_map_data": {}, "string_map_data": {"Auteur": {"href": "", "value": "Torres Group", "timestamp": 0}, "Heure": {"href": "", "value": "", "timestamp": 1545897526}}}, {"title": "", "media_map_data": {}, "string_map_data": {"Auteur": {"href": "", "value": "Bennett, Conley and Cooper", "timestamp": 0}, "Heure": {"href": "", "value": "", "timestamp": 1634766872}}}, {"title": "", "media_map_data": {}, "string_map_data": {"Auteur": {"href": "", "value": "Ball Inc", "timestamp": 0}, "Heure": {"href": "", "value": "", "timestamp": 1609285095}}}, {"title": "", "media_map_data": {}, "string_map_data": {"Auteur": {"href": "", "value": "Arias LLC", "timestamp": 0}, "Heure": {"href": "", "value": "", "timestamp": 1544085964}}}, {"title": "", "media_map_data": {}, "string_map_data": {"Auteur": {"href": "", "value": "Jones PLC", "timestamp": 0}, "Heure": {"href": "", "value": "", "timestamp": 1617413155}}}, {"title": "", "media_map_data": {}, "string_map_data": {"Auteur": {"href": "", "value": "Kim-Mathis", "timestamp": 0}, "Heure": {"href": "", "value": "", "timestamp": 1627153487}}}, {"title": "", "media_map_data": {}, "string_map_data": {"Auteur": {"href": "", "value": "Combs-Hunt", "timestamp": 0}, "Heure": {"href": "", "value": "", "timestamp": 1554109573}}}, {"title": "", "media_map_data": {}, "string_map_data": {"Auteur": {"href": "", "value": "Fitzpatrick, Kelley and Wilson", "timestamp": 0}, "Heure": {"href": "", "value": "", "timestamp": 1522664431}}}, {"title": "", "media_map_data": {}, "string_map_data": {"Auteur": {"href": "", "value": "Young, Craig and Farmer", "timestamp": 0}, "Heure": {"href": "", "value": "", "timestamp": 1568691181}}}, {"title": "", "media_map_data": {}, "string_map_data": {"Auteur": {"href": "", "value": "Curtis-Thompson", "timestamp": 0}, "Heure": {"href": "", "value": "", "timestamp": 1569612428}}}, {"title": "", "media_map_data": {}, "string_map_data": {"Auteur": {"href": "", "value": "Rangel-Sanchez", "timestamp": 0}, "Heure": {"href": "", "value": "", "timestamp": 1615425633}}}, {"title": "", "media_map_data": {}, "string_map_data": {"Auteur": {"href": "", "value": "Clark Group", "timestamp": 0}, "Heure": {"href": "", "value": "", "timestamp": 1645019818}}}, {"title": "", "media_map_data": {}, "string_map_data": {"Auteur": {"href": "", "value": "Meyer, Cervantes and Sanders", "timestamp": 0}, "Heure": {"href": "", "value": "", "timestamp": 1563515085}}}, {"title": "", "media_map_data": {}, "string_map_data": {"Auteur": {"href": "", "value": "Jackson Ltd", "timestamp": 0}, "Heure": {"href": "", "value": "", "timestamp": 1628465370}}}, {"title": "", "media_map_data": {}, "string_map_data": {"Auteur": {"href": "", "value": "Villa-Carpenter", "timestamp": 0}, "Heure": {"href": "", "value": "", "timestamp": 1565548580}}}, {"title": "", "media_map_data": {}, "string_map_data": {"Auteur": {"href": "", "value": "Wilson, Hogan and Anderson", "timestamp": 0}, "Heure": {"href": "", "value": "", "timestamp": 1606952110}}}, {"title": "", "media_map_data": {}, "string_map_data": {"Auteur": {"href": "", "value": "Wilkerson, Small and Bird", "timestamp": 0}, "Heure": {"href": "", "value": "", "timestamp": 1585406044}}}, {"title": "", "media_map_data": {}, "string_map_data": {"Auteur": {"href": "", "value": "White-Brown", "timestamp": 0}, "Heure": {"href": "", "value": "", "timestamp": 1635810169}}}, {"title": "", "media_map_data": {}, "string_map_data": {"Auteur": {"href": "", "value": "Turner, Erickson and Greene", "timestamp": 0}, "Heure": {"href": "", "value": "", "timestamp": 1591138749}}}, {"title": "", "media_map_data": {}, "string_map_data": {"Auteur": {"href": "", "value": "Boyd-Berger", "timestamp": 0}, "Heure": {"href": "", "value": "", "timestamp": 1582659201}}}, {"title": "", "media_map_data": {}, "string_map_data": {"Auteur": {"href": "", "value": "Mitchell Ltd", "timestamp": 0}, "Heure": {"href": "", "value": "", "timestamp": 1560064732}}}, {"title": "", "media_map_data": {}, "string_map_data": {"Auteur": {"href": "", "value": "Rodriguez LLC", "timestamp": 0}, "Heure": {"href": "", "value": "", "timestamp": 1546554526}}}, {"title": "", "media_map_data": {}, "string_map_data": {"Auteur": {"href": "", "value": "Jackson-King", "timestamp": 0}, "Heure": {"href": "", "value": "", "timestamp": 1516175401}}}, {"title": "", "media_map_data": {}, "string_map_data": {"Auteur": {"href": "", "value": "Davis and Sons", "timestamp": 0}, "Heure": {"href": "", "value": "", "timestamp": 1631841410}}}, {"title": "", "media_map_data": {}, "string_map_data": {"Auteur": {"href": "", "value": "Lara, Gross and Lewis", "timestamp": 0}, "Heure": {"href": "", "value": "", "timestamp": 1584543194}}}, {"title": "", "media_map_data": {}, "string_map_data": {"Auteur": {"href": "", "value": "Lewis-Tapia", "timestamp": 0}, "Heure": {"href": "", "value": "", "timestamp": 1603268608}}}, {"title": "", "media_map_data": {}, "string_map_data": {"Auteur": {"href": "", "value": "Short PLC", "timestamp": 0}, "Heure": {"href": "", "value": "", "timestamp": 1658822592}}}, {"title": "", "media_map_data": {}, "string_map_data": {"Auteur": {"href": "", "value": "Smith, Allen and Delgado", "timestamp": 0}, "Heure": {"href": "", "value": "", "timestamp": 1647200118}}}, {"title": "", "media_map_data": {}, "string_map_data": {"Auteur": {"href": "", "value": "Trujillo-Hood", "timestamp": 0}, "Heure": {"href": "", "value": "", "timestamp": 1584206482}}}, {"title": "", "media_map_data": {}, "string_map_data": {"Auteur": {"href": "", "value": "Jordan, Hopkins and Foley", "timestamp": 0}, "Heure": {"href": "", "value": "", "timestamp": 1572478731}}}, {"title": "", "media_map_data": {}, "string_map_data": {"Auteur": {"href": "", "value": "Cabrera, Simmons and Miller", "timestamp": 0}, "Heure": {"href": "", "value": "", "timestamp": 1559123254}}}, {"title": "", "media_map_data": {}, "string_map_data": {"Auteur": {"href": "", "value": "Ellison Inc", "timestamp": 0}, "Heure": {"href": "", "value": "", "timestamp": 1617120485}}}, {"title": "", "media_map_data": {}, "string_map_data": {"Auteur": {"href": "", "value": "Clark-Abbott", "timestamp": 0}, "Heure": {"href": "", "value": "", "timestamp": 1562413883}}}, {"title": "", "media_map_data": {}, "string_map_data": {"Auteur": {"href": "", "value": "Rodriguez PLC", "timestamp": 0}, "Heure": {"href": "", "value": "", "timestamp": 1660401743}}}, {"title": "", "media_map_data": {}, "string_map_data": {"Auteur": {"href": "", "value": "Weaver Group", "timestamp": 0}, "Heure": {"href": "", "value": "", "timestamp": 1655058438}}}, {"title": "", "media_map_data": {}, "string_map_data": {"Auteur": {"href": "", "value": "Kirk-Perry", "timestamp": 0}, "Heure": {"href": "", "value": "", "timestamp": 1630453245}}}, {"title": "", "media_map_data": {}, "string_map_data": {"Auteur": {"href": "", "value": "Callahan-Merritt", "timestamp": 0}, "Heure": {"href": "", "value": "", "timestamp": 1659088396}}}, {"title": "", "media_map_data": {}, "string_map_data": {"Auteur": {"href": "", "value": "Butler and Sons", "timestamp": 0}, "Heure": {"href": "", "value": "", "timestamp": 1608957431}}}, {"title": "", "media_map_data": {}, "string_map_data": {"Auteur": {"href": "", "value": "Brock and Sons", "timestamp": 0}, "Heure": {"href": "", "value": "", "timestamp": 1578016319}}}, {"title": "", "media_map_data": {}, "string_map_data": {"Auteur": {"href": "", "value": "Hernandez, Adams and Fischer", "timestamp": 0}, "Heure": {"href": "", "value": "", "timestamp": 1596144495}}}, {"title": "", "media_map_data": {}, "string_map_data": {"Auteur": {"href": "", "value": "Mcbride Group", "timestamp": 0}, "Heure": {"href": "", "value": "", "timestamp": 1557687318}}}, {"title": "", "media_map_data": {}, "string_map_data": {"Auteur": {"href": "", "value": "Mooney LLC", "timestamp": 0}, "Heure": {"href": "", "value": "", "timestamp": 1598138697}}}, {"title": "", "media_map_data": {}, "string_map_data": {"Auteur": {"href": "", "value": "Caldwell, Gordon and Reyes", "timestamp": 0}, "Heure": {"href": "", "value": "", "timestamp": 1664010899}}}, {"title": "", "media_map_data": {}, "string_map_data": {"Auteur": {"href": "", "value": "Wade PLC", "timestamp": 0}, "Heure": {"href": "", "value": "", "timestamp": 1626017767}}}, {"title": "", "media_map_data": {}, "string_map_data": {"Auteur": {"href": "", "value": "Morrow PLC", "timestamp": 0}, "Heure": {"href": "", "value": "", "timestamp": 1656337548}}}, {"title": "", "media_map_data": {}, "string_map_data": {"Auteur": {"href": "", "value": "Solis-Andrews", "timestamp": 0}, "Heure": {"href": "", "value": "", "timestamp": 1557367192}}}, {"title": "", "media_map_data": {}, "string_map_data": {"Auteur": {"href": "", "value": "Mendez-Martin", "timestamp": 0}, "Heure": {"href": "", "value": "", "timestamp": 1552833692}}}, {"title": "", "media_map_data": {}, "string_map_data": {"Auteur": {"href": "", "value": "Rivas-Ayala", "timestamp": 0}, "Heure": {"href": "", "value": "", "timestamp": 1536692759}}}, {"title": "", "media_map_data": {}, "string_map_data": {"Auteur": {"href": "", "value": "Scott-Malone", "timestamp": 0}, "Heure": {"href": "", "value": "", "timestamp": 1534234191}}}, {"title": "", "media_map_data": {}, "string_map_data": {"Auteur": {"href": "", "value": "Roman Group", "timestamp": 0}, "Heure": {"href": "", "value": "", "timestamp": 1515252985}}}, {"title": "", "media_map_data": {}, "string_map_data": {"Auteur": {"href": "", "value": "Williams Inc", "timestamp": 0}, "Heure": {"href": "", "value": "", "timestamp": 1649701418}}}, {"title": "", "media_map_data": {}, "string_map_data": {"Auteur": {"href": "", "value": "Campbell Group", "timestamp": 0}, "Heure": {"href": "", "value": "", "timestamp": 1635148848}}}, {"title": "", "media_map_data": {}, "string_map_data": {"Auteur": {"href": "", "value": "Miller, Morris and Aguilar", "timestamp": 0}, "Heure": {"href": "", "value": "", "timestamp": 1599585258}}}, {"title": "", "media_map_data": {}, "string_map_data": {"Auteur": {"href": "", "value": "White-Davis", "timestamp": 0}, "Heure": {"href": "", "value": "", "timestamp": 1619822678}}}, {"title": "", "media_map_data": {}, "string_map_data": {"Auteur": {"href": "", "value": "Hart, Simpson and Duke", "timestamp": 0}, "Heure": {"href": "", "value": "", "timestamp": 1556073918}}}, {"title": "", "media_map_data": {}, "string_map_data": {"Auteur": {"href": "", "value": "Jones-Crawford", "timestamp": 0}, "Heure": {"href": "", "value": "", "timestamp": 1592390813}}}, {"title": "", "media_map_data": {}, "string_map_data": {"Auteur": {"href": "", "value": "Valenzuela and Sons", "timestamp": 0}, "Heure": {"href": "", "value": "", "timestamp": 1581329369}}}, {"title": "", "media_map_data": {}, "string_map_data": {"Auteur": {"href": "", "value": "Washington, Whitney and Sweeney", "timestamp": 0}, "Heure": {"href": "", "value": "", "timestamp": 1542393666}}}, {"title": "", "media_map_data": {}, "string_map_data": {"Auteur": {"href": "", "value": "Bishop-Reynolds", "timestamp": 0}, "Heure": {"href": "", "value": "", "timestamp": 1632469856}}}, {"title": "", "media_map_data": {}, "string_map_data": {"Auteur": {"href": "", "value": "Smith, Taylor and Lane", "timestamp": 0}, "Heure": {"href": "", "value": "", "timestamp": 1603434073}}}, {"title": "", "media_map_data": {}, "string_map_data": {"Auteur": {"href": "", "value": "Leonard, Frost and Williams", "timestamp": 0}, "Heure": {"href": "", "value": "", "timestamp": 1661254563}}}, {"title": "", "media_map_data": {}, "string_map_data": {"Auteur": {"href": "", "value": "Martinez, Flores and Dominguez", "timestamp": 0}, "Heure": {"href": "", "value": "", "timestamp": 1597869029}}}, {"title": "", "media_map_data": {}, "string_map_data": {"Auteur": {"href": "", "value": "Ramirez Group", "timestamp": 0}, "Heure": {"href": "", "value": "", "timestamp": 1657123647}}}, {"title": "", "media_map_data": {}, "string_map_data": {"Auteur": {"href": "", "value": "Palmer-Palmer", "timestamp": 0}, "Heure": {"href": "", "value": "", "timestamp": 1559435805}}}, {"title": "", "media_map_data": {}, "string_map_data": {"Auteur": {"href": "", "value": "Gomez, Thomas and Glenn", "timestamp": 0}, "Heure": {"href": "", "value": "", "timestamp": 1592799382}}}, {"title": "", "media_map_data": {}, "string_map_data": {"Auteur": {"href": "", "value": "Tran PLC", "timestamp": 0}, "Heure": {"href": "", "value": "", "timestamp": 1517777742}}}, {"title": "", "media_map_data": {}, "string_map_data": {"Auteur": {"href": "", "value": "Smith, Mcbride and Mccoy", "timestamp": 0}, "Heure": {"href": "", "value": "", "timestamp": 1593625536}}}, {"title": "", "media_map_data": {}, "string_map_data": {"Auteur": {"href": "", "value": "Phelps PLC", "timestamp": 0}, "Heure": {"href": "", "value": "", "timestamp": 1538638954}}}, {"title": "", "media_map_data": {}, "string_map_data": {"Auteur": {"href": "", "value": "Nash-Dickerson", "timestamp": 0}, "Heure": {"href": "", "value": "", "timestamp": 1615535375}}}, {"title": "", "media_map_data": {}, "string_map_data": {"Auteur": {"href": "", "value": "Juarez Group", "timestamp": 0}, "Heure": {"href": "", "value": "", "timestamp": 1526973010}}}, {"title": "", "media_map_data": {}, "string_map_data": {"Auteur": {"href": "", "value": "Cook-Jones", "timestamp": 0}, "Heure": {"href": "", "value": "", "timestamp": 1614121354}}}, {"title": "", "media_map_data": {}, "string_map_data": {"Auteur": {"href": "", "value": "Quinn LLC", "timestamp": 0}, "Heure": {"href": "", "value": "", "timestamp": 1554500003}}}, {"title": "", "media_map_data": {}, "string_map_data": {"Auteur": {"href": "", "value": "Lee, Griffin and Cannon", "timestamp": 0}, "Heure": {"href": "", "value": "", "timestamp": 1551427904}}}, {"title": "", "media_map_data": {}, "string_map_data": {"Auteur": {"href": "", "value": "Jackson, Foster and Bryan", "timestamp": 0}, "Heure": {"href": "", "value": "", "timestamp": 1573291514}}}, {"title": "", "media_map_data": {}, "string_map_data": {"Auteur": {"href": "", "value": "Stewart-Walker", "timestamp": 0}, "Heure": {"href": "", "value": "", "timestamp": 1659322180}}}, {"title": "", "media_map_data": {}, "string_map_data": {"Auteur": {"href": "", "value": "Barrett, Crawford and Jones", "timestamp": 0}, "Heure": {"href": "", "value": "", "timestamp": 1656780732}}}, {"title": "", "media_map_data": {}, "string_map_data": {"Auteur": {"href": "", "value": "Powell-Sanchez", "timestamp": 0}, "Heure": {"href": "", "value": "", "timestamp": 1556606002}}}, {"title": "", "media_map_data": {}, "string_map_data": {"Auteur": {"href": "", "value": "Newton, Skinner and Howard", "timestamp": 0}, "Heure": {"href": "", "value": "", "timestamp": 1519154269}}}, {"title": "", "media_map_data": {}, "string_map_data": {"Auteur": {"href": "", "value": "Mercado, Vasquez and Young", "timestamp": 0}, "Heure": {"href": "", "value": "", "timestamp": 1593217945}}}, {"title": "", "media_map_data": {}, "string_map_data": {"Auteur": {"href": "", "value": "Short, Garrison and Murphy", "timestamp": 0}, "Heure": {"href": "", "value": "", "timestamp": 1652291684}}}, {"title": "", "media_map_data": {}, "string_map_data": {"Auteur": {"href": "", "value": "Johnson Group", "timestamp": 0}, "Heure": {"href": "", "value": "", "timestamp": 1518768975}}}, {"title": "", "media_map_data": {}, "string_map_data": {"Auteur": {"href": "", "value": "Williams-George", "timestamp": 0}, "Heure": {"href": "", "value": "", "timestamp": 1602889823}}}, {"title": "", "media_map_data": {}, "string_map_data": {"Auteur": {"href": "", "value": "Velazquez-Morton", "timestamp": 0}, "Heure": {"href": "", "value": "", "timestamp": 1517354318}}}, {"title": "", "media_map_data": {}, "string_map_data": {"Auteur": {"href": "", "value": "James PLC", "timestamp": 0}, "Heure": {"href": "", "value": "", "timestamp": 1610840732}}}, {"title": "", "media_map_data": {}, "string_map_data": {"Auteur": {"href": "", "value": "Vaughn Ltd", "timestamp": 0}, "Heure": {"href": "", "value": "", "timestamp": 1530634110}}}, {"title": "", "media_map_data": {}, "string_map_data": {"Auteur": {"href": "", "value": "Perkins-Jones", "timestamp": 0}, "Heure": {"href": "", "value": "", "timestamp": 1546212190}}}, {"title": "", "media_map_data": {}, "string_map_data": {"Auteur": {"href": "", "value": "Armstrong, Davis and Rios", "timestamp": 0}, "Heure": {"href": "", "value": "", "timestamp": 1516782165}}}, {"title": "", "media_map_data": {}, "string_map_data": {"Auteur": {"href": "", "value": "Clark, Cox and Murray", "timestamp": 0}, "Heure": {"href": "", "value": "", "timestamp": 1514533251}}}, {"title": "", "media_map_data": {}, "string_map_data": {"Auteur": {"href": "", "value": "Gutierrez PLC", "timestamp": 0}, "Heure": {"href": "", "value": "", "timestamp": 1652280601}}}, {"title": "", "media_map_data": {}, "string_map_data": {"Auteur": {"href": "", "value": "Diaz, Baldwin and Hamilton", "timestamp": 0}, "Heure": {"href": "", "value": "", "timestamp": 1564167180}}}, {"title": "", "media_map_data": {}, "string_map_data": {"Auteur": {"href": "", "value": "Small-Rodriguez", "timestamp": 0}, "Heure": {"href": "", "value": "", "timestamp": 1609088414}}}, {"title": "", "media_map_data": {}, "string_map_data": {"Auteur": {"href": "", "value": "Yang Inc", "timestamp": 0}, "Heure": {"href": "", "value": "", "timestamp": 1637801020}}}, {"title": "", "media_map_data": {}, "string_map_data": {"Auteur": {"href": "", "value": "Campbell Inc", "timestamp": 0}, "Heure": {"href": "", "value": "", "timestamp": 1584095973}}}, {"title": "", "media_map_data": {}, "string_map_data": {"Auteur": {"href": "", "value": "Horton-Reyes", "timestamp": 0}, "Heure": {"href": "", "value": "", "timestamp": 1612389879}}}, {"title": "", "media_map_data": {}, "string_map_data": {"Auteur": {"href": "", "value": "Andrade-Knight", "timestamp": 0}, "Heure": {"href": "", "value": "", "timestamp": 1596586267}}}, {"title": "", "media_map_data": {}, "string_map_data": {"Auteur": {"href": "", "value": "Medina Group", "timestamp": 0}, "Heure": {"href": "", "value": "", "timestamp": 1520507660}}}, {"title": "", "media_map_data": {}, "string_map_data": {"Auteur": {"href": "", "value": "Harrison-Larson", "timestamp": 0}, "Heure": {"href": "", "value": "", "timestamp": 1572652138}}}, {"title": "", "media_map_data": {}, "string_map_data": {"Auteur": {"href": "", "value": "Keller-Blake", "timestamp": 0}, "Heure": {"href": "", "value": "", "timestamp": 1528383087}}}, {"title": "", "media_map_data": {}, "string_map_data": {"Auteur": {"href": "", "value": "Hart-Lopez", "timestamp": 0}, "Heure": {"href": "", "value": "", "timestamp": 1565271267}}}, {"title": "", "media_map_data": {}, "string_map_data": {"Auteur": {"href": "", "value": "Marshall, Rogers and Weiss", "timestamp": 0}, "Heure": {"href": "", "value": "", "timestamp": 1648880025}}}, {"title": "", "media_map_data": {}, "string_map_data": {"Auteur": {"href": "", "value": "Scott and Sons", "timestamp": 0}, "Heure": {"href": "", "value": "", "timestamp": 1521332269}}}, {"title": "", "media_map_data": {}, "string_map_data": {"Auteur": {"href": "", "value": "Bailey-Martinez", "timestamp": 0}, "Heure": {"href": "", "value": "", "timestamp": 1597100951}}}, {"title": "", "media_map_data": {}, "string_map_data": {"Auteur": {"href": "", "value": "Cuevas-Palmer", "timestamp": 0}, "Heure": {"href": "", "value": "", "timestamp": 1528203112}}}, {"title": "", "media_map_data": {}, "string_map_data": {"Auteur": {"href": "", "value": "Campos, Butler and Harding", "timestamp": 0}, "Heure": {"href": "", "value": "", "timestamp": 1629466061}}}, {"title": "", "media_map_data": {}, "string_map_data": {"Auteur": {"href": "", "value": "Estrada, Miller and Ayers", "timestamp": 0}, "Heure": {"href": "", "value": "", "timestamp": 1558472573}}}, {"title": "", "media_map_data": {}, "string_map_data": {"Auteur": {"href": "", "value": "Allen, Moore and Parker", "timestamp": 0}, "Heure": {"href": "", "value": "", "timestamp": 1570611618}}}, {"title": "", "media_map_data": {}, "string_map_data": {"Auteur": {"href": "", "value": "Greene PLC", "timestamp": 0}, "Heure": {"href": "", "value": "", "timestamp": 1645741029}}}, {"title": "", "media_map_data": {}, "string_map_data": {"Auteur": {"href": "", "value": "Welch Inc", "timestamp": 0}, "Heure": {"href": "", "value": "", "timestamp": 1525390855}}}, {"title": "", "media_map_data": {}, "string_map_data": {"Auteur": {"href": "", "value": "Gonzalez and Sons", "timestamp": 0}, "Heure": {"href": "", "value": "", "timestamp": 1658014280}}}, {"title": "", "media_map_data": {}, "string_map_data": {"Auteur": {"href": "", "value": "Perez LLC", "timestamp": 0}, "Heure": {"href": "", "value": "", "timestamp": 1583116494}}}, {"title": "", "media_map_data": {}, "string_map_data": {"Auteur": {"href": "", "value": "Peterson, Simpson and Garner", "timestamp": 0}, "Heure": {"href": "", "value": "", "timestamp": 1624062425}}}, {"title": "", "media_map_data": {}, "string_map_data": {"Auteur": {"href": "", "value": "Coleman-Williams", "timestamp": 0}, "Heure": {"href": "", "value": "", "timestamp": 1534692139}}}, {"title": "", "media_map_data": {}, "string_map_data": {"Auteur": {"href": "", "value": "Ellis and Sons", "timestamp": 0}, "Heure": {"href": "", "value": "", "timestamp": 1615332187}}}, {"title": "", "media_map_data": {}, "string_map_data": {"Auteur": {"href": "", "value": "Pham, Harris and Anderson", "timestamp": 0}, "Heure": {"href": "", "value": "", "timestamp": 1643500920}}}, {"title": "", "media_map_data": {}, "string_map_data": {"Auteur": {"href": "", "value": "Foster, Reed and Carlson", "timestamp": 0}, "Heure": {"href": "", "value": "", "timestamp": 1656769701}}}, {"title": "", "media_map_data": {}, "string_map_data": {"Auteur": {"href": "", "value": "Harding, Ford and Valdez", "timestamp": 0}, "Heure": {"href": "", "value": "", "timestamp": 1535347054}}}, {"title": "", "media_map_data": {}, "string_map_data": {"Auteur": {"href": "", "value": "Zimmerman Group", "timestamp": 0}, "Heure": {"href": "", "value": "", "timestamp": 1656580472}}}, {"title": "", "media_map_data": {}, "string_map_data": {"Auteur": {"href": "", "value": "Silva, Johns and Watkins", "timestamp": 0}, "Heure": {"href": "", "value": "", "timestamp": 1568235779}}}, {"title": "", "media_map_data": {}, "string_map_data": {"Auteur": {"href": "", "value": "Mitchell-Vincent", "timestamp": 0}, "Heure": {"href": "", "value": "", "timestamp": 1517507359}}}, {"title": "", "media_map_data": {}, "string_map_data": {"Auteur": {"href": "", "value": "Huynh-Payne", "timestamp": 0}, "Heure": {"href": "", "value": "", "timestamp": 1554102015}}}, {"title": "", "media_map_data": {}, "string_map_data": {"Auteur": {"href": "", "value": "Estes Ltd", "timestamp": 0}, "Heure": {"href": "", "value": "", "timestamp": 1559205655}}}, {"title": "", "media_map_data": {}, "string_map_data": {"Auteur": {"href": "", "value": "Roberts LLC", "timestamp": 0}, "Heure": {"href": "", "value": "", "timestamp": 1559083373}}}, {"title": "", "media_map_data": {}, "string_map_data": {"Auteur": {"href": "", "value": "Hanson, Harris and Everett", "timestamp": 0}, "Heure": {"href": "", "value": "", "timestamp": 1514364804}}}, {"title": "", "media_map_data": {}, "string_map_data": {"Auteur": {"href": "", "value": "Stewart Group", "timestamp": 0}, "Heure": {"href": "", "value": "", "timestamp": 1575380820}}}, {"title": "", "media_map_data": {}, "string_map_data": {"Auteur": {"href": "", "value": "Holden-Simpson", "timestamp": 0}, "Heure": {"href": "", "value": "", "timestamp": 1601544188}}}, {"title": "", "media_map_data": {}, "string_map_data": {"Auteur": {"href": "", "value": "Adams-Cameron", "timestamp": 0}, "Heure": {"href": "", "value": "", "timestamp": 1590440078}}}, {"title": "", "media_map_data": {}, "string_map_data": {"Auteur": {"href": "", "value": "Thompson, Austin and Padilla", "timestamp": 0}, "Heure": {"href": "", "value": "", "timestamp": 1543761526}}}, {"title": "", "media_map_data": {}, "string_map_data": {"Auteur": {"href": "", "value": "Silva, Graham and Page", "timestamp": 0}, "Heure": {"href": "", "value": "", "timestamp": 1580211618}}}, {"title": "", "media_map_data": {}, "string_map_data": {"Auteur": {"href": "", "value": "Bowen, Zavala and Scott", "timestamp": 0}, "Heure": {"href": "", "value": "", "timestamp": 1663500274}}}, {"title": "", "media_map_data": {}, "string_map_data": {"Auteur": {"href": "", "value": "Sutton, Williams and Rose", "timestamp": 0}, "Heure": {"href": "", "value": "", "timestamp": 1512851926}}}, {"title": "", "media_map_data": {}, "string_map_data": {"Auteur": {"href": "", "value": "Shah-Johnson", "timestamp": 0}, "Heure": {"href": "", "value": "", "timestamp": 1560075736}}}, {"title": "", "media_map_data": {}, "string_map_data": {"Auteur": {"href": "", "value": "Reid LLC", "timestamp": 0}, "Heure": {"href": "", "value": "", "timestamp": 1633482982}}}, {"title": "", "media_map_data": {}, "string_map_data": {"Auteur": {"href": "", "value": "Allen-Gordon", "timestamp": 0}, "Heure": {"href": "", "value": "", "timestamp": 1515504992}}}, {"title": "", "media_map_data": {}, "string_map_data": {"Auteur": {"href": "", "value": "Owens, Dean and Mcclain", "timestamp": 0}, "Heure": {"href": "", "value": "", "timestamp": 1613837916}}}, {"title": "", "media_map_data": {}, "string_map_data": {"Auteur": {"href": "", "value": "Buchanan Inc", "timestamp": 0}, "Heure": {"href": "", "value": "", "timestamp": 1594211050}}}, {"title": "", "media_map_data": {}, "string_map_data": {"Auteur": {"href": "", "value": "Jones-Mcintyre", "timestamp": 0}, "Heure": {"href": "", "value": "", "timestamp": 1516511305}}}, {"title": "", "media_map_data": {}, "string_map_data": {"Auteur": {"href": "", "value": "Boyle-Cross", "timestamp": 0}, "Heure": {"href": "", "value": "", "timestamp": 1588163364}}}, {"title": "", "media_map_data": {}, "string_map_data": {"Auteur": {"href": "", "value": "Gilmore, Smith and Mercado", "timestamp": 0}, "Heure": {"href": "", "value": "", "timestamp": 1649286429}}}, {"title": "", "media_map_data": {}, "string_map_data": {"Auteur": {"href": "", "value": "Logan-Fuller", "timestamp": 0}, "Heure": {"href": "", "value": "", "timestamp": 1537889641}}}, {"title": "", "media_map_data": {}, "string_map_data": {"Auteur": {"href": "", "value": "Obrien LLC", "timestamp": 0}, "Heure": {"href": "", "value": "", "timestamp": 1554535413}}}, {"title": "", "media_map_data": {}, "string_map_data": {"Auteur": {"href": "", "value": "Gallagher PLC", "timestamp": 0}, "Heure": {"href": "", "value": "", "timestamp": 1533937499}}}, {"title": "", "media_map_data": {}, "string_map_data": {"Auteur": {"href": "", "value": "Warren-Woods", "timestamp": 0}, "Heure": {"href": "", "value": "", "timestamp": 1511392131}}}, {"title": "", "media_map_data": {}, "string_map_data": {"Auteur": {"href": "", "value": "Cameron-Watson", "timestamp": 0}, "Heure": {"href": "", "value": "", "timestamp": 1652351858}}}, {"title": "", "media_map_data": {}, "string_map_data": {"Auteur": {"href": "", "value": "Trevino Ltd", "timestamp": 0}, "Heure": {"href": "", "value": "", "timestamp": 1641761554}}}, {"title": "", "media_map_data": {}, "string_map_data": {"Auteur": {"href": "", "value": "Smith, Schwartz and Hernandez", "timestamp": 0}, "Heure": {"href": "", "value": "", "timestamp": 1652897161}}}, {"title": "", "media_map_data": {}, "string_map_data": {"Auteur": {"href": "", "value": "Richardson-Green", "timestamp": 0}, "Heure": {"href": "", "value": "", "timestamp": 1602914825}}}, {"title": "", "media_map_data": {}, "string_map_data": {"Auteur": {"href": "", "value": "Nelson, Ramos and Jones", "timestamp": 0}, "Heure": {"href": "", "value": "", "timestamp": 1601685282}}}, {"title": "", "media_map_data": {}, "string_map_data": {"Auteur": {"href": "", "value": "Cook, Swanson and Lewis", "timestamp": 0}, "Heure": {"href": "", "value": "", "timestamp": 1610702615}}}, {"title": "", "media_map_data": {}, "string_map_data": {"Auteur": {"href": "", "value": "Foster and Sons", "timestamp": 0}, "Heure": {"href": "", "value": "", "timestamp": 1612892228}}}, {"title": "", "media_map_data": {}, "string_map_data": {"Auteur": {"href": "", "value": "Graham, Stone and White", "timestamp": 0}, "Heure": {"href": "", "value": "", "timestamp": 1529934380}}}, {"title": "", "media_map_data": {}, "string_map_data": {"Auteur": {"href": "", "value": "Taylor and Sons", "timestamp": 0}, "Heure": {"href": "", "value": "", "timestamp": 1537758135}}}, {"title": "", "media_map_data": {}, "string_map_data": {"Auteur": {"href": "", "value": "Smith, Wong and Bailey", "timestamp": 0}, "Heure": {"href": "", "value": "", "timestamp": 1599397702}}}, {"title": "", "media_map_data": {}, "string_map_data": {"Auteur": {"href": "", "value": "Taylor-Cantrell", "timestamp": 0}, "Heure": {"href": "", "value": "", "timestamp": 1554984562}}}, {"title": "", "media_map_data": {}, "string_map_data": {"Auteur": {"href": "", "value": "Alvarado, Hall and Bowman", "timestamp": 0}, "Heure": {"href": "", "value": "", "timestamp": 1557135515}}}, {"title": "", "media_map_data": {}, "string_map_data": {"Auteur": {"href": "", "value": "Holt Ltd", "timestamp": 0}, "Heure": {"href": "", "value": "", "timestamp": 1641415042}}}, {"title": "", "media_map_data": {}, "string_map_data": {"Auteur": {"href": "", "value": "Montoya, Brown and Shea", "timestamp": 0}, "Heure": {"href": "", "value": "", "timestamp": 1533585124}}}, {"title": "", "media_map_data": {}, "string_map_data": {"Auteur": {"href": "", "value": "Jackson Ltd", "timestamp": 0}, "Heure": {"href": "", "value": "", "timestamp": 1653634746}}}, {"title": "", "media_map_data": {}, "string_map_data": {"Auteur": {"href": "", "value": "Richardson, Decker and Johnson", "timestamp": 0}, "Heure": {"href": "", "value": "", "timestamp": 1593582009}}}, {"title": "", "media_map_data": {}, "string_map_data": {"Auteur": {"href": "", "value": "Tanner-Powell", "timestamp": 0}, "Heure": {"href": "", "value": "", "timestamp": 1554430125}}}, {"title": "", "media_map_data": {}, "string_map_data": {"Auteur": {"href": "", "value": "Ho PLC", "timestamp": 0}, "Heure": {"href": "", "value": "", "timestamp": 1620836884}}}, {"title": "", "media_map_data": {}, "string_map_data": {"Auteur": {"href": "", "value": "Robinson-Manning", "timestamp": 0}, "Heure": {"href": "", "value": "", "timestamp": 1536418478}}}, {"title": "", "media_map_data": {}, "string_map_data": {"Auteur": {"href": "", "value": "Johnson-Hernandez", "timestamp": 0}, "Heure": {"href": "", "value": "", "timestamp": 1510964363}}}, {"title": "", "media_map_data": {}, "string_map_data": {"Auteur": {"href": "", "value": "Benjamin-White", "timestamp": 0}, "Heure": {"href": "", "value": "", "timestamp": 1569636864}}}, {"title": "", "media_map_data": {}, "string_map_data": {"Auteur": {"href": "", "value": "Flores, Evans and Perez", "timestamp": 0}, "Heure": {"href": "", "value": "", "timestamp": 1520198306}}}, {"title": "", "media_map_data": {}, "string_map_data": {"Auteur": {"href": "", "value": "Cruz and Sons", "timestamp": 0}, "Heure": {"href": "", "value": "", "timestamp": 1644786115}}}, {"title": "", "media_map_data": {}, "string_map_data": {"Auteur": {"href": "", "value": "Simon, King and Clark", "timestamp": 0}, "Heure": {"href": "", "value": "", "timestamp": 1628086748}}}, {"title": "", "media_map_data": {}, "string_map_data": {"Auteur": {"href": "", "value": "Miles, Johnson and Hansen", "timestamp": 0}, "Heure": {"href": "", "value": "", "timestamp": 1613368486}}}, {"title": "", "media_map_data": {}, "string_map_data": {"Auteur": {"href": "", "value": "Melendez PLC", "timestamp": 0}, "Heure": {"href": "", "value": "", "timestamp": 1644077729}}}, {"title": "", "media_map_data": {}, "string_map_data": {"Auteur": {"href": "", "value": "Carr Ltd", "timestamp": 0}, "Heure": {"href": "", "value": "", "timestamp": 1524890845}}}, {"title": "", "media_map_data": {}, "string_map_data": {"Auteur": {"href": "", "value": "Franklin, Walker and Rogers", "timestamp": 0}, "Heure": {"href": "", "value": "", "timestamp": 1615817431}}}, {"title": "", "media_map_data": {}, "string_map_data": {"Auteur": {"href": "", "value": "Wong-Wheeler", "timestamp": 0}, "Heure": {"href": "", "value": "", "timestamp": 1522850012}}}, {"title": "", "media_map_data": {}, "string_map_data": {"Auteur": {"href": "", "value": "Johnson-Hunt", "timestamp": 0}, "Heure": {"href": "", "value": "", "timestamp": 1557147759}}}, {"title": "", "media_map_data": {}, "string_map_data": {"Auteur": {"href": "", "value": "Curry-Morgan", "timestamp": 0}, "Heure": {"href": "", "value": "", "timestamp": 1652363040}}}, {"title": "", "media_map_data": {}, "string_map_data": {"Auteur": {"href": "", "value": "Lopez, Wright and Estes", "timestamp": 0}, "Heure": {"href": "", "value": "", "timestamp": 1563619686}}}, {"title": "", "media_map_data": {}, "string_map_data": {"Auteur": {"href": "", "value": "Rodriguez, Odonnell and Robinson", "timestamp": 0}, "Heure": {"href": "", "value": "", "timestamp": 1613001459}}}, {"title": "", "media_map_data": {}, "string_map_data": {"Auteur": {"href": "", "value": "Mendez, Gilbert and Walker", "timestamp": 0}, "Heure": {"href": "", "value": "", "timestamp": 1635138237}}}, {"title": "", "media_map_data": {}, "string_map_data": {"Auteur": {"href": "", "value": "Smith-Benton", "timestamp": 0}, "Heure": {"href": "", "value": "", "timestamp": 1631576374}}}, {"title": "", "media_map_data": {}, "string_map_data": {"Auteur": {"href": "", "value": "Aguilar-Garcia", "timestamp": 0}, "Heure": {"href": "", "value": "", "timestamp": 1518676018}}}, {"title": "", "media_map_data": {}, "string_map_data": {"Auteur": {"href": "", "value": "Gordon and Sons", "timestamp": 0}, "Heure": {"href": "", "value": "", "timestamp": 1585932058}}}, {"title": "", "media_map_data": {}, "string_map_data": {"Auteur": {"href": "", "value": "Morales-Greer", "timestamp": 0}, "Heure": {"href": "", "value": "", "timestamp": 1596353568}}}, {"title": "", "media_map_data": {}, "string_map_data": {"Auteur": {"href": "", "value": "Lee-Beard", "timestamp": 0}, "Heure": {"href": "", "value": "", "timestamp": 1596303357}}}, {"title": "", "media_map_data": {}, "string_map_data": {"Auteur": {"href": "", "value": "Reid, Vargas and Obrien", "timestamp": 0}, "Heure": {"href": "", "value": "", "timestamp": 1509795371}}}, {"title": "", "media_map_data": {}, "string_map_data": {"Auteur": {"href": "", "value": "Miller-Johnson", "timestamp": 0}, "Heure": {"href": "", "value": "", "timestamp": 1514339741}}}, {"title": "", "media_map_data": {}, "string_map_data": {"Auteur": {"href": "", "value": "Jones Inc", "timestamp": 0}, "Heure": {"href": "", "value": "", "timestamp": 1546314894}}}, {"title": "", "media_map_data": {}, "string_map_data": {"Auteur": {"href": "", "value": "Harrison-Schwartz", "timestamp": 0}, "Heure": {"href": "", "value": "", "timestamp": 1519811211}}}, {"title": "", "media_map_data": {}, "string_map_data": {"Auteur": {"href": "", "value": "Perez PLC", "timestamp": 0}, "Heure": {"href": "", "value": "", "timestamp": 1605859238}}}, {"title": "", "media_map_data": {}, "string_map_data": {"Auteur": {"href": "", "value": "Bruce-Alvarez", "timestamp": 0}, "Heure": {"href": "", "value": "", "timestamp": 1513718732}}}, {"title": "", "media_map_data": {}, "string_map_data": {"Auteur": {"href": "", "value": "Harris and Sons", "timestamp": 0}, "Heure": {"href": "", "value": "", "timestamp": 1621779045}}}, {"title": "", "media_map_data": {}, "string_map_data": {"Auteur": {"href": "", "value": "Palmer LLC", "timestamp": 0}, "Heure": {"href": "", "value": "", "timestamp": 1662325207}}}, {"title": "", "media_map_data": {}, "string_map_data": {"Auteur": {"href": "", "value": "Daniels-Martinez", "timestamp": 0}, "Heure": {"href": "", "value": "", "timestamp": 1526574279}}}, {"title": "", "media_map_data": {}, "string_map_data": {"Auteur": {"href": "", "value": "Black, Maldonado and Foster", "timestamp": 0}, "Heure": {"href": "", "value": "", "timestamp": 1645889885}}}, {"title": "", "media_map_data": {}, "string_map_data": {"Auteur": {"href": "", "value": "Hawkins Ltd", "timestamp": 0}, "Heure": {"href": "", "value": "", "timestamp": 1513759651}}}, {"title": "", "media_map_data": {}, "string_map_data": {"Auteur": {"href": "", "value": "Bowers, Gregory and Thomas", "timestamp": 0}, "Heure": {"href": "", "value": "", "timestamp": 1603281415}}}, {"title": "", "media_map_data": {}, "string_map_data": {"Auteur": {"href": "", "value": "Clark-Davis", "timestamp": 0}, "Heure": {"href": "", "value": "", "timestamp": 1531325580}}}, {"title": "", "media_map_data": {}, "string_map_data": {"Auteur": {"href": "", "value": "Glass, Thompson and Burton", "timestamp": 0}, "Heure": {"href": "", "value": "", "timestamp": 1667045127}}}, {"title": "", "media_map_data": {}, "string_map_data": {"Auteur": {"href": "", "value": "Hamilton Inc", "timestamp": 0}, "Heure": {"href": "", "value": "", "timestamp": 1629780640}}}, {"title": "", "media_map_data": {}, "string_map_data": {"Auteur": {"href": "", "value": "Burns, Tucker and Smith", "timestamp": 0}, "Heure": {"href": "", "value": "", "timestamp": 1664874406}}}, {"title": "", "media_map_data": {}, "string_map_data": {"Auteur": {"href": "", "value": "Hicks and Sons", "timestamp": 0}, "Heure": {"href": "", "value": "", "timestamp": 1588012136}}}, {"title": "", "media_map_data": {}, "string_map_data": {"Auteur": {"href": "", "value": "Farmer Inc", "timestamp": 0}, "Heure": {"href": "", "value": "", "timestamp": 1516236473}}}, {"title": "", "media_map_data": {}, "string_map_data": {"Auteur": {"href": "", "value": "Barnes-Weaver", "timestamp": 0}, "Heure": {"href": "", "value": "", "timestamp": 1632108046}}}, {"title": "", "media_map_data": {}, "string_map_data": {"Auteur": {"href": "", "value": "Hansen-Joyce", "timestamp": 0}, "Heure": {"href": "", "value": "", "timestamp": 1595239061}}}, {"title": "", "media_map_data": {}, "string_map_data": {"Auteur": {"href": "", "value": "Fletcher, Strong and Fisher", "timestamp": 0}, "Heure": {"href": "", "value": "", "timestamp": 1618868074}}}, {"title": "", "media_map_data": {}, "string_map_data": {"Auteur": {"href": "", "value": "Wells-Murphy", "timestamp": 0}, "Heure": {"href": "", "value": "", "timestamp": 1610909418}}}, {"title": "", "media_map_data": {}, "string_map_data": {"Auteur": {"href": "", "value": "White Group", "timestamp": 0}, "Heure": {"href": "", "value": "", "timestamp": 1603834199}}}, {"title": "", "media_map_data": {}, "string_map_data": {"Auteur": {"href": "", "value": "Kelly Inc", "timestamp": 0}, "Heure": {"href": "", "value": "", "timestamp": 1633805818}}}, {"title": "", "media_map_data": {}, "string_map_data": {"Auteur": {"href": "", "value": "Stewart Inc", "timestamp": 0}, "Heure": {"href": "", "value": "", "timestamp": 1589256379}}}, {"title": "", "media_map_data": {}, "string_map_data": {"Auteur": {"href": "", "value": "Salinas Group", "timestamp": 0}, "Heure": {"href": "", "value": "", "timestamp": 1586240435}}}, {"title": "", "media_map_data": {}, "string_map_data": {"Auteur": {"href": "", "value": "Walker-Nguyen", "timestamp": 0}, "Heure": {"href": "", "value": "", "timestamp": 1590960287}}}, {"title": "", "media_map_data": {}, "string_map_data": {"Auteur": {"href": "", "value": "Morris, Johnson and Bond", "timestamp": 0}, "Heure": {"href": "", "value": "", "timestamp": 1572880718}}}, {"title": "", "media_map_data": {}, "string_map_data": {"Auteur": {"href": "", "value": "Brown-Johnson", "timestamp": 0}, "Heure": {"href": "", "value": "", "timestamp": 1585185214}}}, {"title": "", "media_map_data": {}, "string_map_data": {"Auteur": {"href": "", "value": "Wolf, Medina and Hayden", "timestamp": 0}, "Heure": {"href": "", "value": "", "timestamp": 1619355697}}}, {"title": "", "media_map_data": {}, "string_map_data": {"Auteur": {"href": "", "value": "Greene, Morrison and Graves", "timestamp": 0}, "Heure": {"href": "", "value": "", "timestamp": 1581278678}}}, {"title": "", "media_map_data": {}, "string_map_data": {"Auteur": {"href": "", "value": "Carney, Harrison and Carter", "timestamp": 0}, "Heure": {"href": "", "value": "", "timestamp": 1660954001}}}, {"title": "", "media_map_data": {}, "string_map_data": {"Auteur": {"href": "", "value": "Jordan, Marsh and Bolton", "timestamp": 0}, "Heure": {"href": "", "value": "", "timestamp": 1533037577}}}, {"title": "", "media_map_data": {}, "string_map_data": {"Auteur": {"href": "", "value": "Jensen Inc", "timestamp": 0}, "Heure": {"href": "", "value": "", "timestamp": 1520687746}}}, {"title": "", "media_map_data": {}, "string_map_data": {"Auteur": {"href": "", "value": "Ruiz, Wise and Hall", "timestamp": 0}, "Heure": {"href": "", "value": "", "timestamp": 1610565168}}}, {"title": "", "media_map_data": {}, "string_map_data": {"Auteur": {"href": "", "value": "Bowman, Anderson and Holmes", "timestamp": 0}, "Heure": {"href": "", "value": "", "timestamp": 1635487331}}}, {"title": "", "media_map_data": {}, "string_map_data": {"Auteur": {"href": "", "value": "Graham and Sons", "timestamp": 0}, "Heure": {"href": "", "value": "", "timestamp": 1619952808}}}, {"title": "", "media_map_data": {}, "string_map_data": {"Auteur": {"href": "", "value": "Wilkerson, Ryan and Cross", "timestamp": 0}, "Heure": {"href": "", "value": "", "timestamp": 1612914382}}}, {"title": "", "media_map_data": {}, "string_map_data": {"Auteur": {"href": "", "value": "Maynard and Sons", "timestamp": 0}, "Heure": {"href": "", "value": "", "timestamp": 1584346932}}}, {"title": "", "media_map_data": {}, "string_map_data": {"Auteur": {"href": "", "value": "Rodriguez, Martin and Diaz", "timestamp": 0}, "Heure": {"href": "", "value": "", "timestamp": 1620888178}}}, {"title": "", "media_map_data": {}, "string_map_data": {"Auteur": {"href": "", "value": "Carter-Cabrera", "timestamp": 0}, "Heure": {"href": "", "value": "", "timestamp": 1559323401}}}, {"title": "", "media_map_data": {}, "string_map_data": {"Auteur": {"href": "", "value": "Smith, Vargas and Marquez", "timestamp": 0}, "Heure": {"href": "", "value": "", "timestamp": 1543830922}}}, {"title": "", "media_map_data": {}, "string_map_data": {"Auteur": {"href": "", "value": "Hall Ltd", "timestamp": 0}, "Heure": {"href": "", "value": "", "timestamp": 1593893340}}}, {"title": "", "media_map_data": {}, "string_map_data": {"Auteur": {"href": "", "value": "Henry PLC", "timestamp": 0}, "Heure": {"href": "", "value": "", "timestamp": 1516669453}}}, {"title": "", "media_map_data": {}, "string_map_data": {"Auteur": {"href": "", "value": "Jackson PLC", "timestamp": 0}, "Heure": {"href": "", "value": "", "timestamp": 1656297802}}}, {"title": "", "media_map_data": {}, "string_map_data": {"Auteur": {"href": "", "value": "Howard, Ferguson and Cooper", "timestamp": 0}, "Heure": {"href": "", "value": "", "timestamp": 1512084797}}}, {"title": "", "media_map_data": {}, "string_map_data": {"Auteur": {"href": "", "value": "Carter, Nelson and Hardy", "timestamp": 0}, "Heure": {"href": "", "value": "", "timestamp": 1535771011}}}, {"title": "", "media_map_data": {}, "string_map_data": {"Auteur": {"href": "", "value": "Lloyd, Wolfe and Johnson", "timestamp": 0}, "Heure": {"href": "", "value": "", "timestamp": 1625328174}}}, {"title": "", "media_map_data": {}, "string_map_data": {"Auteur": {"href": "", "value": "Johnston PLC", "timestamp": 0}, "Heure": {"href": "", "value": "", "timestamp": 1621627450}}}, {"title": "", "media_map_data": {}, "string_map_data": {"Auteur": {"href": "", "value": "Shaw Ltd", "timestamp": 0}, "Heure": {"href": "", "value": "", "timestamp": 1561027441}}}, {"title": "", "media_map_data": {}, "string_map_data": {"Auteur": {"href": "", "value": "Olson, Harris and Brown", "timestamp": 0}, "Heure": {"href": "", "value": "", "timestamp": 1549035879}}}, {"title": "", "media_map_data": {}, "string_map_data": {"Auteur": {"href": "", "value": "Henderson-Watson", "timestamp": 0}, "Heure": {"href": "", "value": "", "timestamp": 1572700540}}}, {"title": "", "media_map_data": {}, "string_map_data": {"Auteur": {"href": "", "value": "Arnold, Bryan and Lewis", "timestamp": 0}, "Heure": {"href": "", "value": "", "timestamp": 1660637730}}}, {"title": "", "media_map_data": {}, "string_map_data": {"Auteur": {"href": "", "value": "Tran-Lopez", "timestamp": 0}, "Heure": {"href": "", "value": "", "timestamp": 1590842977}}}, {"title": "", "media_map_data": {}, "string_map_data": {"Auteur": {"href": "", "value": "Haynes-Johnson", "timestamp": 0}, "Heure": {"href": "", "value": "", "timestamp": 1662530329}}}, {"title": "", "media_map_data": {}, "string_map_data": {"Auteur": {"href": "", "value": "Chung, Wilkerson and Anderson", "timestamp": 0}, "Heure": {"href": "", "value": "", "timestamp": 1565292226}}}, {"title": "", "media_map_data": {}, "string_map_data": {"Auteur": {"href": "", "value": "Edwards Inc", "timestamp": 0}, "Heure": {"href": "", "value": "", "timestamp": 1533702652}}}, {"title": "", "media_map_data": {}, "string_map_data": {"Auteur": {"href": "", "value": "Graves-Lewis", "timestamp": 0}, "Heure": {"href": "", "value": "", "timestamp": 1553706724}}}, {"title": "", "media_map_data": {}, "string_map_data": {"Auteur": {"href": "", "value": "Stephens-Bowers", "timestamp": 0}, "Heure": {"href": "", "value": "", "timestamp": 1645464736}}}, {"title": "", "media_map_data": {}, "string_map_data": {"Auteur": {"href": "", "value": "Cole-Clark", "timestamp": 0}, "Heure": {"href": "", "value": "", "timestamp": 1589066149}}}, {"title": "", "media_map_data": {}, "string_map_data": {"Auteur": {"href": "", "value": "Wright, Mclaughlin and Martinez", "timestamp": 0}, "Heure": {"href": "", "value": "", "timestamp": 1649381316}}}, {"title": "", "media_map_data": {}, "string_map_data": {"Auteur": {"href": "", "value": "Abbott LLC", "timestamp": 0}, "Heure": {"href": "", "value": "", "timestamp": 1580124672}}}, {"title": "", "media_map_data": {}, "string_map_data": {"Auteur": {"href": "", "value": "Jensen, Wallace and Khan", "timestamp": 0}, "Heure": {"href": "", "value": "", "timestamp": 1520069802}}}, {"title": "", "media_map_data": {}, "string_map_data": {"Auteur": {"href": "", "value": "Green-Ali", "timestamp": 0}, "Heure": {"href": "", "value": "", "timestamp": 1562031241}}}, {"title": "", "media_map_data": {}, "string_map_data": {"Auteur": {"href": "", "value": "Williams, Hernandez and Obrien", "timestamp": 0}, "Heure": {"href": "", "value": "", "timestamp": 1605768063}}}, {"title": "", "media_map_data": {}, "string_map_data": {"Auteur": {"href": "", "value": "Robbins-Thomas", "timestamp": 0}, "Heure": {"href": "", "value": "", "timestamp": 1529377851}}}, {"title": "", "media_map_data": {}, "string_map_data": {"Auteur": {"href": "", "value": "Sullivan LLC", "timestamp": 0}, "Heure": {"href": "", "value": "", "timestamp": 1517162143}}}, {"title": "", "media_map_data": {}, "string_map_data": {"Auteur": {"href": "", "value": "Allen, Walker and Shea", "timestamp": 0}, "Heure": {"href": "", "value": "", "timestamp": 1525463427}}}, {"title": "", "media_map_data": {}, "string_map_data": {"Auteur": {"href": "", "value": "Miller Inc", "timestamp": 0}, "Heure": {"href": "", "value": "", "timestamp": 1591783434}}}, {"title": "", "media_map_data": {}, "string_map_data": {"Auteur": {"href": "", "value": "Richardson, Zuniga and Hughes", "timestamp": 0}, "Heure": {"href": "", "value": "", "timestamp": 1513844206}}}, {"title": "", "media_map_data": {}, "string_map_data": {"Auteur": {"href": "", "value": "Bell Group", "timestamp": 0}, "Heure": {"href": "", "value": "", "timestamp": 1650960119}}}, {"title": "", "media_map_data": {}, "string_map_data": {"Auteur": {"href": "", "value": "Sawyer-Cooper", "timestamp": 0}, "Heure": {"href": "", "value": "", "timestamp": 1567757939}}}, {"title": "", "media_map_data": {}, "string_map_data": {"Auteur": {"href": "", "value": "Arias Ltd", "timestamp": 0}, "Heure": {"href": "", "value": "", "timestamp": 1612329070}}}, {"title": "", "media_map_data": {}, "string_map_data": {"Auteur": {"href": "", "value": "Smith and Sons", "timestamp": 0}, "Heure": {"href": "", "value": "", "timestamp": 1665713322}}}, {"title": "", "media_map_data": {}, "string_map_data": {"Auteur": {"href": "", "value": "Murphy, Powell and King", "timestamp": 0}, "Heure": {"href": "", "value": "", "timestamp": 1602653740}}}, {"title": "", "media_map_data": {}, "string_map_data": {"Auteur": {"href": "", "value": "Martin LLC", "timestamp": 0}, "Heure": {"href": "", "value": "", "timestamp": 1658767797}}}, {"title": "", "media_map_data": {}, "string_map_data": {"Auteur": {"href": "", "value": "Hess Ltd", "timestamp": 0}, "Heure": {"href": "", "value": "", "timestamp": 1532003399}}}, {"title": "", "media_map_data": {}, "string_map_data": {"Auteur": {"href": "", "value": "Grimes, Martin and Diaz", "timestamp": 0}, "Heure": {"href": "", "value": "", "timestamp": 1604130269}}}, {"title": "", "media_map_data": {}, "string_map_data": {"Auteur": {"href": "", "value": "Hood, Myers and Romero", "timestamp": 0}, "Heure": {"href": "", "value": "", "timestamp": 1617677996}}}, {"title": "", "media_map_data": {}, "string_map_data": {"Auteur": {"href": "", "value": "Walker, Taylor and Garcia", "timestamp": 0}, "Heure": {"href": "", "value": "", "timestamp": 1546944035}}}, {"title": "", "media_map_data": {}, "string_map_data": {"Auteur": {"href": "", "value": "Lopez, Gordon and Alvarez", "timestamp": 0}, "Heure": {"href": "", "value": "", "timestamp": 1522928407}}}, {"title": "", "media_map_data": {}, "string_map_data": {"Auteur": {"href": "", "value": "Potts-Reese", "timestamp": 0}, "Heure": {"href": "", "value": "", "timestamp": 1644996777}}}, {"title": "", "media_map_data": {}, "string_map_data": {"Auteur": {"href": "", "value": "Patterson Group", "timestamp": 0}, "Heure": {"href": "", "value": "", "timestamp": 1661975177}}}, {"title": "", "media_map_data": {}, "string_map_data": {"Auteur": {"href": "", "value": "Lindsey Inc", "timestamp": 0}, "Heure": {"href": "", "value": "", "timestamp": 1643728589}}}, {"title": "", "media_map_data": {}, "string_map_data": {"Auteur": {"href": "", "value": "Hurley-Larsen", "timestamp": 0}, "Heure": {"href": "", "value": "", "timestamp": 1545288363}}}, {"title": "", "media_map_data": {}, "string_map_data": {"Auteur": {"href": "", "value": "Duffy and Sons", "timestamp": 0}, "Heure": {"href": "", "value": "", "timestamp": 1519465581}}}, {"title": "", "media_map_data": {}, "string_map_data": {"Auteur": {"href": "", "value": "Jones, Robinson and Newman", "timestamp": 0}, "Heure": {"href": "", "value": "", "timestamp": 1585029701}}}, {"title": "", "media_map_data": {}, "string_map_data": {"Auteur": {"href": "", "value": "Nguyen-Richardson", "timestamp": 0}, "Heure": {"href": "", "value": "", "timestamp": 1641990712}}}, {"title": "", "media_map_data": {}, "string_map_data": {"Auteur": {"href": "", "value": "Davidson-Harris", "timestamp": 0}, "Heure": {"href": "", "value": "", "timestamp": 1639042387}}}, {"title": "", "media_map_data": {}, "string_map_data": {"Auteur": {"href": "", "value": "Berry-Griffith", "timestamp": 0}, "Heure": {"href": "", "value": "", "timestamp": 1592815686}}}, {"title": "", "media_map_data": {}, "string_map_data": {"Auteur": {"href": "", "value": "Oneill Inc", "timestamp": 0}, "Heure": {"href": "", "value": "", "timestamp": 1634974232}}}, {"title": "", "media_map_data": {}, "string_map_data": {"Auteur": {"href": "", "value": "Murray, Gonzalez and Johnson", "timestamp": 0}, "Heure": {"href": "", "value": "", "timestamp": 1596987756}}}, {"title": "", "media_map_data": {}, "string_map_data": {"Auteur": {"href": "", "value": "Thomas, Anderson and Gonzalez", "timestamp": 0}, "Heure": {"href": "", "value": "", "timestamp": 1646165971}}}, {"title": "", "media_map_data": {}, "string_map_data": {"Auteur": {"href": "", "value": "Stephens Inc", "timestamp": 0}, "Heure": {"href": "", "value": "", "timestamp": 1560761358}}}, {"title": "", "media_map_data": {}, "string_map_data": {"Auteur": {"href": "", "value": "Vargas-Henderson", "timestamp": 0}, "Heure": {"href": "", "value": "", "timestamp": 1581043187}}}, {"title": "", "media_map_data": {}, "string_map_data": {"Auteur": {"href": "", "value": "Murphy, Frazier and Delgado", "timestamp": 0}, "Heure": {"href": "", "value": "", "timestamp": 1652574758}}}, {"title": "", "media_map_data": {}, "string_map_data": {"Auteur": {"href": "", "value": "Stanton, Cunningham and Fisher", "timestamp": 0}, "Heure": {"href": "", "value": "", "timestamp": 1575517177}}}, {"title": "", "media_map_data": {}, "string_map_data": {"Auteur": {"href": "", "value": "Ray and Sons", "timestamp": 0}, "Heure": {"href": "", "value": "", "timestamp": 1528691803}}}, {"title": "", "media_map_data": {}, "string_map_data": {"Auteur": {"href": "", "value": "Turner, Le and Henderson", "timestamp": 0}, "Heure": {"href": "", "value": "", "timestamp": 1665649120}}}, {"title": "", "media_map_data": {}, "string_map_data": {"Auteur": {"href": "", "value": "Baker, Martinez and Davis", "timestamp": 0}, "Heure": {"href": "", "value": "", "timestamp": 1659741471}}}, {"title": "", "media_map_data": {}, "string_map_data": {"Auteur": {"href": "", "value": "Chavez, Marsh and Porter", "timestamp": 0}, "Heure": {"href": "", "value": "", "timestamp": 1623074336}}}, {"title": "", "media_map_data": {}, "string_map_data": {"Auteur": {"href": "", "value": "Stephenson-Payne", "timestamp": 0}, "Heure": {"href": "", "value": "", "timestamp": 1604249068}}}, {"title": "", "media_map_data": {}, "string_map_data": {"Auteur": {"href": "", "value": "Brown PLC", "timestamp": 0}, "Heure": {"href": "", "value": "", "timestamp": 1527074201}}}, {"title": "", "media_map_data": {}, "string_map_data": {"Auteur": {"href": "", "value": "Harris-Hughes", "timestamp": 0}, "Heure": {"href": "", "value": "", "timestamp": 1515924844}}}, {"title": "", "media_map_data": {}, "string_map_data": {"Auteur": {"href": "", "value": "Arias-Jackson", "timestamp": 0}, "Heure": {"href": "", "value": "", "timestamp": 1514959151}}}, {"title": "", "media_map_data": {}, "string_map_data": {"Auteur": {"href": "", "value": "Trujillo-Davis", "timestamp": 0}, "Heure": {"href": "", "value": "", "timestamp": 1550882743}}}, {"title": "", "media_map_data": {}, "string_map_data": {"Auteur": {"href": "", "value": "Kramer Inc", "timestamp": 0}, "Heure": {"href": "", "value": "", "timestamp": 1554742058}}}, {"title": "", "media_map_data": {}, "string_map_data": {"Auteur": {"href": "", "value": "Hawkins-Gomez", "timestamp": 0}, "Heure": {"href": "", "value": "", "timestamp": 1580131722}}}, {"title": "", "media_map_data": {}, "string_map_data": {"Auteur": {"href": "", "value": "Miller, Ross and Cameron", "timestamp": 0}, "Heure": {"href": "", "value": "", "timestamp": 1520746668}}}, {"title": "", "media_map_data": {}, "string_map_data": {"Auteur": {"href": "", "value": "Potter, Anderson and Weeks", "timestamp": 0}, "Heure": {"href": "", "value": "", "timestamp": 1613288600}}}, {"title": "", "media_map_data": {}, "string_map_data": {"Auteur": {"href": "", "value": "Nguyen, Cardenas and Foley", "timestamp": 0}, "Heure": {"href": "", "value": "", "timestamp": 1620725444}}}, {"title": "", "media_map_data": {}, "string_map_data": {"Auteur": {"href": "", "value": "Sweeney-Perry", "timestamp": 0}, "Heure": {"href": "", "value": "", "timestamp": 1637642370}}}, {"title": "", "media_map_data": {}, "string_map_data": {"Auteur": {"href": "", "value": "Jones, Rosales and Coleman", "timestamp": 0}, "Heure": {"href": "", "value": "", "timestamp": 1533184963}}}, {"title": "", "media_map_data": {}, "string_map_data": {"Auteur": {"href": "", "value": "Wells, Adams and Kerr", "timestamp": 0}, "Heure": {"href": "", "value": "", "timestamp": 1636172290}}}, {"title": "", "media_map_data": {}, "string_map_data": {"Auteur": {"href": "", "value": "Chaney-Hernandez", "timestamp": 0}, "Heure": {"href": "", "value": "", "timestamp": 1641216354}}}, {"title": "", "media_map_data": {}, "string_map_data": {"Auteur": {"href": "", "value": "Brown Ltd", "timestamp": 0}, "Heure": {"href": "", "value": "", "timestamp": 1659728474}}}, {"title": "", "media_map_data": {}, "string_map_data": {"Auteur": {"href": "", "value": "Reed, Crawford and Diaz", "timestamp": 0}, "Heure": {"href": "", "value": "", "timestamp": 1577574762}}}, {"title": "", "media_map_data": {}, "string_map_data": {"Auteur": {"href": "", "value": "Bowman Group", "timestamp": 0}, "Heure": {"href": "", "value": "", "timestamp": 1586087701}}}, {"title": "", "media_map_data": {}, "string_map_data": {"Auteur": {"href": "", "value": "Ayers-Brown", "timestamp": 0}, "Heure": {"href": "", "value": "", "timestamp": 1598751260}}}, {"title": "", "media_map_data": {}, "string_map_data": {"Auteur": {"href": "", "value": "Holland, Jones and Armstrong", "timestamp": 0}, "Heure": {"href": "", "value": "", "timestamp": 1544229113}}}, {"title": "", "media_map_data": {}, "string_map_data": {"Auteur": {"href": "", "value": "Knox, Townsend and Terry", "timestamp": 0}, "Heure": {"href": "", "value": "", "timestamp": 1520628816}}}, {"title": "", "media_map_data": {}, "string_map_data": {"Auteur": {"href": "", "value": "Compton-Donaldson", "timestamp": 0}, "Heure": {"href": "", "value": "", "timestamp": 1559648083}}}, {"title": "", "media_map_data": {}, "string_map_data": {"Auteur": {"href": "", "value": "Valentine, Hamilton and Cruz", "timestamp": 0}, "Heure": {"href": "", "value": "", "timestamp": 1624304779}}}, {"title": "", "media_map_data": {}, "string_map_data": {"Auteur": {"href": "", "value": "Taylor PLC", "timestamp": 0}, "Heure": {"href": "", "value": "", "timestamp": 1549337770}}}, {"title": "", "media_map_data": {}, "string_map_data": {"Auteur": {"href": "", "value": "Pacheco, Horton and Walker", "timestamp": 0}, "Heure": {"href": "", "value": "", "timestamp": 1597184913}}}, {"title": "", "media_map_data": {}, "string_map_data": {"Auteur": {"href": "", "value": "Hernandez-Parks", "timestamp": 0}, "Heure": {"href": "", "value": "", "timestamp": 1609743645}}}, {"title": "", "media_map_data": {}, "string_map_data": {"Auteur": {"href": "", "value": "Ramirez Group", "timestamp": 0}, "Heure": {"href": "", "value": "", "timestamp": 1650758016}}}, {"title": "", "media_map_data": {}, "string_map_data": {"Auteur": {"href": "", "value": "White-Madden", "timestamp": 0}, "Heure": {"href": "", "value": "", "timestamp": 1586630572}}}, {"title": "", "media_map_data": {}, "string_map_data": {"Auteur": {"href": "", "value": "Hopkins, Lee and Davis", "timestamp": 0}, "Heure": {"href": "", "value": "", "timestamp": 1579985874}}}, {"title": "", "media_map_data": {}, "string_map_data": {"Auteur": {"href": "", "value": "Austin Group", "timestamp": 0}, "Heure": {"href": "", "value": "", "timestamp": 1557922038}}}, {"title": "", "media_map_data": {}, "string_map_data": {"Auteur": {"href": "", "value": "Anderson-Smith", "timestamp": 0}, "Heure": {"href": "", "value": "", "timestamp": 1555823315}}}, {"title": "", "media_map_data": {}, "string_map_data": {"Auteur": {"href": "", "value": "Bell-Rodriguez", "timestamp": 0}, "Heure": {"href": "", "value": "", "timestamp": 1558948193}}}, {"title": "", "media_map_data": {}, "string_map_data": {"Auteur": {"href": "", "value": "Guzman, Thompson and Scott", "timestamp": 0}, "Heure": {"href": "", "value": "", "timestamp": 1608237666}}}, {"title": "", "media_map_data": {}, "string_map_data": {"Auteur": {"href": "", "value": "Wright-Carr", "timestamp": 0}, "Heure": {"href": "", "value": "", "timestamp": 1604709190}}}, {"title": "", "media_map_data": {}, "string_map_data": {"Auteur": {"href": "", "value": "Stout, Dunlap and Brown", "timestamp": 0}, "Heure": {"href": "", "value": "", "timestamp": 1605293147}}}, {"title": "", "media_map_data": {}, "string_map_data": {"Auteur": {"href": "", "value": "Osborne, Kelley and Wagner", "timestamp": 0}, "Heure": {"href": "", "value": "", "timestamp": 1645520932}}}, {"title": "", "media_map_data": {}, "string_map_data": {"Auteur": {"href": "", "value": "Henson, Rodriguez and Kim", "timestamp": 0}, "Heure": {"href": "", "value": "", "timestamp": 1616393869}}}, {"title": "", "media_map_data": {}, "string_map_data": {"Auteur": {"href": "", "value": "Smith-Valencia", "timestamp": 0}, "Heure": {"href": "", "value": "", "timestamp": 1528971540}}}, {"title": "", "media_map_data": {}, "string_map_data": {"Auteur": {"href": "", "value": "Hancock PLC", "timestamp": 0}, "Heure": {"href": "", "value": "", "timestamp": 1544990795}}}, {"title": "", "media_map_data": {}, "string_map_data": {"Auteur": {"href": "", "value": "Fuller, Norton and Thompson", "timestamp": 0}, "Heure": {"href": "", "value": "", "timestamp": 1598120278}}}, {"title": "", "media_map_data": {}, "string_map_data": {"Auteur": {"href": "", "value": "Nichols Ltd", "timestamp": 0}, "Heure": {"href": "", "value": "", "timestamp": 1570336149}}}, {"title": "", "media_map_data": {}, "string_map_data": {"Auteur": {"href": "", "value": "Lynch Ltd", "timestamp": 0}, "Heure": {"href": "", "value": "", "timestamp": 1620337193}}}, {"title": "", "media_map_data": {}, "string_map_data": {"Auteur": {"href": "", "value": "Ryan Inc", "timestamp": 0}, "Heure": {"href": "", "value": "", "timestamp": 1658548521}}}, {"title": "", "media_map_data": {}, "string_map_data": {"Auteur": {"href": "", "value": "Yates-Montgomery", "timestamp": 0}, "Heure": {"href": "", "value": "", "timestamp": 1665171347}}}, {"title": "", "media_map_data": {}, "string_map_data": {"Auteur": {"href": "", "value": "Robinson, Miller and Diaz", "timestamp": 0}, "Heure": {"href": "", "value": "", "timestamp": 1639764467}}}, {"title": "", "media_map_data": {}, "string_map_data": {"Auteur": {"href": "", "value": "Gordon, Carpenter and Smith", "timestamp": 0}, "Heure": {"href": "", "value": "", "timestamp": 1653285173}}}, {"title": "", "media_map_data": {}, "string_map_data": {"Auteur": {"href": "", "value": "Morales, Barrera and Mann", "timestamp": 0}, "Heure": {"href": "", "value": "", "timestamp": 1540542466}}}, {"title": "", "media_map_data": {}, "string_map_data": {"Auteur": {"href": "", "value": "Estrada-Ferguson", "timestamp": 0}, "Heure": {"href": "", "value": "", "timestamp": 1558813911}}}, {"title": "", "media_map_data": {}, "string_map_data": {"Auteur": {"href": "", "value": "Leonard-Sanchez", "timestamp": 0}, "Heure": {"href": "", "value": "", "timestamp": 1602921807}}}, {"title": "", "media_map_data": {}, "string_map_data": {"Auteur": {"href": "", "value": "Glenn, Stafford and Rice", "timestamp": 0}, "Heure": {"href": "", "value": "", "timestamp": 1572855504}}}, {"title": "", "media_map_data": {}, "string_map_data": {"Auteur": {"href": "", "value": "Wright-Tanner", "timestamp": 0}, "Heure": {"href": "", "value": "", "timestamp": 1591058307}}}, {"title": "", "media_map_data": {}, "string_map_data": {"Auteur": {"href": "", "value": "Nguyen PLC", "timestamp": 0}, "Heure": {"href": "", "value": "", "timestamp": 1572958321}}}, {"title": "", "media_map_data": {}, "string_map_data": {"Auteur": {"href": "", "value": "King-Young", "timestamp": 0}, "Heure": {"href": "", "value": "", "timestamp": 1594060033}}}, {"title": "", "media_map_data": {}, "string_map_data": {"Auteur": {"href": "", "value": "Floyd LLC", "timestamp": 0}, "Heure": {"href": "", "value": "", "timestamp": 1596237450}}}, {"title": "", "media_map_data": {}, "string_map_data": {"Auteur": {"href": "", "value": "Smith, Williams and Morris", "timestamp": 0}, "Heure": {"href": "", "value": "", "timestamp": 1548856344}}}, {"title": "", "media_map_data": {}, "string_map_data": {"Auteur": {"href": "", "value": "Massey-Morton", "timestamp": 0}, "Heure": {"href": "", "value": "", "timestamp": 1514192813}}}, {"title": "", "media_map_data": {}, "string_map_data": {"Auteur": {"href": "", "value": "Rodriguez Inc", "timestamp": 0}, "Heure": {"href": "", "value": "", "timestamp": 1659980820}}}, {"title": "", "media_map_data": {}, "string_map_data": {"Auteur": {"href": "", "value": "Maxwell-Harrison", "timestamp": 0}, "Heure": {"href": "", "value": "", "timestamp": 1595437805}}}, {"title": "", "media_map_data": {}, "string_map_data": {"Auteur": {"href": "", "value": "Gomez, Campbell and Jones", "timestamp": 0}, "Heure": {"href": "", "value": "", "timestamp": 1598718268}}}, {"title": "", "media_map_data": {}, "string_map_data": {"Auteur": {"href": "", "value": "Flores, Harris and Garcia", "timestamp": 0}, "Heure": {"href": "", "value": "", "timestamp": 1624909714}}}, {"title": "", "media_map_data": {}, "string_map_data": {"Auteur": {"href": "", "value": "Benson, Washington and Mills", "timestamp": 0}, "Heure": {"href": "", "value": "", "timestamp": 1529826856}}}, {"title": "", "media_map_data": {}, "string_map_data": {"Auteur": {"href": "", "value": "Smith PLC", "timestamp": 0}, "Heure": {"href": "", "value": "", "timestamp": 1543381076}}}, {"title": "", "media_map_data": {}, "string_map_data": {"Auteur": {"href": "", "value": "Morgan PLC", "timestamp": 0}, "Heure": {"href": "", "value": "", "timestamp": 1635804539}}}, {"title": "", "media_map_data": {}, "string_map_data": {"Auteur": {"href": "", "value": "Christensen, Nichols and Green", "timestamp": 0}, "Heure": {"href": "", "value": "", "timestamp": 1553552209}}}, {"title": "", "media_map_data": {}, "string_map_data": {"Auteur": {"href": "", "value": "Wright-Griffin", "timestamp": 0}, "Heure": {"href": "", "value": "", "timestamp": 1663259494}}}, {"title": "", "media_map_data": {}, "string_map_data": {"Auteur": {"href": "", "value": "Martin, Hoffman and Lawson", "timestamp": 0}, "Heure": {"href": "", "value": "", "timestamp": 1591458336}}}, {"title": "", "media_map_data": {}, "string_map_data": {"Auteur": {"href": "", "value": "Williams, Nguyen and Hernandez", "timestamp": 0}, "Heure": {"href": "", "value": "", "timestamp": 1569637006}}}, {"title": "", "media_map_data": {}, "string_map_data": {"Auteur": {"href": "", "value": "Good, Patton and James", "timestamp": 0}, "Heure": {"href": "", "value": "", "timestamp": 1564555060}}}, {"title": "", "media_map_data": {}, "string_map_data": {"Auteur": {"href": "", "value": "Thompson, Williams and Ewing", "timestamp": 0}, "Heure": {"href": "", "value": "", "timestamp": 1642500611}}}, {"title": "", "media_map_data": {}, "string_map_data": {"Auteur": {"href": "", "value": "Velasquez-Richardson", "timestamp": 0}, "Heure": {"href": "", "value": "", "timestamp": 1528759207}}}, {"title": "", "media_map_data": {}, "string_map_data": {"Auteur": {"href": "", "value": "Osborne, Brock and Harrison", "timestamp": 0}, "Heure": {"href": "", "value": "", "timestamp": 1579500860}}}, {"title": "", "media_map_data": {}, "string_map_data": {"Auteur": {"href": "", "value": "Hale, Carpenter and Lopez", "timestamp": 0}, "Heure": {"href": "", "value": "", "timestamp": 1666532430}}}, {"title": "", "media_map_data": {}, "string_map_data": {"Auteur": {"href": "", "value": "Serrano-Kemp", "timestamp": 0}, "Heure": {"href": "", "value": "", "timestamp": 1552437740}}}, {"title": "", "media_map_data": {}, "string_map_data": {"Auteur": {"href": "", "value": "Frost-Roberson", "timestamp": 0}, "Heure": {"href": "", "value": "", "timestamp": 1652849064}}}, {"title": "", "media_map_data": {}, "string_map_data": {"Auteur": {"href": "", "value": "Williams and Sons", "timestamp": 0}, "Heure": {"href": "", "value": "", "timestamp": 1644093004}}}, {"title": "", "media_map_data": {}, "string_map_data": {"Auteur": {"href": "", "value": "Pierce and Sons", "timestamp": 0}, "Heure": {"href": "", "value": "", "timestamp": 1636891004}}}, {"title": "", "media_map_data": {}, "string_map_data": {"Auteur": {"href": "", "value": "Brown-Rodriguez", "timestamp": 0}, "Heure": {"href": "", "value": "", "timestamp": 1583809680}}}, {"title": "", "media_map_data": {}, "string_map_data": {"Auteur": {"href": "", "value": "Hanson-Scott", "timestamp": 0}, "Heure": {"href": "", "value": "", "timestamp": 1551288512}}}, {"title": "", "media_map_data": {}, "string_map_data": {"Auteur": {"href": "", "value": "Jones-Allen", "timestamp": 0}, "Heure": {"href": "", "value": "", "timestamp": 1601278972}}}, {"title": "", "media_map_data": {}, "string_map_data": {"Auteur": {"href": "", "value": "Hayes-Soto", "timestamp": 0}, "Heure": {"href": "", "value": "", "timestamp": 1659549068}}}, {"title": "", "media_map_data": {}, "string_map_data": {"Auteur": {"href": "", "value": "Olson LLC", "timestamp": 0}, "Heure": {"href": "", "value": "", "timestamp": 1551487328}}}, {"title": "", "media_map_data": {}, "string_map_data": {"Auteur": {"href": "", "value": "Harris PLC", "timestamp": 0}, "Heure": {"href": "", "value": "", "timestamp": 1527664588}}}, {"title": "", "media_map_data": {}, "string_map_data": {"Auteur": {"href": "", "value": "Smith LLC", "timestamp": 0}, "Heure": {"href": "", "value": "", "timestamp": 1634436917}}}, {"title": "", "media_map_data": {}, "string_map_data": {"Auteur": {"href": "", "value": "Holmes, Ballard and Smith", "timestamp": 0}, "Heure": {"href": "", "value": "", "timestamp": 1515919972}}}, {"title": "", "media_map_data": {}, "string_map_data": {"Auteur": {"href": "", "value": "Lambert, Preston and Oneal", "timestamp": 0}, "Heure": {"href": "", "value": "", "timestamp": 1525938928}}}, {"title": "", "media_map_data": {}, "string_map_data": {"Auteur": {"href": "", "value": "Robbins Group", "timestamp": 0}, "Heure": {"href": "", "value": "", "timestamp": 1589730694}}}, {"title": "", "media_map_data": {}, "string_map_data": {"Auteur": {"href": "", "value": "Olson, Johnson and Howard", "timestamp": 0}, "Heure": {"href": "", "value": "", "timestamp": 1625175372}}}, {"title": "", "media_map_data": {}, "string_map_data": {"Auteur": {"href": "", "value": "Jenkins-Proctor", "timestamp": 0}, "Heure": {"href": "", "value": "", "timestamp": 1524730861}}}, {"title": "", "media_map_data": {}, "string_map_data": {"Auteur": {"href": "", "value": "Brown PLC", "timestamp": 0}, "Heure": {"href": "", "value": "", "timestamp": 1572847773}}}, {"title": "", "media_map_data": {}, "string_map_data": {"Auteur": {"href": "", "value": "Thompson Group", "timestamp": 0}, "Heure": {"href": "", "value": "", "timestamp": 1574665592}}}, {"title": "", "media_map_data": {}, "string_map_data": {"Auteur": {"href": "", "value": "Hayes LLC", "timestamp": 0}, "Heure": {"href": "", "value": "", "timestamp": 1586331432}}}, {"title": "", "media_map_data": {}, "string_map_data": {"Auteur": {"href": "", "value": "Gomez, Lee and Griffin", "timestamp": 0}, "Heure": {"href": "", "value": "", "timestamp": 1512540789}}}, {"title": "", "media_map_data": {}, "string_map_data": {"Auteur": {"href": "", "value": "Armstrong PLC", "timestamp": 0}, "Heure": {"href": "", "value": "", "timestamp": 1573978797}}}, {"title": "", "media_map_data": {}, "string_map_data": {"Auteur": {"href": "", "value": "Prince and Sons", "timestamp": 0}, "Heure": {"href": "", "value": "", "timestamp": 1606157624}}}, {"title": "", "media_map_data": {}, "string_map_data": {"Auteur": {"href": "", "value": "Wong-Anderson", "timestamp": 0}, "Heure": {"href": "", "value": "", "timestamp": 1528301391}}}, {"title": "", "media_map_data": {}, "string_map_data": {"Auteur": {"href": "", "value": "Taylor LLC", "timestamp": 0}, "Heure": {"href": "", "value": "", "timestamp": 1634521183}}}, {"title": "", "media_map_data": {}, "string_map_data": {"Auteur": {"href": "", "value": "Phillips-Winters", "timestamp": 0}, "Heure": {"href": "", "value": "", "timestamp": 1583361211}}}, {"title": "", "media_map_data": {}, "string_map_data": {"Auteur": {"href": "", "value": "Long-Ryan", "timestamp": 0}, "Heure": {"href": "", "value": "", "timestamp": 1558556101}}}, {"title": "", "media_map_data": {}, "string_map_data": {"Auteur": {"href": "", "value": "Maldonado and Sons", "timestamp": 0}, "Heure": {"href": "", "value": "", "timestamp": 1635211165}}}, {"title": "", "media_map_data": {}, "string_map_data": {"Auteur": {"href": "", "value": "Gardner, Gregory and Sanchez", "timestamp": 0}, "Heure": {"href": "", "value": "", "timestamp": 1570163273}}}, {"title": "", "media_map_data": {}, "string_map_data": {"Auteur": {"href": "", "value": "Blackwell Ltd", "timestamp": 0}, "Heure": {"href": "", "value": "", "timestamp": 1666576137}}}, {"title": "", "media_map_data": {}, "string_map_data": {"Auteur": {"href": "", "value": "Wise-Russell", "timestamp": 0}, "Heure": {"href": "", "value": "", "timestamp": 1653405969}}}, {"title": "", "media_map_data": {}, "string_map_data": {"Auteur": {"href": "", "value": "White Group", "timestamp": 0}, "Heure": {"href": "", "value": "", "timestamp": 1586965513}}}, {"title": "", "media_map_data": {}, "string_map_data": {"Auteur": {"href": "", "value": "Hall and Sons", "timestamp": 0}, "Heure": {"href": "", "value": "", "timestamp": 1571674728}}}, {"title": "", "media_map_data": {}, "string_map_data": {"Auteur": {"href": "", "value": "Wells, Allen and Drake", "timestamp": 0}, "Heure": {"href": "", "value": "", "timestamp": 1595157490}}}, {"title": "", "media_map_data": {}, "string_map_data": {"Auteur": {"href": "", "value": "Flowers PLC", "timestamp": 0}, "Heure": {"href": "", "value": "", "timestamp": 1598197364}}}, {"title": "", "media_map_data": {}, "string_map_data": {"Auteur": {"href": "", "value": "Green Inc", "timestamp": 0}, "Heure": {"href": "", "value": "", "timestamp": 1628123557}}}, {"title": "", "media_map_data": {}, "string_map_data": {"Auteur": {"href": "", "value": "Wright, Thomas and Williams", "timestamp": 0}, "Heure": {"href": "", "value": "", "timestamp": 1551407707}}}]}