{"impressions_history_posts_seen": [{"title": "", "media_map_data": {}, "string_map_data": {"Auteur": {"href": "", "value": "Chris.smith", "timestamp": 0}, "Heure": {"href": "", "value": "", "timestamp": 1538644361}}}, {"title": "", "media_map_data": {}, "string_map_data": {"Auteur": {"href": "", "value": "Katherine.smith", "timestamp": 0}, "Heure": {"href": "", "value": "", "timestamp": 1588311493}}}, {"title": "", "media_map_data": {}, "string_map_data": {"Auteur": {"href": "", "value": "Melissa.wilkinson", "timestamp": 0}, "Heure": {"href": "", "value": "", "timestamp": 1515117065}}}, {"title": "", "media_map_data": {}, "string_map_data": {"Auteur": {"href": "", "value": "Connor.boyd", "timestamp": 0}, "Heure": {"href": "", "value": "", "timestamp": 1550143097}}}, {"title": "", "media_map_data": {}, "string_map_data": {"Auteur": {"href": "", "value": "Devin.smith", "timestamp": 0}, "Heure": {"href": "", "value": "", "timestamp": 1527041355}}}, {"title": "", "media_map_data": {}, "string_map_data": {"Auteur": {"href": "", "value": "James.burke", "timestamp": 0}, "Heure": {"href": "", "value": "", "timestamp": 1654019407}}}, {"title": "", "media_map_data": {}, "string_map_data": {"Auteur": {"href": "", "value": "Matthew.trujillo", "timestamp": 0}, "Heure": {"href": "", "value": "", "timestamp": 1610912753}}}, {"title": "", "media_map_data": {}, "string_map_data": {"Auteur": {"href": "", "value": "Debra.garcia", "timestamp": 0}, "Heure": {"href": "", "value": "", "timestamp": 1530864634}}}, {"title": "", "media_map_data": {}, "string_map_data": {"Auteur": {"href": "", "value": "George.griffin", "timestamp": 0}, "Heure": {"href": "", "value": "", "timestamp": 1619212670}}}, {"title": "", "media_map_data": {}, "string_map_data": {"Auteur": {"href": "", "value": "Christopher.edwards", "timestamp": 0}, "Heure": {"href": "", "value": "", "timestamp": 1570095972}}}, {"title": "", "media_map_data": {}, "string_map_data": {"Auteur": {"href": "", "value": "George.gill", "timestamp": 0}, "Heure": {"href": "", "value": "", "timestamp": 1598971418}}}, {"title": "", "media_map_data": {}, "string_map_data": {"Auteur": {"href": "", "value": "Vickie.porter", "timestamp": 0}, "Heure": {"href": "", "value": "", "timestamp": 1605682072}}}, {"title": "", "media_map_data": {}, "string_map_data": {"Auteur": {"href": "", "value": "Eileen.harrison", "timestamp": 0}, "Heure": {"href": "", "value": "", "timestamp": 1577223245}}}, {"title": "", "media_map_data": {}, "string_map_data": {"Auteur": {"href": "", "value": "Jesse.crawford", "timestamp": 0}, "Heure": {"href": "", "value": "", "timestamp": 1632217083}}}, {"title": "", "media_map_data": {}, "string_map_data": {"Auteur": {"href": "", "value": "Robert.thomas", "timestamp": 0}, "Heure": {"href": "", "value": "", "timestamp": 1647285294}}}, {"title": "", "media_map_data": {}, "string_map_data": {"Auteur": {"href": "", "value": "Barbara.ashley", "timestamp": 0}, "Heure": {"href": "", "value": "", "timestamp": 1592592532}}}, {"title": "", "media_map_data": {}, "string_map_data": {"Auteur": {"href": "", "value": "Debbie.lucas", "timestamp": 0}, "Heure": {"href": "", "value": "", "timestamp": 1548329424}}}, {"title": "", "media_map_data": {}, "string_map_data": {"Auteur": {"href": "", "value": "Steven.ramirez", "timestamp": 0}, "Heure": {"href": "", "value": "", "timestamp": 1579313280}}}, {"title": "", "media_map_data": {}, "string_map_data": {"Auteur": {"href": "", "value": "William.rivera", "timestamp": 0}, "Heure": {"href": "", "value": "", "timestamp": 1655374348}}}, {"title": "", "media_map_data": {}, "string_map_data": {"Auteur": {"href": "", "value": "Lisa.mcdowell", "timestamp": 0}, "Heure": {"href": "", "value": "", "timestamp": 1568851143}}}, {"title": "", "media_map_data": {}, "string_map_data": {"Auteur": {"href": "", "value": "Corey.brown", "timestamp": 0}, "Heure": {"href": "", "value": "", "timestamp": 1573279139}}}, {"title": "", "media_map_data": {}, "string_map_data": {"Auteur": {"href": "", "value": "Christopher.hernandez", "timestamp": 0}, "Heure": {"href": "", "value": "", "timestamp": 1609916098}}}, {"title": "", "media_map_data": {}, "string_map_data": {"Auteur": {"href": "", "value": "Lori.willis", "timestamp": 0}, "Heure": {"href": "", "value": "", "timestamp": 1651758660}}}, {"title": "", "media_map_data": {}, "string_map_data": {"Auteur": {"href": "", "value": "Carl.leonard", "timestamp": 0}, "Heure": {"href": "", "value": "", "timestamp": 1602396705}}}, {"title": "", "media_map_data": {}, "string_map_data": {"Auteur": {"href": "", "value": "Joseph.guerrero", "timestamp": 0}, "Heure": {"href": "", "value": "", "timestamp": 1556742214}}}, {"title": "", "media_map_data": {}, "string_map_data": {"Auteur": {"href": "", "value": "Daniel.peters", "timestamp": 0}, "Heure": {"href": "", "value": "", "timestamp": 1636309531}}}, {"title": "", "media_map_data": {}, "string_map_data": {"Auteur": {"href": "", "value": "Carol.whitney", "timestamp": 0}, "Heure": {"href": "", "value": "", "timestamp": 1663978833}}}, {"title": "", "media_map_data": {}, "string_map_data": {"Auteur": {"href": "", "value": "Taylor.bell", "timestamp": 0}, "Heure": {"href": "", "value": "", "timestamp": 1579347249}}}, {"title": "", "media_map_data": {}, "string_map_data": {"Auteur": {"href": "", "value": "Ryan.west", "timestamp": 0}, "Heure": {"href": "", "value": "", "timestamp": 1608991899}}}, {"title": "", "media_map_data": {}, "string_map_data": {"Auteur": {"href": "", "value": "Stefanie.soto", "timestamp": 0}, "Heure": {"href": "", "value": "", "timestamp": 1536356395}}}, {"title": "", "media_map_data": {}, "string_map_data": {"Auteur": {"href": "", "value": "Christina.solis", "timestamp": 0}, "Heure": {"href": "", "value": "", "timestamp": 1620730973}}}, {"title": "", "media_map_data": {}, "string_map_data": {"Auteur": {"href": "", "value": "Donald.chambers", "timestamp": 0}, "Heure": {"href": "", "value": "", "timestamp": 1609328983}}}, {"title": "", "media_map_data": {}, "string_map_data": {"Auteur": {"href": "", "value": "Michael.allen", "timestamp": 0}, "Heure": {"href": "", "value": "", "timestamp": 1580075899}}}, {"title": "", "media_map_data": {}, "string_map_data": {"Auteur": {"href": "", "value": "Crystal.barnes", "timestamp": 0}, "Heure": {"href": "", "value": "", "timestamp": 1633624468}}}, {"title": "", "media_map_data": {}, "string_map_data": {"Auteur": {"href": "", "value": "Mark.diaz", "timestamp": 0}, "Heure": {"href": "", "value": "", "timestamp": 1522872440}}}, {"title": "", "media_map_data": {}, "string_map_data": {"Auteur": {"href": "", "value": "Katrina.esparza", "timestamp": 0}, "Heure": {"href": "", "value": "", "timestamp": 1633963802}}}, {"title": "", "media_map_data": {}, "string_map_data": {"Auteur": {"href": "", "value": "James.alvarez", "timestamp": 0}, "Heure": {"href": "", "value": "", "timestamp": 1619822444}}}, {"title": "", "media_map_data": {}, "string_map_data": {"Auteur": {"href": "", "value": "Megan.davis", "timestamp": 0}, "Heure": {"href": "", "value": "", "timestamp": 1537919927}}}, {"title": "", "media_map_data": {}, "string_map_data": {"Auteur": {"href": "", "value": "Shelly.pearson", "timestamp": 0}, "Heure": {"href": "", "value": "", "timestamp": 1636699125}}}, {"title": "", "media_map_data": {}, "string_map_data": {"Auteur": {"href": "", "value": "Garrett.herrera", "timestamp": 0}, "Heure": {"href": "", "value": "", "timestamp": 1665518598}}}, {"title": "", "media_map_data": {}, "string_map_data": {"Auteur": {"href": "", "value": "Sarah.phillips", "timestamp": 0}, "Heure": {"href": "", "value": "", "timestamp": 1628800976}}}, {"title": "", "media_map_data": {}, "string_map_data": {"Auteur": {"href": "", "value": "Linda.kent", "timestamp": 0}, "Heure": {"href": "", "value": "", "timestamp": 1616171300}}}, {"title": "", "media_map_data": {}, "string_map_data": {"Auteur": {"href": "", "value": "Amy.patterson", "timestamp": 0}, "Heure": {"href": "", "value": "", "timestamp": 1583942353}}}, {"title": "", "media_map_data": {}, "string_map_data": {"Auteur": {"href": "", "value": "Jonathan.hoffman", "timestamp": 0}, "Heure": {"href": "", "value": "", "timestamp": 1585377560}}}, {"title": "", "media_map_data": {}, "string_map_data": {"Auteur": {"href": "", "value": "Bruce.stafford", "timestamp": 0}, "Heure": {"href": "", "value": "", "timestamp": 1665299726}}}, {"title": "", "media_map_data": {}, "string_map_data": {"Auteur": {"href": "", "value": "James.holt", "timestamp": 0}, "Heure": {"href": "", "value": "", "timestamp": 1564359753}}}, {"title": "", "media_map_data": {}, "string_map_data": {"Auteur": {"href": "", "value": "Jeffrey.dickson", "timestamp": 0}, "Heure": {"href": "", "value": "", "timestamp": 1589060765}}}, {"title": "", "media_map_data": {}, "string_map_data": {"Auteur": {"href": "", "value": "Michael.cabrera", "timestamp": 0}, "Heure": {"href": "", "value": "", "timestamp": 1599533549}}}, {"title": "", "media_map_data": {}, "string_map_data": {"Auteur": {"href": "", "value": "Kimberly.peterson", "timestamp": 0}, "Heure": {"href": "", "value": "", "timestamp": 1568443556}}}, {"title": "", "media_map_data": {}, "string_map_data": {"Auteur": {"href": "", "value": "Cynthia.becker", "timestamp": 0}, "Heure": {"href": "", "value": "", "timestamp": 1547744181}}}, {"title": "", "media_map_data": {}, "string_map_data": {"Auteur": {"href": "", "value": "Edward.haynes", "timestamp": 0}, "Heure": {"href": "", "value": "", "timestamp": 1553270343}}}, {"title": "", "media_map_data": {}, "string_map_data": {"Auteur": {"href": "", "value": "Sarah.williamson", "timestamp": 0}, "Heure": {"href": "", "value": "", "timestamp": 1593422361}}}, {"title": "", "media_map_data": {}, "string_map_data": {"Auteur": {"href": "", "value": "Bradley.simpson", "timestamp": 0}, "Heure": {"href": "", "value": "", "timestamp": 1545824370}}}, {"title": "", "media_map_data": {}, "string_map_data": {"Auteur": {"href": "", "value": "Travis.tyler", "timestamp": 0}, "Heure": {"href": "", "value": "", "timestamp": 1607391682}}}, {"title": "", "media_map_data": {}, "string_map_data": {"Auteur": {"href": "", "value": "Christopher.lopez", "timestamp": 0}, "Heure": {"href": "", "value": "", "timestamp": 1512563394}}}, {"title": "", "media_map_data": {}, "string_map_data": {"Auteur": {"href": "", "value": "Amber.clark", "timestamp": 0}, "Heure": {"href": "", "value": "", "timestamp": 1597675492}}}, {"title": "", "media_map_data": {}, "string_map_data": {"Auteur": {"href": "", "value": "James.hess", "timestamp": 0}, "Heure": {"href": "", "value": "", "timestamp": 1650020511}}}, {"title": "", "media_map_data": {}, "string_map_data": {"Auteur": {"href": "", "value": "Shelby.dawson", "timestamp": 0}, "Heure": {"href": "", "value": "", "timestamp": 1613439200}}}, {"title": "", "media_map_data": {}, "string_map_data": {"Auteur": {"href": "", "value": "Lisa.lee", "timestamp": 0}, "Heure": {"href": "", "value": "", "timestamp": 1522880722}}}, {"title": "", "media_map_data": {}, "string_map_data": {"Auteur": {"href": "", "value": "Priscilla.bentley", "timestamp": 0}, "Heure": {"href": "", "value": "", "timestamp": 1539315061}}}, {"title": "", "media_map_data": {}, "string_map_data": {"Auteur": {"href": "", "value": "Candice.lewis", "timestamp": 0}, "Heure": {"href": "", "value": "", "timestamp": 1619635504}}}, {"title": "", "media_map_data": {}, "string_map_data": {"Auteur": {"href": "", "value": "Lisa.williams", "timestamp": 0}, "Heure": {"href": "", "value": "", "timestamp": 1632132089}}}, {"title": "", "media_map_data": {}, "string_map_data": {"Auteur": {"href": "", "value": "Kristen.taylor", "timestamp": 0}, "Heure": {"href": "", "value": "", "timestamp": 1593130688}}}, {"title": "", "media_map_data": {}, "string_map_data": {"Auteur": {"href": "", "value": "Robert.webb", "timestamp": 0}, "Heure": {"href": "", "value": "", "timestamp": 1546699173}}}, {"title": "", "media_map_data": {}, "string_map_data": {"Auteur": {"href": "", "value": "Erin.brown", "timestamp": 0}, "Heure": {"href": "", "value": "", "timestamp": 1543551818}}}, {"title": "", "media_map_data": {}, "string_map_data": {"Auteur": {"href": "", "value": "Holly.smith", "timestamp": 0}, "Heure": {"href": "", "value": "", "timestamp": 1647289774}}}, {"title": "", "media_map_data": {}, "string_map_data": {"Auteur": {"href": "", "value": "Nicole.kelley", "timestamp": 0}, "Heure": {"href": "", "value": "", "timestamp": 1636882222}}}, {"title": "", "media_map_data": {}, "string_map_data": {"Auteur": {"href": "", "value": "Curtis.vaughn", "timestamp": 0}, "Heure": {"href": "", "value": "", "timestamp": 1592305051}}}, {"title": "", "media_map_data": {}, "string_map_data": {"Auteur": {"href": "", "value": "Tristan.hansen", "timestamp": 0}, "Heure": {"href": "", "value": "", "timestamp": 1594302176}}}, {"title": "", "media_map_data": {}, "string_map_data": {"Auteur": {"href": "", "value": "Jennifer.wheeler", "timestamp": 0}, "Heure": {"href": "", "value": "", "timestamp": 1656637089}}}, {"title": "", "media_map_data": {}, "string_map_data": {"Auteur": {"href": "", "value": "Stephanie.aguirre", "timestamp": 0}, "Heure": {"href": "", "value": "", "timestamp": 1588594469}}}, {"title": "", "media_map_data": {}, "string_map_data": {"Auteur": {"href": "", "value": "Judith.rodriguez", "timestamp": 0}, "Heure": {"href": "", "value": "", "timestamp": 1629566749}}}, {"title": "", "media_map_data": {}, "string_map_data": {"Auteur": {"href": "", "value": "Heather.hoffman", "timestamp": 0}, "Heure": {"href": "", "value": "", "timestamp": 1575428972}}}, {"title": "", "media_map_data": {}, "string_map_data": {"Auteur": {"href": "", "value": "Ricardo.garcia", "timestamp": 0}, "Heure": {"href": "", "value": "", "timestamp": 1597843171}}}, {"title": "", "media_map_data": {}, "string_map_data": {"Auteur": {"href": "", "value": "Luis.martinez", "timestamp": 0}, "Heure": {"href": "", "value": "", "timestamp": 1557617214}}}, {"title": "", "media_map_data": {}, "string_map_data": {"Auteur": {"href": "", "value": "Jill.nelson", "timestamp": 0}, "Heure": {"href": "", "value": "", "timestamp": 1624281788}}}, {"title": "", "media_map_data": {}, "string_map_data": {"Auteur": {"href": "", "value": "Douglas.perez", "timestamp": 0}, "Heure": {"href": "", "value": "", "timestamp": 1529023878}}}, {"title": "", "media_map_data": {}, "string_map_data": {"Auteur": {"href": "", "value": "Nicholas.cooley", "timestamp": 0}, "Heure": {"href": "", "value": "", "timestamp": 1595567175}}}, {"title": "", "media_map_data": {}, "string_map_data": {"Auteur": {"href": "", "value": "Darren.stevenson", "timestamp": 0}, "Heure": {"href": "", "value": "", "timestamp": 1587005511}}}, {"title": "", "media_map_data": {}, "string_map_data": {"Auteur": {"href": "", "value": "David.zavala", "timestamp": 0}, "Heure": {"href": "", "value": "", "timestamp": 1634586562}}}, {"title": "", "media_map_data": {}, "string_map_data": {"Auteur": {"href": "", "value": "Jill.cooper", "timestamp": 0}, "Heure": {"href": "", "value": "", "timestamp": 1599522080}}}, {"title": "", "media_map_data": {}, "string_map_data": {"Auteur": {"href": "", "value": "Allen.williams", "timestamp": 0}, "Heure": {"href": "", "value": "", "timestamp": 1650174369}}}, {"title": "", "media_map_data": {}, "string_map_data": {"Auteur": {"href": "", "value": "Deborah.burke", "timestamp": 0}, "Heure": {"href": "", "value": "", "timestamp": 1581489799}}}, {"title": "", "media_map_data": {}, "string_map_data": {"Auteur": {"href": "", "value": "Carolyn.wood", "timestamp": 0}, "Heure": {"href": "", "value": "", "timestamp": 1625214715}}}, {"title": "", "media_map_data": {}, "string_map_data": {"Auteur": {"href": "", "value": "Priscilla.hodges", "timestamp": 0}, "Heure": {"href": "", "value": "", "timestamp": 1660835624}}}, {"title": "", "media_map_data": {}, "string_map_data": {"Auteur": {"href": "", "value": "David.weber", "timestamp": 0}, "Heure": {"href": "", "value": "", "timestamp": 1552580756}}}, {"title": "", "media_map_data": {}, "string_map_data": {"Auteur": {"href": "", "value": "Rachel.miles", "timestamp": 0}, "Heure": {"href": "", "value": "", "timestamp": 1615614452}}}, {"title": "", "media_map_data": {}, "string_map_data": {"Auteur": {"href": "", "value": "Jacob.moore", "timestamp": 0}, "Heure": {"href": "", "value": "", "timestamp": 1525415696}}}, {"title": "", "media_map_data": {}, "string_map_data": {"Auteur": {"href": "", "value": "Jaime.brewer", "timestamp": 0}, "Heure": {"href": "", "value": "", "timestamp": 1592680812}}}, {"title": "", "media_map_data": {}, "string_map_data": {"Auteur": {"href": "", "value": "Tonya.anderson", "timestamp": 0}, "Heure": {"href": "", "value": "", "timestamp": 1593677122}}}, {"title": "", "media_map_data": {}, "string_map_data": {"Auteur": {"href": "", "value": "Katherine.rogers", "timestamp": 0}, "Heure": {"href": "", "value": "", "timestamp": 1597835962}}}, {"title": "", "media_map_data": {}, "string_map_data": {"Auteur": {"href": "", "value": "Stephanie.webb", "timestamp": 0}, "Heure": {"href": "", "value": "", "timestamp": 1541075843}}}, {"title": "", "media_map_data": {}, "string_map_data": {"Auteur": {"href": "", "value": "Alyssa.gardner", "timestamp": 0}, "Heure": {"href": "", "value": "", "timestamp": 1518607766}}}, {"title": "", "media_map_data": {}, "string_map_data": {"Auteur": {"href": "", "value": "Dana.moore", "timestamp": 0}, "Heure": {"href": "", "value": "", "timestamp": 1557598875}}}, {"title": "", "media_map_data": {}, "string_map_data": {"Auteur": {"href": "", "value": "Elizabeth.kennedy", "timestamp": 0}, "Heure": {"href": "", "value": "", "timestamp": 1512124020}}}, {"title": "", "media_map_data": {}, "string_map_data": {"Auteur": {"href": "", "value": "Colton.smith", "timestamp": 0}, "Heure": {"href": "", "value": "", "timestamp": 1515114417}}}, {"title": "", "media_map_data": {}, "string_map_data": {"Auteur": {"href": "", "value": "Cheyenne.james", "timestamp": 0}, "Heure": {"href": "", "value": "", "timestamp": 1647510588}}}, {"title": "", "media_map_data": {}, "string_map_data": {"Auteur": {"href": "", "value": "Brandon.wagner", "timestamp": 0}, "Heure": {"href": "", "value": "", "timestamp": 1639180461}}}, {"title": "", "media_map_data": {}, "string_map_data": {"Auteur": {"href": "", "value": "Andrea.parsons", "timestamp": 0}, "Heure": {"href": "", "value": "", "timestamp": 1541243296}}}, {"title": "", "media_map_data": {}, "string_map_data": {"Auteur": {"href": "", "value": "Jennifer.burns", "timestamp": 0}, "Heure": {"href": "", "value": "", "timestamp": 1637909256}}}, {"title": "", "media_map_data": {}, "string_map_data": {"Auteur": {"href": "", "value": "Amanda.king", "timestamp": 0}, "Heure": {"href": "", "value": "", "timestamp": 1651925153}}}, {"title": "", "media_map_data": {}, "string_map_data": {"Auteur": {"href": "", "value": "Joseph.wright", "timestamp": 0}, "Heure": {"href": "", "value": "", "timestamp": 1647685455}}}, {"title": "", "media_map_data": {}, "string_map_data": {"Auteur": {"href": "", "value": "Thomas.wilson", "timestamp": 0}, "Heure": {"href": "", "value": "", "timestamp": 1566774082}}}, {"title": "", "media_map_data": {}, "string_map_data": {"Auteur": {"href": "", "value": "Christy.freeman", "timestamp": 0}, "Heure": {"href": "", "value": "", "timestamp": 1610990683}}}, {"title": "", "media_map_data": {}, "string_map_data": {"Auteur": {"href": "", "value": "Diane.woods", "timestamp": 0}, "Heure": {"href": "", "value": "", "timestamp": 1601245587}}}, {"title": "", "media_map_data": {}, "string_map_data": {"Auteur": {"href": "", "value": "Stephen.carlson", "timestamp": 0}, "Heure": {"href": "", "value": "", "timestamp": 1593094251}}}, {"title": "", "media_map_data": {}, "string_map_data": {"Auteur": {"href": "", "value": "Nathaniel.wright", "timestamp": 0}, "Heure": {"href": "", "value": "", "timestamp": 1572503817}}}, {"title": "", "media_map_data": {}, "string_map_data": {"Auteur": {"href": "", "value": "Jennifer.proctor", "timestamp": 0}, "Heure": {"href": "", "value": "", "timestamp": 1657202876}}}, {"title": "", "media_map_data": {}, "string_map_data": {"Auteur": {"href": "", "value": "Patricia.gutierrez", "timestamp": 0}, "Heure": {"href": "", "value": "", "timestamp": 1543308578}}}, {"title": "", "media_map_data": {}, "string_map_data": {"Auteur": {"href": "", "value": "Casey.goodwin", "timestamp": 0}, "Heure": {"href": "", "value": "", "timestamp": 1636770010}}}, {"title": "", "media_map_data": {}, "string_map_data": {"Auteur": {"href": "", "value": "Dominique.butler", "timestamp": 0}, "Heure": {"href": "", "value": "", "timestamp": 1585895979}}}, {"title": "", "media_map_data": {}, "string_map_data": {"Auteur": {"href": "", "value": "Marcus.martinez", "timestamp": 0}, "Heure": {"href": "", "value": "", "timestamp": 1640309366}}}, {"title": "", "media_map_data": {}, "string_map_data": {"Auteur": {"href": "", "value": "Eric.smith", "timestamp": 0}, "Heure": {"href": "", "value": "", "timestamp": 1565416024}}}, {"title": "", "media_map_data": {}, "string_map_data": {"Auteur": {"href": "", "value": "Andre.smith", "timestamp": 0}, "Heure": {"href": "", "value": "", "timestamp": 1640280950}}}, {"title": "", "media_map_data": {}, "string_map_data": {"Auteur": {"href": "", "value": "Timothy.robinson", "timestamp": 0}, "Heure": {"href": "", "value": "", "timestamp": 1530429042}}}, {"title": "", "media_map_data": {}, "string_map_data": {"Auteur": {"href": "", "value": "Diamond.gonzalez", "timestamp": 0}, "Heure": {"href": "", "value": "", "timestamp": 1524940538}}}, {"title": "", "media_map_data": {}, "string_map_data": {"Auteur": {"href": "", "value": "Mark.mitchell", "timestamp": 0}, "Heure": {"href": "", "value": "", "timestamp": 1533169033}}}, {"title": "", "media_map_data": {}, "string_map_data": {"Auteur": {"href": "", "value": "Jason.hall", "timestamp": 0}, "Heure": {"href": "", "value": "", "timestamp": 1575557115}}}, {"title": "", "media_map_data": {}, "string_map_data": {"Auteur": {"href": "", "value": "Seth.castro", "timestamp": 0}, "Heure": {"href": "", "value": "", "timestamp": 1649130388}}}, {"title": "", "media_map_data": {}, "string_map_data": {"Auteur": {"href": "", "value": "Michelle.blackwell", "timestamp": 0}, "Heure": {"href": "", "value": "", "timestamp": 1547145415}}}, {"title": "", "media_map_data": {}, "string_map_data": {"Auteur": {"href": "", "value": "Edward.johnson", "timestamp": 0}, "Heure": {"href": "", "value": "", "timestamp": 1564310198}}}, {"title": "", "media_map_data": {}, "string_map_data": {"Auteur": {"href": "", "value": "James.singh", "timestamp": 0}, "Heure": {"href": "", "value": "", "timestamp": 1528419389}}}, {"title": "", "media_map_data": {}, "string_map_data": {"Auteur": {"href": "", "value": "Chris.aguilar", "timestamp": 0}, "Heure": {"href": "", "value": "", "timestamp": 1522273528}}}, {"title": "", "media_map_data": {}, "string_map_data": {"Auteur": {"href": "", "value": "Kelsey.rivera", "timestamp": 0}, "Heure": {"href": "", "value": "", "timestamp": 1606220280}}}, {"title": "", "media_map_data": {}, "string_map_data": {"Auteur": {"href": "", "value": "Raymond.figueroa", "timestamp": 0}, "Heure": {"href": "", "value": "", "timestamp": 1533157077}}}, {"title": "", "media_map_data": {}, "string_map_data": {"Auteur": {"href": "", "value": "Brenda.macdonald", "timestamp": 0}, "Heure": {"href": "", "value": "", "timestamp": 1563674541}}}, {"title": "", "media_map_data": {}, "string_map_data": {"Auteur": {"href": "", "value": "Melissa.holloway", "timestamp": 0}, "Heure": {"href": "", "value": "", "timestamp": 1656869483}}}, {"title": "", "media_map_data": {}, "string_map_data": {"Auteur": {"href": "", "value": "Brian.cummings", "timestamp": 0}, "Heure": {"href": "", "value": "", "timestamp": 1664552638}}}, {"title": "", "media_map_data": {}, "string_map_data": {"Auteur": {"href": "", "value": "Hunter.baxter", "timestamp": 0}, "Heure": {"href": "", "value": "", "timestamp": 1608617005}}}, {"title": "", "media_map_data": {}, "string_map_data": {"Auteur": {"href": "", "value": "Samantha.rojas", "timestamp": 0}, "Heure": {"href": "", "value": "", "timestamp": 1646082334}}}, {"title": "", "media_map_data": {}, "string_map_data": {"Auteur": {"href": "", "value": "Tiffany.bonilla", "timestamp": 0}, "Heure": {"href": "", "value": "", "timestamp": 1561528985}}}, {"title": "", "media_map_data": {}, "string_map_data": {"Auteur": {"href": "", "value": "Larry.skinner", "timestamp": 0}, "Heure": {"href": "", "value": "", "timestamp": 1665882934}}}, {"title": "", "media_map_data": {}, "string_map_data": {"Auteur": {"href": "", "value": "Kyle.phillips", "timestamp": 0}, "Heure": {"href": "", "value": "", "timestamp": 1588997279}}}, {"title": "", "media_map_data": {}, "string_map_data": {"Auteur": {"href": "", "value": "Ryan.rodriguez", "timestamp": 0}, "Heure": {"href": "", "value": "", "timestamp": 1628047703}}}, {"title": "", "media_map_data": {}, "string_map_data": {"Auteur": {"href": "", "value": "Michael.lewis", "timestamp": 0}, "Heure": {"href": "", "value": "", "timestamp": 1632080170}}}, {"title": "", "media_map_data": {}, "string_map_data": {"Auteur": {"href": "", "value": "Patricia.daugherty", "timestamp": 0}, "Heure": {"href": "", "value": "", "timestamp": 1638318703}}}, {"title": "", "media_map_data": {}, "string_map_data": {"Auteur": {"href": "", "value": "Joseph.nelson", "timestamp": 0}, "Heure": {"href": "", "value": "", "timestamp": 1511392361}}}, {"title": "", "media_map_data": {}, "string_map_data": {"Auteur": {"href": "", "value": "Michelle.parker", "timestamp": 0}, "Heure": {"href": "", "value": "", "timestamp": 1607816087}}}, {"title": "", "media_map_data": {}, "string_map_data": {"Auteur": {"href": "", "value": "Ronald.townsend", "timestamp": 0}, "Heure": {"href": "", "value": "", "timestamp": 1596057781}}}, {"title": "", "media_map_data": {}, "string_map_data": {"Auteur": {"href": "", "value": "Crystal.hawkins", "timestamp": 0}, "Heure": {"href": "", "value": "", "timestamp": 1527038973}}}, {"title": "", "media_map_data": {}, "string_map_data": {"Auteur": {"href": "", "value": "James.zamora", "timestamp": 0}, "Heure": {"href": "", "value": "", "timestamp": 1541348495}}}, {"title": "", "media_map_data": {}, "string_map_data": {"Auteur": {"href": "", "value": "Michael.bailey", "timestamp": 0}, "Heure": {"href": "", "value": "", "timestamp": 1584042498}}}, {"title": "", "media_map_data": {}, "string_map_data": {"Auteur": {"href": "", "value": "Sherry.reeves", "timestamp": 0}, "Heure": {"href": "", "value": "", "timestamp": 1580120954}}}, {"title": "", "media_map_data": {}, "string_map_data": {"Auteur": {"href": "", "value": "Michael.walker", "timestamp": 0}, "Heure": {"href": "", "value": "", "timestamp": 1635774523}}}, {"title": "", "media_map_data": {}, "string_map_data": {"Auteur": {"href": "", "value": "Nathan.chen", "timestamp": 0}, "Heure": {"href": "", "value": "", "timestamp": 1654012608}}}, {"title": "", "media_map_data": {}, "string_map_data": {"Auteur": {"href": "", "value": "Nicholas.freeman", "timestamp": 0}, "Heure": {"href": "", "value": "", "timestamp": 1537615174}}}, {"title": "", "media_map_data": {}, "string_map_data": {"Auteur": {"href": "", "value": "Matthew.king", "timestamp": 0}, "Heure": {"href": "", "value": "", "timestamp": 1519862233}}}, {"title": "", "media_map_data": {}, "string_map_data": {"Auteur": {"href": "", "value": "Dalton.jackson", "timestamp": 0}, "Heure": {"href": "", "value": "", "timestamp": 1582228245}}}, {"title": "", "media_map_data": {}, "string_map_data": {"Auteur": {"href": "", "value": "Lauren.peterson", "timestamp": 0}, "Heure": {"href": "", "value": "", "timestamp": 1660214559}}}, {"title": "", "media_map_data": {}, "string_map_data": {"Auteur": {"href": "", "value": "Vanessa.morris", "timestamp": 0}, "Heure": {"href": "", "value": "", "timestamp": 1535683897}}}, {"title": "", "media_map_data": {}, "string_map_data": {"Auteur": {"href": "", "value": "Marilyn.rodgers", "timestamp": 0}, "Heure": {"href": "", "value": "", "timestamp": 1625658395}}}, {"title": "", "media_map_data": {}, "string_map_data": {"Auteur": {"href": "", "value": "Benjamin.martin", "timestamp": 0}, "Heure": {"href": "", "value": "", "timestamp": 1575844694}}}, {"title": "", "media_map_data": {}, "string_map_data": {"Auteur": {"href": "", "value": "Olivia.myers", "timestamp": 0}, "Heure": {"href": "", "value": "", "timestamp": 1524182568}}}, {"title": "", "media_map_data": {}, "string_map_data": {"Auteur": {"href": "", "value": "Courtney.douglas", "timestamp": 0}, "Heure": {"href": "", "value": "", "timestamp": 1543629616}}}, {"title": "", "media_map_data": {}, "string_map_data": {"Auteur": {"href": "", "value": "Heidi.spencer", "timestamp": 0}, "Heure": {"href": "", "value": "", "timestamp": 1631171949}}}, {"title": "", "media_map_data": {}, "string_map_data": {"Auteur": {"href": "", "value": "Chelsea.wall", "timestamp": 0}, "Heure": {"href": "", "value": "", "timestamp": 1556383008}}}, {"title": "", "media_map_data": {}, "string_map_data": {"Auteur": {"href": "", "value": "Daniel.reyes", "timestamp": 0}, "Heure": {"href": "", "value": "", "timestamp": 1599958958}}}, {"title": "", "media_map_data": {}, "string_map_data": {"Auteur": {"href": "", "value": "Corey.contreras", "timestamp": 0}, "Heure": {"href": "", "value": "", "timestamp": 1547526318}}}, {"title": "", "media_map_data": {}, "string_map_data": {"Auteur": {"href": "", "value": "Sharon.moran", "timestamp": 0}, "Heure": {"href": "", "value": "", "timestamp": 1539907424}}}, {"title": "", "media_map_data": {}, "string_map_data": {"Auteur": {"href": "", "value": "John.walters", "timestamp": 0}, "Heure": {"href": "", "value": "", "timestamp": 1655845615}}}, {"title": "", "media_map_data": {}, "string_map_data": {"Auteur": {"href": "", "value": "Linda.harrell", "timestamp": 0}, "Heure": {"href": "", "value": "", "timestamp": 1621509223}}}, {"title": "", "media_map_data": {}, "string_map_data": {"Auteur": {"href": "", "value": "Danielle.gibson", "timestamp": 0}, "Heure": {"href": "", "value": "", "timestamp": 1629875882}}}, {"title": "", "media_map_data": {}, "string_map_data": {"Auteur": {"href": "", "value": "Nathan.carlson", "timestamp": 0}, "Heure": {"href": "", "value": "", "timestamp": 1583474343}}}, {"title": "", "media_map_data": {}, "string_map_data": {"Auteur": {"href": "", "value": "Jessica.hodge", "timestamp": 0}, "Heure": {"href": "", "value": "", "timestamp": 1646780493}}}, {"title": "", "media_map_data": {}, "string_map_data": {"Auteur": {"href": "", "value": "William.erickson", "timestamp": 0}, "Heure": {"href": "", "value": "", "timestamp": 1578979108}}}, {"title": "", "media_map_data": {}, "string_map_data": {"Auteur": {"href": "", "value": "Preston.nichols", "timestamp": 0}, "Heure": {"href": "", "value": "", "timestamp": 1622981294}}}, {"title": "", "media_map_data": {}, "string_map_data": {"Auteur": {"href": "", "value": "Brett.roman", "timestamp": 0}, "Heure": {"href": "", "value": "", "timestamp": 1565001580}}}, {"title": "", "media_map_data": {}, "string_map_data": {"Auteur": {"href": "", "value": "Chloe.roth", "timestamp": 0}, "Heure": {"href": "", "value": "", "timestamp": 1635180249}}}, {"title": "", "media_map_data": {}, "string_map_data": {"Auteur": {"href": "", "value": "Rachel.richardson", "timestamp": 0}, "Heure": {"href": "", "value": "", "timestamp": 1540298696}}}, {"title": "", "media_map_data": {}, "string_map_data": {"Auteur": {"href": "", "value": "Stephanie.davis", "timestamp": 0}, "Heure": {"href": "", "value": "", "timestamp": 1526049040}}}, {"title": "", "media_map_data": {}, "string_map_data": {"Auteur": {"href": "", "value": "Kyle.young", "timestamp": 0}, "Heure": {"href": "", "value": "", "timestamp": 1643778929}}}, {"title": "", "media_map_data": {}, "string_map_data": {"Auteur": {"href": "", "value": "Kristina.jones", "timestamp": 0}, "Heure": {"href": "", "value": "", "timestamp": 1536284368}}}, {"title": "", "media_map_data": {}, "string_map_data": {"Auteur": {"href": "", "value": "Catherine.davis", "timestamp": 0}, "Heure": {"href": "", "value": "", "timestamp": 1577035625}}}, {"title": "", "media_map_data": {}, "string_map_data": {"Auteur": {"href": "", "value": "Kelly.patterson", "timestamp": 0}, "Heure": {"href": "", "value": "", "timestamp": 1590247391}}}, {"title": "", "media_map_data": {}, "string_map_data": {"Auteur": {"href": "", "value": "Gregory.larson", "timestamp": 0}, "Heure": {"href": "", "value": "", "timestamp": 1540021149}}}, {"title": "", "media_map_data": {}, "string_map_data": {"Auteur": {"href": "", "value": "Ashley.green", "timestamp": 0}, "Heure": {"href": "", "value": "", "timestamp": 1544154419}}}, {"title": "", "media_map_data": {}, "string_map_data": {"Auteur": {"href": "", "value": "Jeffrey.thompson", "timestamp": 0}, "Heure": {"href": "", "value": "", "timestamp": 1656945940}}}, {"title": "", "media_map_data": {}, "string_map_data": {"Auteur": {"href": "", "value": "Jeffrey.diaz", "timestamp": 0}, "Heure": {"href": "", "value": "", "timestamp": 1647715934}}}, {"title": "", "media_map_data": {}, "string_map_data": {"Auteur": {"href": "", "value": "Richard.torres", "timestamp": 0}, "Heure": {"href": "", "value": "", "timestamp": 1522019290}}}, {"title": "", "media_map_data": {}, "string_map_data": {"Auteur": {"href": "", "value": "Evan.moon", "timestamp": 0}, "Heure": {"href": "", "value": "", "timestamp": 1539344054}}}, {"title": "", "media_map_data": {}, "string_map_data": {"Auteur": {"href": "", "value": "Kenneth.coleman", "timestamp": 0}, "Heure": {"href": "", "value": "", "timestamp": 1578188220}}}, {"title": "", "media_map_data": {}, "string_map_data": {"Auteur": {"href": "", "value": "Pamela.miller", "timestamp": 0}, "Heure": {"href": "", "value": "", "timestamp": 1650754838}}}, {"title": "", "media_map_data": {}, "string_map_data": {"Auteur": {"href": "", "value": "Christopher.allen", "timestamp": 0}, "Heure": {"href": "", "value": "", "timestamp": 1623193121}}}, {"title": "", "media_map_data": {}, "string_map_data": {"Auteur": {"href": "", "value": "Lisa.clark", "timestamp": 0}, "Heure": {"href": "", "value": "", "timestamp": 1527073470}}}, {"title": "", "media_map_data": {}, "string_map_data": {"Auteur": {"href": "", "value": "Paul.lopez", "timestamp": 0}, "Heure": {"href": "", "value": "", "timestamp": 1539559224}}}, {"title": "", "media_map_data": {}, "string_map_data": {"Auteur": {"href": "", "value": "Kristin.rowland", "timestamp": 0}, "Heure": {"href": "", "value": "", "timestamp": 1606157040}}}, {"title": "", "media_map_data": {}, "string_map_data": {"Auteur": {"href": "", "value": "Evelyn.maxwell", "timestamp": 0}, "Heure": {"href": "", "value": "", "timestamp": 1598572587}}}, {"title": "", "media_map_data": {}, "string_map_data": {"Auteur": {"href": "", "value": "Blake.smith", "timestamp": 0}, "Heure": {"href": "", "value": "", "timestamp": 1530465123}}}, {"title": "", "media_map_data": {}, "string_map_data": {"Auteur": {"href": "", "value": "Derek.bray", "timestamp": 0}, "Heure": {"href": "", "value": "", "timestamp": 1665354743}}}, {"title": "", "media_map_data": {}, "string_map_data": {"Auteur": {"href": "", "value": "Robin.lopez", "timestamp": 0}, "Heure": {"href": "", "value": "", "timestamp": 1626961804}}}, {"title": "", "media_map_data": {}, "string_map_data": {"Auteur": {"href": "", "value": "Jennifer.snyder", "timestamp": 0}, "Heure": {"href": "", "value": "", "timestamp": 1551391998}}}, {"title": "", "media_map_data": {}, "string_map_data": {"Auteur": {"href": "", "value": "Tyler.kane", "timestamp": 0}, "Heure": {"href": "", "value": "", "timestamp": 1646460759}}}, {"title": "", "media_map_data": {}, "string_map_data": {"Auteur": {"href": "", "value": "Sarah.vaughn", "timestamp": 0}, "Heure": {"href": "", "value": "", "timestamp": 1599523152}}}, {"title": "", "media_map_data": {}, "string_map_data": {"Auteur": {"href": "", "value": "Michael.bridges", "timestamp": 0}, "Heure": {"href": "", "value": "", "timestamp": 1636946025}}}, {"title": "", "media_map_data": {}, "string_map_data": {"Auteur": {"href": "", "value": "Cindy.ray", "timestamp": 0}, "Heure": {"href": "", "value": "", "timestamp": 1590011710}}}, {"title": "", "media_map_data": {}, "string_map_data": {"Auteur": {"href": "", "value": "Laura.pena", "timestamp": 0}, "Heure": {"href": "", "value": "", "timestamp": 1576765599}}}, {"title": "", "media_map_data": {}, "string_map_data": {"Auteur": {"href": "", "value": "Jeffrey.franco", "timestamp": 0}, "Heure": {"href": "", "value": "", "timestamp": 1636980417}}}, {"title": "", "media_map_data": {}, "string_map_data": {"Auteur": {"href": "", "value": "Michele.schneider", "timestamp": 0}, "Heure": {"href": "", "value": "", "timestamp": 1562863378}}}, {"title": "", "media_map_data": {}, "string_map_data": {"Auteur": {"href": "", "value": "Tyler.little", "timestamp": 0}, "Heure": {"href": "", "value": "", "timestamp": 1552055647}}}, {"title": "", "media_map_data": {}, "string_map_data": {"Auteur": {"href": "", "value": "Shannon.brown", "timestamp": 0}, "Heure": {"href": "", "value": "", "timestamp": 1641431798}}}, {"title": "", "media_map_data": {}, "string_map_data": {"Auteur": {"href": "", "value": "Joseph.fox", "timestamp": 0}, "Heure": {"href": "", "value": "", "timestamp": 1554375090}}}, {"title": "", "media_map_data": {}, "string_map_data": {"Auteur": {"href": "", "value": "Joanna.gray", "timestamp": 0}, "Heure": {"href": "", "value": "", "timestamp": 1660729688}}}, {"title": "", "media_map_data": {}, "string_map_data": {"Auteur": {"href": "", "value": "Ryan.garrett", "timestamp": 0}, "Heure": {"href": "", "value": "", "timestamp": 1552669353}}}, {"title": "", "media_map_data": {}, "string_map_data": {"Auteur": {"href": "", "value": "James.chen", "timestamp": 0}, "Heure": {"href": "", "value": "", "timestamp": 1603842716}}}, {"title": "", "media_map_data": {}, "string_map_data": {"Auteur": {"href": "", "value": "Marissa.walker", "timestamp": 0}, "Heure": {"href": "", "value": "", "timestamp": 1523852902}}}, {"title": "", "media_map_data": {}, "string_map_data": {"Auteur": {"href": "", "value": "Megan.thompson", "timestamp": 0}, "Heure": {"href": "", "value": "", "timestamp": 1626688120}}}, {"title": "", "media_map_data": {}, "string_map_data": {"Auteur": {"href": "", "value": "Brittany.harris", "timestamp": 0}, "Heure": {"href": "", "value": "", "timestamp": 1526764787}}}, {"title": "", "media_map_data": {}, "string_map_data": {"Auteur": {"href": "", "value": "Randall.krause", "timestamp": 0}, "Heure": {"href": "", "value": "", "timestamp": 1599713978}}}, {"title": "", "media_map_data": {}, "string_map_data": {"Auteur": {"href": "", "value": "James.soto", "timestamp": 0}, "Heure": {"href": "", "value": "", "timestamp": 1636732580}}}, {"title": "", "media_map_data": {}, "string_map_data": {"Auteur": {"href": "", "value": "James.ellis", "timestamp": 0}, "Heure": {"href": "", "value": "", "timestamp": 1581502542}}}, {"title": "", "media_map_data": {}, "string_map_data": {"Auteur": {"href": "", "value": "Madeline.knight", "timestamp": 0}, "Heure": {"href": "", "value": "", "timestamp": 1584523925}}}, {"title": "", "media_map_data": {}, "string_map_data": {"Auteur": {"href": "", "value": "Roberto.jones", "timestamp": 0}, "Heure": {"href": "", "value": "", "timestamp": 1598331780}}}, {"title": "", "media_map_data": {}, "string_map_data": {"Auteur": {"href": "", "value": "Andrew.pierce", "timestamp": 0}, "Heure": {"href": "", "value": "", "timestamp": 1638629424}}}, {"title": "", "media_map_data": {}, "string_map_data": {"Auteur": {"href": "", "value": "Anna.mckinney", "timestamp": 0}, "Heure": {"href": "", "value": "", "timestamp": 1638351423}}}, {"title": "", "media_map_data": {}, "string_map_data": {"Auteur": {"href": "", "value": "Megan.cooper", "timestamp": 0}, "Heure": {"href": "", "value": "", "timestamp": 1638964651}}}, {"title": "", "media_map_data": {}, "string_map_data": {"Auteur": {"href": "", "value": "Christine.zhang", "timestamp": 0}, "Heure": {"href": "", "value": "", "timestamp": 1659888258}}}, {"title": "", "media_map_data": {}, "string_map_data": {"Auteur": {"href": "", "value": "Cindy.robinson", "timestamp": 0}, "Heure": {"href": "", "value": "", "timestamp": 1532060278}}}, {"title": "", "media_map_data": {}, "string_map_data": {"Auteur": {"href": "", "value": "Michael.parks", "timestamp": 0}, "Heure": {"href": "", "value": "", "timestamp": 1542020264}}}, {"title": "", "media_map_data": {}, "string_map_data": {"Auteur": {"href": "", "value": "Stephanie.williams", "timestamp": 0}, "Heure": {"href": "", "value": "", "timestamp": 1571442980}}}, {"title": "", "media_map_data": {}, "string_map_data": {"Auteur": {"href": "", "value": "Steven.thomas", "timestamp": 0}, "Heure": {"href": "", "value": "", "timestamp": 1532192139}}}, {"title": "", "media_map_data": {}, "string_map_data": {"Auteur": {"href": "", "value": "Matthew.yu", "timestamp": 0}, "Heure": {"href": "", "value": "", "timestamp": 1569917270}}}, {"title": "", "media_map_data": {}, "string_map_data": {"Auteur": {"href": "", "value": "Tammy.hardy", "timestamp": 0}, "Heure": {"href": "", "value": "", "timestamp": 1514728872}}}, {"title": "", "media_map_data": {}, "string_map_data": {"Auteur": {"href": "", "value": "Robin.collins", "timestamp": 0}, "Heure": {"href": "", "value": "", "timestamp": 1580100680}}}, {"title": "", "media_map_data": {}, "string_map_data": {"Auteur": {"href": "", "value": "Tom.bruce", "timestamp": 0}, "Heure": {"href": "", "value": "", "timestamp": 1527395325}}}, {"title": "", "media_map_data": {}, "string_map_data": {"Auteur": {"href": "", "value": "Jeanne.mcmillan", "timestamp": 0}, "Heure": {"href": "", "value": "", "timestamp": 1657646794}}}, {"title": "", "media_map_data": {}, "string_map_data": {"Auteur": {"href": "", "value": "James.dodson", "timestamp": 0}, "Heure": {"href": "", "value": "", "timestamp": 1664789394}}}, {"title": "", "media_map_data": {}, "string_map_data": {"Auteur": {"href": "", "value": "Diane.leonard", "timestamp": 0}, "Heure": {"href": "", "value": "", "timestamp": 1557548074}}}, {"title": "", "media_map_data": {}, "string_map_data": {"Auteur": {"href": "", "value": "Matthew.gomez", "timestamp": 0}, "Heure": {"href": "", "value": "", "timestamp": 1640742906}}}, {"title": "", "media_map_data": {}, "string_map_data": {"Auteur": {"href": "", "value": "Rachel.reynolds", "timestamp": 0}, "Heure": {"href": "", "value": "", "timestamp": 1640248526}}}, {"title": "", "media_map_data": {}, "string_map_data": {"Auteur": {"href": "", "value": "Jessica.good", "timestamp": 0}, "Heure": {"href": "", "value": "", "timestamp": 1596123490}}}, {"title": "", "media_map_data": {}, "string_map_data": {"Auteur": {"href": "", "value": "Richard.nash", "timestamp": 0}, "Heure": {"href": "", "value": "", "timestamp": 1595816287}}}, {"title": "", "media_map_data": {}, "string_map_data": {"Auteur": {"href": "", "value": "Kevin.hogan", "timestamp": 0}, "Heure": {"href": "", "value": "", "timestamp": 1526920206}}}, {"title": "", "media_map_data": {}, "string_map_data": {"Auteur": {"href": "", "value": "Michael.armstrong", "timestamp": 0}, "Heure": {"href": "", "value": "", "timestamp": 1532127184}}}, {"title": "", "media_map_data": {}, "string_map_data": {"Auteur": {"href": "", "value": "David.meyers", "timestamp": 0}, "Heure": {"href": "", "value": "", "timestamp": 1581471141}}}, {"title": "", "media_map_data": {}, "string_map_data": {"Auteur": {"href": "", "value": "Charlotte.franco", "timestamp": 0}, "Heure": {"href": "", "value": "", "timestamp": 1619180568}}}, {"title": "", "media_map_data": {}, "string_map_data": {"Auteur": {"href": "", "value": "Anna.stewart", "timestamp": 0}, "Heure": {"href": "", "value": "", "timestamp": 1549737143}}}, {"title": "", "media_map_data": {}, "string_map_data": {"Auteur": {"href": "", "value": "Jonathan.padilla", "timestamp": 0}, "Heure": {"href": "", "value": "", "timestamp": 1645807768}}}, {"title": "", "media_map_data": {}, "string_map_data": {"Auteur": {"href": "", "value": "Robert.cervantes", "timestamp": 0}, "Heure": {"href": "", "value": "", "timestamp": 1523772335}}}, {"title": "", "media_map_data": {}, "string_map_data": {"Auteur": {"href": "", "value": "Stephanie.wells", "timestamp": 0}, "Heure": {"href": "", "value": "", "timestamp": 1547820109}}}, {"title": "", "media_map_data": {}, "string_map_data": {"Auteur": {"href": "", "value": "James.ramirez", "timestamp": 0}, "Heure": {"href": "", "value": "", "timestamp": 1511814079}}}, {"title": "", "media_map_data": {}, "string_map_data": {"Auteur": {"href": "", "value": "Dennis.merritt", "timestamp": 0}, "Heure": {"href": "", "value": "", "timestamp": 1614675030}}}, {"title": "", "media_map_data": {}, "string_map_data": {"Auteur": {"href": "", "value": "Robert.bennett", "timestamp": 0}, "Heure": {"href": "", "value": "", "timestamp": 1586588962}}}, {"title": "", "media_map_data": {}, "string_map_data": {"Auteur": {"href": "", "value": "Joseph.rodriguez", "timestamp": 0}, "Heure": {"href": "", "value": "", "timestamp": 1655662197}}}, {"title": "", "media_map_data": {}, "string_map_data": {"Auteur": {"href": "", "value": "Carlos.rodriguez", "timestamp": 0}, "Heure": {"href": "", "value": "", "timestamp": 1612809473}}}, {"title": "", "media_map_data": {}, "string_map_data": {"Auteur": {"href": "", "value": "Daniel.miller", "timestamp": 0}, "Heure": {"href": "", "value": "", "timestamp": 1625194602}}}, {"title": "", "media_map_data": {}, "string_map_data": {"Auteur": {"href": "", "value": "Jessica.hunter", "timestamp": 0}, "Heure": {"href": "", "value": "", "timestamp": 1598743625}}}, {"title": "", "media_map_data": {}, "string_map_data": {"Auteur": {"href": "", "value": "Michael.johnson", "timestamp": 0}, "Heure": {"href": "", "value": "", "timestamp": 1622977904}}}, {"title": "", "media_map_data": {}, "string_map_data": {"Auteur": {"href": "", "value": "Christina.evans", "timestamp": 0}, "Heure": {"href": "", "value": "", "timestamp": 1570251673}}}, {"title": "", "media_map_data": {}, "string_map_data": {"Auteur": {"href": "", "value": "Angela.carrillo", "timestamp": 0}, "Heure": {"href": "", "value": "", "timestamp": 1642829774}}}, {"title": "", "media_map_data": {}, "string_map_data": {"Auteur": {"href": "", "value": "Kimberly.graham", "timestamp": 0}, "Heure": {"href": "", "value": "", "timestamp": 1595039304}}}, {"title": "", "media_map_data": {}, "string_map_data": {"Auteur": {"href": "", "value": "Amber.poole", "timestamp": 0}, "Heure": {"href": "", "value": "", "timestamp": 1521421379}}}, {"title": "", "media_map_data": {}, "string_map_data": {"Auteur": {"href": "", "value": "Heather.kennedy", "timestamp": 0}, "Heure": {"href": "", "value": "", "timestamp": 1634061851}}}, {"title": "", "media_map_data": {}, "string_map_data": {"Auteur": {"href": "", "value": "Emily.garrett", "timestamp": 0}, "Heure": {"href": "", "value": "", "timestamp": 1545515412}}}, {"title": "", "media_map_data": {}, "string_map_data": {"Auteur": {"href": "", "value": "Victor.davis", "timestamp": 0}, "Heure": {"href": "", "value": "", "timestamp": 1628267098}}}, {"title": "", "media_map_data": {}, "string_map_data": {"Auteur": {"href": "", "value": "Amy.davis", "timestamp": 0}, "Heure": {"href": "", "value": "", "timestamp": 1573249969}}}, {"title": "", "media_map_data": {}, "string_map_data": {"Auteur": {"href": "", "value": "Vicki.daniel", "timestamp": 0}, "Heure": {"href": "", "value": "", "timestamp": 1628511457}}}, {"title": "", "media_map_data": {}, "string_map_data": {"Auteur": {"href": "", "value": "Chad.meyers", "timestamp": 0}, "Heure": {"href": "", "value": "", "timestamp": 1622343054}}}, {"title": "", "media_map_data": {}, "string_map_data": {"Auteur": {"href": "", "value": "Melissa.berger", "timestamp": 0}, "Heure": {"href": "", "value": "", "timestamp": 1607802848}}}, {"title": "", "media_map_data": {}, "string_map_data": {"Auteur": {"href": "", "value": "Caroline.mills", "timestamp": 0}, "Heure": {"href": "", "value": "", "timestamp": 1587601334}}}, {"title": "", "media_map_data": {}, "string_map_data": {"Auteur": {"href": "", "value": "Richard.lee", "timestamp": 0}, "Heure": {"href": "", "value": "", "timestamp": 1651311779}}}, {"title": "", "media_map_data": {}, "string_map_data": {"Auteur": {"href": "", "value": "Alyssa.kirk", "timestamp": 0}, "Heure": {"href": "", "value": "", "timestamp": 1640974512}}}, {"title": "", "media_map_data": {}, "string_map_data": {"Auteur": {"href": "", "value": "Barbara.jackson", "timestamp": 0}, "Heure": {"href": "", "value": "", "timestamp": 1520992227}}}, {"title": "", "media_map_data": {}, "string_map_data": {"Auteur": {"href": "", "value": "Jillian.jones", "timestamp": 0}, "Heure": {"href": "", "value": "", "timestamp": 1562902807}}}, {"title": "", "media_map_data": {}, "string_map_data": {"Auteur": {"href": "", "value": "Frank.gutierrez", "timestamp": 0}, "Heure": {"href": "", "value": "", "timestamp": 1600294089}}}, {"title": "", "media_map_data": {}, "string_map_data": {"Auteur": {"href": "", "value": "Suzanne.king", "timestamp": 0}, "Heure": {"href": "", "value": "", "timestamp": 1643813922}}}, {"title": "", "media_map_data": {}, "string_map_data": {"Auteur": {"href": "", "value": "Dustin.hernandez", "timestamp": 0}, "Heure": {"href": "", "value": "", "timestamp": 1580782863}}}, {"title": "", "media_map_data": {}, "string_map_data": {"Auteur": {"href": "", "value": "Catherine.wright", "timestamp": 0}, "Heure": {"href": "", "value": "", "timestamp": 1518777551}}}, {"title": "", "media_map_data": {}, "string_map_data": {"Auteur": {"href": "", "value": "Shelby.johnson", "timestamp": 0}, "Heure": {"href": "", "value": "", "timestamp": 1513247090}}}, {"title": "", "media_map_data": {}, "string_map_data": {"Auteur": {"href": "", "value": "Richard.rodriguez", "timestamp": 0}, "Heure": {"href": "", "value": "", "timestamp": 1539987142}}}, {"title": "", "media_map_data": {}, "string_map_data": {"Auteur": {"href": "", "value": "Wesley.valencia", "timestamp": 0}, "Heure": {"href": "", "value": "", "timestamp": 1564699220}}}, {"title": "", "media_map_data": {}, "string_map_data": {"Auteur": {"href": "", "value": "Bradley.brown", "timestamp": 0}, "Heure": {"href": "", "value": "", "timestamp": 1638947982}}}, {"title": "", "media_map_data": {}, "string_map_data": {"Auteur": {"href": "", "value": "Derek.hernandez", "timestamp": 0}, "Heure": {"href": "", "value": "", "timestamp": 1518122436}}}, {"title": "", "media_map_data": {}, "string_map_data": {"Auteur": {"href": "", "value": "Antonio.jones", "timestamp": 0}, "Heure": {"href": "", "value": "", "timestamp": 1641532779}}}, {"title": "", "media_map_data": {}, "string_map_data": {"Auteur": {"href": "", "value": "Joshua.baker", "timestamp": 0}, "Heure": {"href": "", "value": "", "timestamp": 1557110012}}}, {"title": "", "media_map_data": {}, "string_map_data": {"Auteur": {"href": "", "value": "William.brown", "timestamp": 0}, "Heure": {"href": "", "value": "", "timestamp": 1616205375}}}, {"title": "", "media_map_data": {}, "string_map_data": {"Auteur": {"href": "", "value": "Daniel.fleming", "timestamp": 0}, "Heure": {"href": "", "value": "", "timestamp": 1609545926}}}, {"title": "", "media_map_data": {}, "string_map_data": {"Auteur": {"href": "", "value": "Peter.smith", "timestamp": 0}, "Heure": {"href": "", "value": "", "timestamp": 1664089282}}}, {"title": "", "media_map_data": {}, "string_map_data": {"Auteur": {"href": "", "value": "Laura.garcia", "timestamp": 0}, "Heure": {"href": "", "value": "", "timestamp": 1621356483}}}, {"title": "", "media_map_data": {}, "string_map_data": {"Auteur": {"href": "", "value": "Christopher.humphrey", "timestamp": 0}, "Heure": {"href": "", "value": "", "timestamp": 1555369949}}}, {"title": "", "media_map_data": {}, "string_map_data": {"Auteur": {"href": "", "value": "Angela.villarreal", "timestamp": 0}, "Heure": {"href": "", "value": "", "timestamp": 1531287105}}}, {"title": "", "media_map_data": {}, "string_map_data": {"Auteur": {"href": "", "value": "Nicole.ward", "timestamp": 0}, "Heure": {"href": "", "value": "", "timestamp": 1512474336}}}, {"title": "", "media_map_data": {}, "string_map_data": {"Auteur": {"href": "", "value": "Jason.snyder", "timestamp": 0}, "Heure": {"href": "", "value": "", "timestamp": 1550576652}}}, {"title": "", "media_map_data": {}, "string_map_data": {"Auteur": {"href": "", "value": "Jose.jones", "timestamp": 0}, "Heure": {"href": "", "value": "", "timestamp": 1664904787}}}, {"title": "", "media_map_data": {}, "string_map_data": {"Auteur": {"href": "", "value": "David.cruz", "timestamp": 0}, "Heure": {"href": "", "value": "", "timestamp": 1538023156}}}, {"title": "", "media_map_data": {}, "string_map_data": {"Auteur": {"href": "", "value": "Joseph.mckenzie", "timestamp": 0}, "Heure": {"href": "", "value": "", "timestamp": 1576099120}}}, {"title": "", "media_map_data": {}, "string_map_data": {"Auteur": {"href": "", "value": "Meredith.chapman", "timestamp": 0}, "Heure": {"href": "", "value": "", "timestamp": 1657644571}}}, {"title": "", "media_map_data": {}, "string_map_data": {"Auteur": {"href": "", "value": "Zachary.reed", "timestamp": 0}, "Heure": {"href": "", "value": "", "timestamp": 1596600856}}}, {"title": "", "media_map_data": {}, "string_map_data": {"Auteur": {"href": "", "value": "Judy.glover", "timestamp": 0}, "Heure": {"href": "", "value": "", "timestamp": 1666122325}}}, {"title": "", "media_map_data": {}, "string_map_data": {"Auteur": {"href": "", "value": "Derek.huang", "timestamp": 0}, "Heure": {"href": "", "value": "", "timestamp": 1543263830}}}, {"title": "", "media_map_data": {}, "string_map_data": {"Auteur": {"href": "", "value": "Peter.parks", "timestamp": 0}, "Heure": {"href": "", "value": "", "timestamp": 1557442669}}}, {"title": "", "media_map_data": {}, "string_map_data": {"Auteur": {"href": "", "value": "Angela.meyer", "timestamp": 0}, "Heure": {"href": "", "value": "", "timestamp": 1637083010}}}, {"title": "", "media_map_data": {}, "string_map_data": {"Auteur": {"href": "", "value": "Albert.gilbert", "timestamp": 0}, "Heure": {"href": "", "value": "", "timestamp": 1563137013}}}, {"title": "", "media_map_data": {}, "string_map_data": {"Auteur": {"href": "", "value": "Michael.king", "timestamp": 0}, "Heure": {"href": "", "value": "", "timestamp": 1557488588}}}, {"title": "", "media_map_data": {}, "string_map_data": {"Auteur": {"href": "", "value": "Melissa.king", "timestamp": 0}, "Heure": {"href": "", "value": "", "timestamp": 1552750667}}}, {"title": "", "media_map_data": {}, "string_map_data": {"Auteur": {"href": "", "value": "Darlene.adams", "timestamp": 0}, "Heure": {"href": "", "value": "", "timestamp": 1575015214}}}, {"title": "", "media_map_data": {}, "string_map_data": {"Auteur": {"href": "", "value": "Abigail.dunn", "timestamp": 0}, "Heure": {"href": "", "value": "", "timestamp": 1640199264}}}, {"title": "", "media_map_data": {}, "string_map_data": {"Auteur": {"href": "", "value": "Faith.jones", "timestamp": 0}, "Heure": {"href": "", "value": "", "timestamp": 1570448289}}}, {"title": "", "media_map_data": {}, "string_map_data": {"Auteur": {"href": "", "value": "Danny.frye", "timestamp": 0}, "Heure": {"href": "", "value": "", "timestamp": 1597523778}}}, {"title": "", "media_map_data": {}, "string_map_data": {"Auteur": {"href": "", "value": "Wanda.romero", "timestamp": 0}, "Heure": {"href": "", "value": "", "timestamp": 1545507359}}}, {"title": "", "media_map_data": {}, "string_map_data": {"Auteur": {"href": "", "value": "Joshua.grant", "timestamp": 0}, "Heure": {"href": "", "value": "", "timestamp": 1569149903}}}, {"title": "", "media_map_data": {}, "string_map_data": {"Auteur": {"href": "", "value": "Patricia.collins", "timestamp": 0}, "Heure": {"href": "", "value": "", "timestamp": 1554533874}}}, {"title": "", "media_map_data": {}, "string_map_data": {"Auteur": {"href": "", "value": "Alexa.jenkins", "timestamp": 0}, "Heure": {"href": "", "value": "", "timestamp": 1580883364}}}, {"title": "", "media_map_data": {}, "string_map_data": {"Auteur": {"href": "", "value": "Lisa.arias", "timestamp": 0}, "Heure": {"href": "", "value": "", "timestamp": 1575364666}}}, {"title": "", "media_map_data": {}, "string_map_data": {"Auteur": {"href": "", "value": "Alan.hughes", "timestamp": 0}, "Heure": {"href": "", "value": "", "timestamp": 1572495023}}}, {"title": "", "media_map_data": {}, "string_map_data": {"Auteur": {"href": "", "value": "Amy.wright", "timestamp": 0}, "Heure": {"href": "", "value": "", "timestamp": 1637229192}}}, {"title": "", "media_map_data": {}, "string_map_data": {"Auteur": {"href": "", "value": "Alexis.gonzalez", "timestamp": 0}, "Heure": {"href": "", "value": "", "timestamp": 1557733685}}}, {"title": "", "media_map_data": {}, "string_map_data": {"Auteur": {"href": "", "value": "Lindsey.galvan", "timestamp": 0}, "Heure": {"href": "", "value": "", "timestamp": 1637729947}}}, {"title": "", "media_map_data": {}, "string_map_data": {"Auteur": {"href": "", "value": "Amy.daniel", "timestamp": 0}, "Heure": {"href": "", "value": "", "timestamp": 1534809659}}}, {"title": "", "media_map_data": {}, "string_map_data": {"Auteur": {"href": "", "value": "Jeffery.moran", "timestamp": 0}, "Heure": {"href": "", "value": "", "timestamp": 1625918152}}}, {"title": "", "media_map_data": {}, "string_map_data": {"Auteur": {"href": "", "value": "Michael.allen", "timestamp": 0}, "Heure": {"href": "", "value": "", "timestamp": 1646536869}}}, {"title": "", "media_map_data": {}, "string_map_data": {"Auteur": {"href": "", "value": "Steven.mcdonald", "timestamp": 0}, "Heure": {"href": "", "value": "", "timestamp": 1565285761}}}, {"title": "", "media_map_data": {}, "string_map_data": {"Auteur": {"href": "", "value": "Gary.calderon", "timestamp": 0}, "Heure": {"href": "", "value": "", "timestamp": 1539035314}}}, {"title": "", "media_map_data": {}, "string_map_data": {"Auteur": {"href": "", "value": "Katherine.adams", "timestamp": 0}, "Heure": {"href": "", "value": "", "timestamp": 1511293238}}}, {"title": "", "media_map_data": {}, "string_map_data": {"Auteur": {"href": "", "value": "Teresa.foster", "timestamp": 0}, "Heure": {"href": "", "value": "", "timestamp": 1548256593}}}, {"title": "", "media_map_data": {}, "string_map_data": {"Auteur": {"href": "", "value": "Steven.bowman", "timestamp": 0}, "Heure": {"href": "", "value": "", "timestamp": 1545882726}}}, {"title": "", "media_map_data": {}, "string_map_data": {"Auteur": {"href": "", "value": "Catherine.perez", "timestamp": 0}, "Heure": {"href": "", "value": "", "timestamp": 1538904771}}}, {"title": "", "media_map_data": {}, "string_map_data": {"Auteur": {"href": "", "value": "Kevin.waters", "timestamp": 0}, "Heure": {"href": "", "value": "", "timestamp": 1616457868}}}, {"title": "", "media_map_data": {}, "string_map_data": {"Auteur": {"href": "", "value": "Alexa.martinez", "timestamp": 0}, "Heure": {"href": "", "value": "", "timestamp": 1656506874}}}, {"title": "", "media_map_data": {}, "string_map_data": {"Auteur": {"href": "", "value": "Regina.white", "timestamp": 0}, "Heure": {"href": "", "value": "", "timestamp": 1586334531}}}, {"title": "", "media_map_data": {}, "string_map_data": {"Auteur": {"href": "", "value": "Ricardo.shelton", "timestamp": 0}, "Heure": {"href": "", "value": "", "timestamp": 1570683787}}}, {"title": "", "media_map_data": {}, "string_map_data": {"Auteur": {"href": "", "value": "Sharon.knight", "timestamp": 0}, "Heure": {"href": "", "value": "", "timestamp": 1660314110}}}, {"title": "", "media_map_data": {}, "string_map_data": {"Auteur": {"href": "", "value": "Linda.carr", "timestamp": 0}, "Heure": {"href": "", "value": "", "timestamp": 1649468235}}}, {"title": "", "media_map_data": {}, "string_map_data": {"Auteur": {"href": "", "value": "Wendy.harrison", "timestamp": 0}, "Heure": {"href": "", "value": "", "timestamp": 1547218483}}}, {"title": "", "media_map_data": {}, "string_map_data": {"Auteur": {"href": "", "value": "Brittany.nguyen", "timestamp": 0}, "Heure": {"href": "", "value": "", "timestamp": 1526905980}}}, {"title": "", "media_map_data": {}, "string_map_data": {"Auteur": {"href": "", "value": "Allen.peterson", "timestamp": 0}, "Heure": {"href": "", "value": "", "timestamp": 1590302441}}}, {"title": "", "media_map_data": {}, "string_map_data": {"Auteur": {"href": "", "value": "Carol.perez", "timestamp": 0}, "Heure": {"href": "", "value": "", "timestamp": 1599680968}}}, {"title": "", "media_map_data": {}, "string_map_data": {"Auteur": {"href": "", "value": "Janice.merritt", "timestamp": 0}, "Heure": {"href": "", "value": "", "timestamp": 1564820734}}}, {"title": "", "media_map_data": {}, "string_map_data": {"Auteur": {"href": "", "value": "Jesse.hamilton", "timestamp": 0}, "Heure": {"href": "", "value": "", "timestamp": 1574474429}}}, {"title": "", "media_map_data": {}, "string_map_data": {"Auteur": {"href": "", "value": "Kenneth.robinson", "timestamp": 0}, "Heure": {"href": "", "value": "", "timestamp": 1625513623}}}, {"title": "", "media_map_data": {}, "string_map_data": {"Auteur": {"href": "", "value": "Kimberly.hernandez", "timestamp": 0}, "Heure": {"href": "", "value": "", "timestamp": 1655901022}}}, {"title": "", "media_map_data": {}, "string_map_data": {"Auteur": {"href": "", "value": "Julie.allen", "timestamp": 0}, "Heure": {"href": "", "value": "", "timestamp": 1603164087}}}, {"title": "", "media_map_data": {}, "string_map_data": {"Auteur": {"href": "", "value": "Timothy.williams", "timestamp": 0}, "Heure": {"href": "", "value": "", "timestamp": 1585071457}}}, {"title": "", "media_map_data": {}, "string_map_data": {"Auteur": {"href": "", "value": "Sarah.king", "timestamp": 0}, "Heure": {"href": "", "value": "", "timestamp": 1544525569}}}, {"title": "", "media_map_data": {}, "string_map_data": {"Auteur": {"href": "", "value": "Amber.cortez", "timestamp": 0}, "Heure": {"href": "", "value": "", "timestamp": 1640085847}}}, {"title": "", "media_map_data": {}, "string_map_data": {"Auteur": {"href": "", "value": "Joseph.romero", "timestamp": 0}, "Heure": {"href": "", "value": "", "timestamp": 1659168801}}}, {"title": "", "media_map_data": {}, "string_map_data": {"Auteur": {"href": "", "value": "Scott.shepard", "timestamp": 0}, "Heure": {"href": "", "value": "", "timestamp": 1545021026}}}, {"title": "", "media_map_data": {}, "string_map_data": {"Auteur": {"href": "", "value": "Paul.jones", "timestamp": 0}, "Heure": {"href": "", "value": "", "timestamp": 1576443370}}}, {"title": "", "media_map_data": {}, "string_map_data": {"Auteur": {"href": "", "value": "Kristina.best", "timestamp": 0}, "Heure": {"href": "", "value": "", "timestamp": 1523064538}}}, {"title": "", "media_map_data": {}, "string_map_data": {"Auteur": {"href": "", "value": "Brandy.elliott", "timestamp": 0}, "Heure": {"href": "", "value": "", "timestamp": 1537255575}}}, {"title": "", "media_map_data": {}, "string_map_data": {"Auteur": {"href": "", "value": "Amanda.farmer", "timestamp": 0}, "Heure": {"href": "", "value": "", "timestamp": 1515333090}}}, {"title": "", "media_map_data": {}, "string_map_data": {"Auteur": {"href": "", "value": "Christian.david", "timestamp": 0}, "Heure": {"href": "", "value": "", "timestamp": 1657332019}}}, {"title": "", "media_map_data": {}, "string_map_data": {"Auteur": {"href": "", "value": "Darrell.moses", "timestamp": 0}, "Heure": {"href": "", "value": "", "timestamp": 1622562230}}}, {"title": "", "media_map_data": {}, "string_map_data": {"Auteur": {"href": "", "value": "Ryan.mitchell", "timestamp": 0}, "Heure": {"href": "", "value": "", "timestamp": 1657391325}}}, {"title": "", "media_map_data": {}, "string_map_data": {"Auteur": {"href": "", "value": "Destiny.wilson", "timestamp": 0}, "Heure": {"href": "", "value": "", "timestamp": 1662537735}}}, {"title": "", "media_map_data": {}, "string_map_data": {"Auteur": {"href": "", "value": "Hannah.perry", "timestamp": 0}, "Heure": {"href": "", "value": "", "timestamp": 1572069892}}}, {"title": "", "media_map_data": {}, "string_map_data": {"Auteur": {"href": "", "value": "Christine.white", "timestamp": 0}, "Heure": {"href": "", "value": "", "timestamp": 1543428326}}}, {"title": "", "media_map_data": {}, "string_map_data": {"Auteur": {"href": "", "value": "Brett.miles", "timestamp": 0}, "Heure": {"href": "", "value": "", "timestamp": 1576598865}}}, {"title": "", "media_map_data": {}, "string_map_data": {"Auteur": {"href": "", "value": "Stephanie.walls", "timestamp": 0}, "Heure": {"href": "", "value": "", "timestamp": 1655265494}}}, {"title": "", "media_map_data": {}, "string_map_data": {"Auteur": {"href": "", "value": "Jessica.scott", "timestamp": 0}, "Heure": {"href": "", "value": "", "timestamp": 1531910272}}}, {"title": "", "media_map_data": {}, "string_map_data": {"Auteur": {"href": "", "value": "Haley.watson", "timestamp": 0}, "Heure": {"href": "", "value": "", "timestamp": 1552488665}}}, {"title": "", "media_map_data": {}, "string_map_data": {"Auteur": {"href": "", "value": "Kristen.duran", "timestamp": 0}, "Heure": {"href": "", "value": "", "timestamp": 1517721822}}}, {"title": "", "media_map_data": {}, "string_map_data": {"Auteur": {"href": "", "value": "Jason.rodriguez", "timestamp": 0}, "Heure": {"href": "", "value": "", "timestamp": 1570539715}}}, {"title": "", "media_map_data": {}, "string_map_data": {"Auteur": {"href": "", "value": "Nicole.lawrence", "timestamp": 0}, "Heure": {"href": "", "value": "", "timestamp": 1646105965}}}, {"title": "", "media_map_data": {}, "string_map_data": {"Auteur": {"href": "", "value": "Amy.smith", "timestamp": 0}, "Heure": {"href": "", "value": "", "timestamp": 1666711556}}}, {"title": "", "media_map_data": {}, "string_map_data": {"Auteur": {"href": "", "value": "Briana.farrell", "timestamp": 0}, "Heure": {"href": "", "value": "", "timestamp": 1585947734}}}, {"title": "", "media_map_data": {}, "string_map_data": {"Auteur": {"href": "", "value": "Tonya.douglas", "timestamp": 0}, "Heure": {"href": "", "value": "", "timestamp": 1590366791}}}, {"title": "", "media_map_data": {}, "string_map_data": {"Auteur": {"href": "", "value": "Tyrone.owens", "timestamp": 0}, "Heure": {"href": "", "value": "", "timestamp": 1634900312}}}, {"title": "", "media_map_data": {}, "string_map_data": {"Auteur": {"href": "", "value": "Kayla.norman", "timestamp": 0}, "Heure": {"href": "", "value": "", "timestamp": 1662641678}}}, {"title": "", "media_map_data": {}, "string_map_data": {"Auteur": {"href": "", "value": "Deborah.gordon", "timestamp": 0}, "Heure": {"href": "", "value": "", "timestamp": 1544554323}}}, {"title": "", "media_map_data": {}, "string_map_data": {"Auteur": {"href": "", "value": "Elizabeth.green", "timestamp": 0}, "Heure": {"href": "", "value": "", "timestamp": 1662652403}}}, {"title": "", "media_map_data": {}, "string_map_data": {"Auteur": {"href": "", "value": "Jacob.wilson", "timestamp": 0}, "Heure": {"href": "", "value": "", "timestamp": 1612303467}}}, {"title": "", "media_map_data": {}, "string_map_data": {"Auteur": {"href": "", "value": "Heather.perez", "timestamp": 0}, "Heure": {"href": "", "value": "", "timestamp": 1606716220}}}, {"title": "", "media_map_data": {}, "string_map_data": {"Auteur": {"href": "", "value": "Russell.brooks", "timestamp": 0}, "Heure": {"href": "", "value": "", "timestamp": 1612887881}}}, {"title": "", "media_map_data": {}, "string_map_data": {"Auteur": {"href": "", "value": "Edward.evans", "timestamp": 0}, "Heure": {"href": "", "value": "", "timestamp": 1570210133}}}, {"title": "", "media_map_data": {}, "string_map_data": {"Auteur": {"href": "", "value": "Sabrina.cross", "timestamp": 0}, "Heure": {"href": "", "value": "", "timestamp": 1653269753}}}, {"title": "", "media_map_data": {}, "string_map_data": {"Auteur": {"href": "", "value": "Lori.hayes", "timestamp": 0}, "Heure": {"href": "", "value": "", "timestamp": 1561714417}}}, {"title": "", "media_map_data": {}, "string_map_data": {"Auteur": {"href": "", "value": "Sara.gutierrez", "timestamp": 0}, "Heure": {"href": "", "value": "", "timestamp": 1519562813}}}, {"title": "", "media_map_data": {}, "string_map_data": {"Auteur": {"href": "", "value": "Charlotte.lawson", "timestamp": 0}, "Heure": {"href": "", "value": "", "timestamp": 1587147460}}}, {"title": "", "media_map_data": {}, "string_map_data": {"Auteur": {"href": "", "value": "Emily.guerrero", "timestamp": 0}, "Heure": {"href": "", "value": "", "timestamp": 1589797748}}}, {"title": "", "media_map_data": {}, "string_map_data": {"Auteur": {"href": "", "value": "Sandra.morris", "timestamp": 0}, "Heure": {"href": "", "value": "", "timestamp": 1537616030}}}, {"title": "", "media_map_data": {}, "string_map_data": {"Auteur": {"href": "", "value": "Randall.martin", "timestamp": 0}, "Heure": {"href": "", "value": "", "timestamp": 1594013505}}}, {"title": "", "media_map_data": {}, "string_map_data": {"Auteur": {"href": "", "value": "Karen.valenzuela", "timestamp": 0}, "Heure": {"href": "", "value": "", "timestamp": 1577942598}}}, {"title": "", "media_map_data": {}, "string_map_data": {"Auteur": {"href": "", "value": "Jeremiah.wright", "timestamp": 0}, "Heure": {"href": "", "value": "", "timestamp": 1560103907}}}, {"title": "", "media_map_data": {}, "string_map_data": {"Auteur": {"href": "", "value": "Nicole.lowery", "timestamp": 0}, "Heure": {"href": "", "value": "", "timestamp": 1612893058}}}, {"title": "", "media_map_data": {}, "string_map_data": {"Auteur": {"href": "", "value": "Brittany.gonzales", "timestamp": 0}, "Heure": {"href": "", "value": "", "timestamp": 1626635678}}}, {"title": "", "media_map_data": {}, "string_map_data": {"Auteur": {"href": "", "value": "David.ford", "timestamp": 0}, "Heure": {"href": "", "value": "", "timestamp": 1607885965}}}, {"title": "", "media_map_data": {}, "string_map_data": {"Auteur": {"href": "", "value": "William.rodriguez", "timestamp": 0}, "Heure": {"href": "", "value": "", "timestamp": 1628168300}}}, {"title": "", "media_map_data": {}, "string_map_data": {"Auteur": {"href": "", "value": "Sherry.hodge", "timestamp": 0}, "Heure": {"href": "", "value": "", "timestamp": 1649684435}}}, {"title": "", "media_map_data": {}, "string_map_data": {"Auteur": {"href": "", "value": "Sharon.hernandez", "timestamp": 0}, "Heure": {"href": "", "value": "", "timestamp": 1573476478}}}, {"title": "", "media_map_data": {}, "string_map_data": {"Auteur": {"href": "", "value": "Peggy.price", "timestamp": 0}, "Heure": {"href": "", "value": "", "timestamp": 1568940023}}}, {"title": "", "media_map_data": {}, "string_map_data": {"Auteur": {"href": "", "value": "Kevin.cruz", "timestamp": 0}, "Heure": {"href": "", "value": "", "timestamp": 1648728746}}}, {"title": "", "media_map_data": {}, "string_map_data": {"Auteur": {"href": "", "value": "Lynn.hicks", "timestamp": 0}, "Heure": {"href": "", "value": "", "timestamp": 1626389654}}}, {"title": "", "media_map_data": {}, "string_map_data": {"Auteur": {"href": "", "value": "John.bell", "timestamp": 0}, "Heure": {"href": "", "value": "", "timestamp": 1609516611}}}, {"title": "", "media_map_data": {}, "string_map_data": {"Auteur": {"href": "", "value": "Charles.green", "timestamp": 0}, "Heure": {"href": "", "value": "", "timestamp": 1667186279}}}, {"title": "", "media_map_data": {}, "string_map_data": {"Auteur": {"href": "", "value": "Christopher.pittman", "timestamp": 0}, "Heure": {"href": "", "value": "", "timestamp": 1516323297}}}, {"title": "", "media_map_data": {}, "string_map_data": {"Auteur": {"href": "", "value": "Dustin.silva", "timestamp": 0}, "Heure": {"href": "", "value": "", "timestamp": 1661749657}}}, {"title": "", "media_map_data": {}, "string_map_data": {"Auteur": {"href": "", "value": "Henry.patton", "timestamp": 0}, "Heure": {"href": "", "value": "", "timestamp": 1582588846}}}, {"title": "", "media_map_data": {}, "string_map_data": {"Auteur": {"href": "", "value": "Kenneth.steele", "timestamp": 0}, "Heure": {"href": "", "value": "", "timestamp": 1539742552}}}]}