{"impressions_history_videos_watched": [{"title": "", "media_map_data": {}, "string_map_data": {"Auteur": {"href": "", "value": "Kimberly.jones", "timestamp": 0}, "Heure": {"href": "", "value": "", "timestamp": 1510143707}}}, {"title": "", "media_map_data": {}, "string_map_data": {"Auteur": {"href": "", "value": "Timothy.schultz", "timestamp": 0}, "Heure": {"href": "", "value": "", "timestamp": 1601481731}}}, {"title": "", "media_map_data": {}, "string_map_data": {"Auteur": {"href": "", "value": "Andrew.garrison", "timestamp": 0}, "Heure": {"href": "", "value": "", "timestamp": 1660090179}}}, {"title": "", "media_map_data": {}, "string_map_data": {"Auteur": {"href": "", "value": "Melissa.arnold", "timestamp": 0}, "Heure": {"href": "", "value": "", "timestamp": 1607697179}}}, {"title": "", "media_map_data": {}, "string_map_data": {"Auteur": {"href": "", "value": "Sara.watkins", "timestamp": 0}, "Heure": {"href": "", "value": "", "timestamp": 1597329606}}}, {"title": "", "media_map_data": {}, "string_map_data": {"Auteur": {"href": "", "value": "Phillip.andrews", "timestamp": 0}, "Heure": {"href": "", "value": "", "timestamp": 1649642935}}}, {"title": "", "media_map_data": {}, "string_map_data": {"Auteur": {"href": "", "value": "John.cook", "timestamp": 0}, "Heure": {"href": "", "value": "", "timestamp": 1652463824}}}, {"title": "", "media_map_data": {}, "string_map_data": {"Auteur": {"href": "", "value": "Brian.diaz", "timestamp": 0}, "Heure": {"href": "", "value": "", "timestamp": 1658799498}}}, {"title": "", "media_map_data": {}, "string_map_data": {"Auteur": {"href": "", "value": "Jesse.murray", "timestamp": 0}, "Heure": {"href": "", "value": "", "timestamp": 1561289924}}}, {"title": "", "media_map_data": {}, "string_map_data": {"Auteur": {"href": "", "value": "Tracy.rivera", "timestamp": 0}, "Heure": {"href": "", "value": "", "timestamp": 1554413265}}}, {"title": "", "media_map_data": {}, "string_map_data": {"Auteur": {"href": "", "value": "Richard.torres", "timestamp": 0}, "Heure": {"href": "", "value": "", "timestamp": 1567962793}}}, {"title": "", "media_map_data": {}, "string_map_data": {"Auteur": {"href": "", "value": "Sharon.davis", "timestamp": 0}, "Heure": {"href": "", "value": "", "timestamp": 1516707613}}}, {"title": "", "media_map_data": {}, "string_map_data": {"Auteur": {"href": "", "value": "Lee.bartlett", "timestamp": 0}, "Heure": {"href": "", "value": "", "timestamp": 1572435427}}}, {"title": "", "media_map_data": {}, "string_map_data": {"Auteur": {"href": "", "value": "James.key", "timestamp": 0}, "Heure": {"href": "", "value": "", "timestamp": 1661967654}}}, {"title": "", "media_map_data": {}, "string_map_data": {"Auteur": {"href": "", "value": "Frances.bailey", "timestamp": 0}, "Heure": {"href": "", "value": "", "timestamp": 1546672451}}}, {"title": "", "media_map_data": {}, "string_map_data": {"Auteur": {"href": "", "value": "Jonathan.keller", "timestamp": 0}, "Heure": {"href": "", "value": "", "timestamp": 1619415461}}}, {"title": "", "media_map_data": {}, "string_map_data": {"Auteur": {"href": "", "value": "Mary.downs", "timestamp": 0}, "Heure": {"href": "", "value": "", "timestamp": 1529777967}}}, {"title": "", "media_map_data": {}, "string_map_data": {"Auteur": {"href": "", "value": "Isaiah.hawkins", "timestamp": 0}, "Heure": {"href": "", "value": "", "timestamp": 1615068699}}}, {"title": "", "media_map_data": {}, "string_map_data": {"Auteur": {"href": "", "value": "Dominic.carter", "timestamp": 0}, "Heure": {"href": "", "value": "", "timestamp": 1514952829}}}, {"title": "", "media_map_data": {}, "string_map_data": {"Auteur": {"href": "", "value": "Jonathan.miller", "timestamp": 0}, "Heure": {"href": "", "value": "", "timestamp": 1544053017}}}, {"title": "", "media_map_data": {}, "string_map_data": {"Auteur": {"href": "", "value": "Carlos.caldwell", "timestamp": 0}, "Heure": {"href": "", "value": "", "timestamp": 1566560195}}}, {"title": "", "media_map_data": {}, "string_map_data": {"Auteur": {"href": "", "value": "Kimberly.figueroa", "timestamp": 0}, "Heure": {"href": "", "value": "", "timestamp": 1663512724}}}, {"title": "", "media_map_data": {}, "string_map_data": {"Auteur": {"href": "", "value": "Joel.wilson", "timestamp": 0}, "Heure": {"href": "", "value": "", "timestamp": 1557283493}}}, {"title": "", "media_map_data": {}, "string_map_data": {"Auteur": {"href": "", "value": "Samantha.young", "timestamp": 0}, "Heure": {"href": "", "value": "", "timestamp": 1616085251}}}, {"title": "", "media_map_data": {}, "string_map_data": {"Auteur": {"href": "", "value": "Alyssa.howard", "timestamp": 0}, "Heure": {"href": "", "value": "", "timestamp": 1616074654}}}, {"title": "", "media_map_data": {}, "string_map_data": {"Auteur": {"href": "", "value": "Gregory.swanson", "timestamp": 0}, "Heure": {"href": "", "value": "", "timestamp": 1579840701}}}, {"title": "", "media_map_data": {}, "string_map_data": {"Auteur": {"href": "", "value": "Jose.foley", "timestamp": 0}, "Heure": {"href": "", "value": "", "timestamp": 1614941290}}}, {"title": "", "media_map_data": {}, "string_map_data": {"Auteur": {"href": "", "value": "Thomas.doyle", "timestamp": 0}, "Heure": {"href": "", "value": "", "timestamp": 1665302330}}}, {"title": "", "media_map_data": {}, "string_map_data": {"Auteur": {"href": "", "value": "George.nixon", "timestamp": 0}, "Heure": {"href": "", "value": "", "timestamp": 1553644586}}}, {"title": "", "media_map_data": {}, "string_map_data": {"Auteur": {"href": "", "value": "Bryan.williams", "timestamp": 0}, "Heure": {"href": "", "value": "", "timestamp": 1657875171}}}, {"title": "", "media_map_data": {}, "string_map_data": {"Auteur": {"href": "", "value": "Jose.henderson", "timestamp": 0}, "Heure": {"href": "", "value": "", "timestamp": 1516385902}}}, {"title": "", "media_map_data": {}, "string_map_data": {"Auteur": {"href": "", "value": "Kim.clay", "timestamp": 0}, "Heure": {"href": "", "value": "", "timestamp": 1545263473}}}, {"title": "", "media_map_data": {}, "string_map_data": {"Auteur": {"href": "", "value": "Clifford.white", "timestamp": 0}, "Heure": {"href": "", "value": "", "timestamp": 1516356963}}}, {"title": "", "media_map_data": {}, "string_map_data": {"Auteur": {"href": "", "value": "Rose.daniels", "timestamp": 0}, "Heure": {"href": "", "value": "", "timestamp": 1652373367}}}, {"title": "", "media_map_data": {}, "string_map_data": {"Auteur": {"href": "", "value": "Veronica.martin", "timestamp": 0}, "Heure": {"href": "", "value": "", "timestamp": 1624701306}}}, {"title": "", "media_map_data": {}, "string_map_data": {"Auteur": {"href": "", "value": "Danielle.phillips", "timestamp": 0}, "Heure": {"href": "", "value": "", "timestamp": 1624681999}}}, {"title": "", "media_map_data": {}, "string_map_data": {"Auteur": {"href": "", "value": "Brian.coleman", "timestamp": 0}, "Heure": {"href": "", "value": "", "timestamp": 1632080356}}}, {"title": "", "media_map_data": {}, "string_map_data": {"Auteur": {"href": "", "value": "Kimberly.martinez", "timestamp": 0}, "Heure": {"href": "", "value": "", "timestamp": 1536554556}}}, {"title": "", "media_map_data": {}, "string_map_data": {"Auteur": {"href": "", "value": "Paul.browning", "timestamp": 0}, "Heure": {"href": "", "value": "", "timestamp": 1642018434}}}, {"title": "", "media_map_data": {}, "string_map_data": {"Auteur": {"href": "", "value": "Andrea.frank", "timestamp": 0}, "Heure": {"href": "", "value": "", "timestamp": 1529058465}}}, {"title": "", "media_map_data": {}, "string_map_data": {"Auteur": {"href": "", "value": "Christina.hodges", "timestamp": 0}, "Heure": {"href": "", "value": "", "timestamp": 1565408622}}}, {"title": "", "media_map_data": {}, "string_map_data": {"Auteur": {"href": "", "value": "Teresa.pena", "timestamp": 0}, "Heure": {"href": "", "value": "", "timestamp": 1639828912}}}, {"title": "", "media_map_data": {}, "string_map_data": {"Auteur": {"href": "", "value": "Jody.erickson", "timestamp": 0}, "Heure": {"href": "", "value": "", "timestamp": 1598554270}}}, {"title": "", "media_map_data": {}, "string_map_data": {"Auteur": {"href": "", "value": "Steven.leonard", "timestamp": 0}, "Heure": {"href": "", "value": "", "timestamp": 1628785174}}}, {"title": "", "media_map_data": {}, "string_map_data": {"Auteur": {"href": "", "value": "Ricky.oliver", "timestamp": 0}, "Heure": {"href": "", "value": "", "timestamp": 1533530602}}}, {"title": "", "media_map_data": {}, "string_map_data": {"Auteur": {"href": "", "value": "William.adams", "timestamp": 0}, "Heure": {"href": "", "value": "", "timestamp": 1521643916}}}, {"title": "", "media_map_data": {}, "string_map_data": {"Auteur": {"href": "", "value": "Sara.smith", "timestamp": 0}, "Heure": {"href": "", "value": "", "timestamp": 1551850152}}}, {"title": "", "media_map_data": {}, "string_map_data": {"Auteur": {"href": "", "value": "Dawn.horton", "timestamp": 0}, "Heure": {"href": "", "value": "", "timestamp": 1620529956}}}, {"title": "", "media_map_data": {}, "string_map_data": {"Auteur": {"href": "", "value": "Rodney.clark", "timestamp": 0}, "Heure": {"href": "", "value": "", "timestamp": 1516474083}}}, {"title": "", "media_map_data": {}, "string_map_data": {"Auteur": {"href": "", "value": "Lisa.baxter", "timestamp": 0}, "Heure": {"href": "", "value": "", "timestamp": 1567526732}}}, {"title": "", "media_map_data": {}, "string_map_data": {"Auteur": {"href": "", "value": "Adam.hardy", "timestamp": 0}, "Heure": {"href": "", "value": "", "timestamp": 1535770915}}}, {"title": "", "media_map_data": {}, "string_map_data": {"Auteur": {"href": "", "value": "Frank.archer", "timestamp": 0}, "Heure": {"href": "", "value": "", "timestamp": 1616314400}}}, {"title": "", "media_map_data": {}, "string_map_data": {"Auteur": {"href": "", "value": "Elizabeth.williams", "timestamp": 0}, "Heure": {"href": "", "value": "", "timestamp": 1547252659}}}, {"title": "", "media_map_data": {}, "string_map_data": {"Auteur": {"href": "", "value": "Lawrence.harris", "timestamp": 0}, "Heure": {"href": "", "value": "", "timestamp": 1582859446}}}, {"title": "", "media_map_data": {}, "string_map_data": {"Auteur": {"href": "", "value": "Christie.maldonado", "timestamp": 0}, "Heure": {"href": "", "value": "", "timestamp": 1639747579}}}, {"title": "", "media_map_data": {}, "string_map_data": {"Auteur": {"href": "", "value": "Sabrina.evans", "timestamp": 0}, "Heure": {"href": "", "value": "", "timestamp": 1512772135}}}, {"title": "", "media_map_data": {}, "string_map_data": {"Auteur": {"href": "", "value": "Katie.evans", "timestamp": 0}, "Heure": {"href": "", "value": "", "timestamp": 1566060465}}}, {"title": "", "media_map_data": {}, "string_map_data": {"Auteur": {"href": "", "value": "Robert.mejia", "timestamp": 0}, "Heure": {"href": "", "value": "", "timestamp": 1646723489}}}, {"title": "", "media_map_data": {}, "string_map_data": {"Auteur": {"href": "", "value": "Keith.moore", "timestamp": 0}, "Heure": {"href": "", "value": "", "timestamp": 1586254737}}}, {"title": "", "media_map_data": {}, "string_map_data": {"Auteur": {"href": "", "value": "Karina.hayes", "timestamp": 0}, "Heure": {"href": "", "value": "", "timestamp": 1546963934}}}, {"title": "", "media_map_data": {}, "string_map_data": {"Auteur": {"href": "", "value": "Nichole.ruiz", "timestamp": 0}, "Heure": {"href": "", "value": "", "timestamp": 1556277074}}}, {"title": "", "media_map_data": {}, "string_map_data": {"Auteur": {"href": "", "value": "Scott.santana", "timestamp": 0}, "Heure": {"href": "", "value": "", "timestamp": 1651315789}}}, {"title": "", "media_map_data": {}, "string_map_data": {"Auteur": {"href": "", "value": "Ryan.swanson", "timestamp": 0}, "Heure": {"href": "", "value": "", "timestamp": 1559436429}}}, {"title": "", "media_map_data": {}, "string_map_data": {"Auteur": {"href": "", "value": "David.snyder", "timestamp": 0}, "Heure": {"href": "", "value": "", "timestamp": 1616541580}}}, {"title": "", "media_map_data": {}, "string_map_data": {"Auteur": {"href": "", "value": "Danielle.wagner", "timestamp": 0}, "Heure": {"href": "", "value": "", "timestamp": 1664722924}}}, {"title": "", "media_map_data": {}, "string_map_data": {"Auteur": {"href": "", "value": "Jacob.yang", "timestamp": 0}, "Heure": {"href": "", "value": "", "timestamp": 1627551101}}}, {"title": "", "media_map_data": {}, "string_map_data": {"Auteur": {"href": "", "value": "Jared.williams", "timestamp": 0}, "Heure": {"href": "", "value": "", "timestamp": 1539051150}}}, {"title": "", "media_map_data": {}, "string_map_data": {"Auteur": {"href": "", "value": "Michael.fitzpatrick", "timestamp": 0}, "Heure": {"href": "", "value": "", "timestamp": 1549234918}}}, {"title": "", "media_map_data": {}, "string_map_data": {"Auteur": {"href": "", "value": "Jonathon.williams", "timestamp": 0}, "Heure": {"href": "", "value": "", "timestamp": 1518272238}}}, {"title": "", "media_map_data": {}, "string_map_data": {"Auteur": {"href": "", "value": "Charlotte.dawson", "timestamp": 0}, "Heure": {"href": "", "value": "", "timestamp": 1579027536}}}, {"title": "", "media_map_data": {}, "string_map_data": {"Auteur": {"href": "", "value": "Lori.adams", "timestamp": 0}, "Heure": {"href": "", "value": "", "timestamp": 1625680859}}}, {"title": "", "media_map_data": {}, "string_map_data": {"Auteur": {"href": "", "value": "Lori.wilson", "timestamp": 0}, "Heure": {"href": "", "value": "", "timestamp": 1607102111}}}, {"title": "", "media_map_data": {}, "string_map_data": {"Auteur": {"href": "", "value": "Tiffany.burke", "timestamp": 0}, "Heure": {"href": "", "value": "", "timestamp": 1610736895}}}, {"title": "", "media_map_data": {}, "string_map_data": {"Auteur": {"href": "", "value": "Marissa.kane", "timestamp": 0}, "Heure": {"href": "", "value": "", "timestamp": 1608357870}}}, {"title": "", "media_map_data": {}, "string_map_data": {"Auteur": {"href": "", "value": "Caleb.weber", "timestamp": 0}, "Heure": {"href": "", "value": "", "timestamp": 1528865960}}}, {"title": "", "media_map_data": {}, "string_map_data": {"Auteur": {"href": "", "value": "Misty.barton", "timestamp": 0}, "Heure": {"href": "", "value": "", "timestamp": 1552754613}}}, {"title": "", "media_map_data": {}, "string_map_data": {"Auteur": {"href": "", "value": "Sandra.williams", "timestamp": 0}, "Heure": {"href": "", "value": "", "timestamp": 1571599977}}}, {"title": "", "media_map_data": {}, "string_map_data": {"Auteur": {"href": "", "value": "Jeffrey.brennan", "timestamp": 0}, "Heure": {"href": "", "value": "", "timestamp": 1534710143}}}, {"title": "", "media_map_data": {}, "string_map_data": {"Auteur": {"href": "", "value": "Chase.clark", "timestamp": 0}, "Heure": {"href": "", "value": "", "timestamp": 1643173246}}}, {"title": "", "media_map_data": {}, "string_map_data": {"Auteur": {"href": "", "value": "Heather.farley", "timestamp": 0}, "Heure": {"href": "", "value": "", "timestamp": 1560602382}}}, {"title": "", "media_map_data": {}, "string_map_data": {"Auteur": {"href": "", "value": "Carla.schaefer", "timestamp": 0}, "Heure": {"href": "", "value": "", "timestamp": 1598449964}}}, {"title": "", "media_map_data": {}, "string_map_data": {"Auteur": {"href": "", "value": "Austin.ortega", "timestamp": 0}, "Heure": {"href": "", "value": "", "timestamp": 1571654200}}}, {"title": "", "media_map_data": {}, "string_map_data": {"Auteur": {"href": "", "value": "Yolanda.perry", "timestamp": 0}, "Heure": {"href": "", "value": "", "timestamp": 1587961263}}}, {"title": "", "media_map_data": {}, "string_map_data": {"Auteur": {"href": "", "value": "Patricia.blanchard", "timestamp": 0}, "Heure": {"href": "", "value": "", "timestamp": 1606620990}}}, {"title": "", "media_map_data": {}, "string_map_data": {"Auteur": {"href": "", "value": "Brenda.harper", "timestamp": 0}, "Heure": {"href": "", "value": "", "timestamp": 1576881687}}}, {"title": "", "media_map_data": {}, "string_map_data": {"Auteur": {"href": "", "value": "Nicholas.moore", "timestamp": 0}, "Heure": {"href": "", "value": "", "timestamp": 1651830129}}}, {"title": "", "media_map_data": {}, "string_map_data": {"Auteur": {"href": "", "value": "Haley.andrews", "timestamp": 0}, "Heure": {"href": "", "value": "", "timestamp": 1588974810}}}, {"title": "", "media_map_data": {}, "string_map_data": {"Auteur": {"href": "", "value": "Katie.graham", "timestamp": 0}, "Heure": {"href": "", "value": "", "timestamp": 1529338105}}}, {"title": "", "media_map_data": {}, "string_map_data": {"Auteur": {"href": "", "value": "Jamie.miranda", "timestamp": 0}, "Heure": {"href": "", "value": "", "timestamp": 1651624603}}}, {"title": "", "media_map_data": {}, "string_map_data": {"Auteur": {"href": "", "value": "Thomas.fisher", "timestamp": 0}, "Heure": {"href": "", "value": "", "timestamp": 1517638327}}}, {"title": "", "media_map_data": {}, "string_map_data": {"Auteur": {"href": "", "value": "Sean.wilson", "timestamp": 0}, "Heure": {"href": "", "value": "", "timestamp": 1619232462}}}, {"title": "", "media_map_data": {}, "string_map_data": {"Auteur": {"href": "", "value": "Bradley.young", "timestamp": 0}, "Heure": {"href": "", "value": "", "timestamp": 1653124844}}}, {"title": "", "media_map_data": {}, "string_map_data": {"Auteur": {"href": "", "value": "Albert.fitzgerald", "timestamp": 0}, "Heure": {"href": "", "value": "", "timestamp": 1531313443}}}, {"title": "", "media_map_data": {}, "string_map_data": {"Auteur": {"href": "", "value": "Julia.jackson", "timestamp": 0}, "Heure": {"href": "", "value": "", "timestamp": 1657184757}}}, {"title": "", "media_map_data": {}, "string_map_data": {"Auteur": {"href": "", "value": "Joseph.york", "timestamp": 0}, "Heure": {"href": "", "value": "", "timestamp": 1567019088}}}, {"title": "", "media_map_data": {}, "string_map_data": {"Auteur": {"href": "", "value": "Ariana.walker", "timestamp": 0}, "Heure": {"href": "", "value": "", "timestamp": 1618448069}}}, {"title": "", "media_map_data": {}, "string_map_data": {"Auteur": {"href": "", "value": "Michael.hamilton", "timestamp": 0}, "Heure": {"href": "", "value": "", "timestamp": 1558583109}}}, {"title": "", "media_map_data": {}, "string_map_data": {"Auteur": {"href": "", "value": "Benjamin.pearson", "timestamp": 0}, "Heure": {"href": "", "value": "", "timestamp": 1564587247}}}, {"title": "", "media_map_data": {}, "string_map_data": {"Auteur": {"href": "", "value": "Melissa.hernandez", "timestamp": 0}, "Heure": {"href": "", "value": "", "timestamp": 1579315076}}}, {"title": "", "media_map_data": {}, "string_map_data": {"Auteur": {"href": "", "value": "Valerie.king", "timestamp": 0}, "Heure": {"href": "", "value": "", "timestamp": 1594791874}}}, {"title": "", "media_map_data": {}, "string_map_data": {"Auteur": {"href": "", "value": "Michael.nolan", "timestamp": 0}, "Heure": {"href": "", "value": "", "timestamp": 1511842670}}}, {"title": "", "media_map_data": {}, "string_map_data": {"Auteur": {"href": "", "value": "Philip.long", "timestamp": 0}, "Heure": {"href": "", "value": "", "timestamp": 1561225494}}}, {"title": "", "media_map_data": {}, "string_map_data": {"Auteur": {"href": "", "value": "Anthony.baker", "timestamp": 0}, "Heure": {"href": "", "value": "", "timestamp": 1532904710}}}, {"title": "", "media_map_data": {}, "string_map_data": {"Auteur": {"href": "", "value": "Alicia.burke", "timestamp": 0}, "Heure": {"href": "", "value": "", "timestamp": 1643118290}}}, {"title": "", "media_map_data": {}, "string_map_data": {"Auteur": {"href": "", "value": "Steven.smith", "timestamp": 0}, "Heure": {"href": "", "value": "", "timestamp": 1534958475}}}, {"title": "", "media_map_data": {}, "string_map_data": {"Auteur": {"href": "", "value": "Richard.lane", "timestamp": 0}, "Heure": {"href": "", "value": "", "timestamp": 1579638872}}}, {"title": "", "media_map_data": {}, "string_map_data": {"Auteur": {"href": "", "value": "Thomas.durham", "timestamp": 0}, "Heure": {"href": "", "value": "", "timestamp": 1569139865}}}, {"title": "", "media_map_data": {}, "string_map_data": {"Auteur": {"href": "", "value": "Jamie.black", "timestamp": 0}, "Heure": {"href": "", "value": "", "timestamp": 1536716190}}}, {"title": "", "media_map_data": {}, "string_map_data": {"Auteur": {"href": "", "value": "Megan.parker", "timestamp": 0}, "Heure": {"href": "", "value": "", "timestamp": 1523234652}}}, {"title": "", "media_map_data": {}, "string_map_data": {"Auteur": {"href": "", "value": "Audrey.decker", "timestamp": 0}, "Heure": {"href": "", "value": "", "timestamp": 1598171777}}}, {"title": "", "media_map_data": {}, "string_map_data": {"Auteur": {"href": "", "value": "Andrea.patel", "timestamp": 0}, "Heure": {"href": "", "value": "", "timestamp": 1661536774}}}, {"title": "", "media_map_data": {}, "string_map_data": {"Auteur": {"href": "", "value": "Benjamin.jones", "timestamp": 0}, "Heure": {"href": "", "value": "", "timestamp": 1648632240}}}, {"title": "", "media_map_data": {}, "string_map_data": {"Auteur": {"href": "", "value": "Reginald.harrison", "timestamp": 0}, "Heure": {"href": "", "value": "", "timestamp": 1655230375}}}, {"title": "", "media_map_data": {}, "string_map_data": {"Auteur": {"href": "", "value": "Kaylee.myers", "timestamp": 0}, "Heure": {"href": "", "value": "", "timestamp": 1589677157}}}, {"title": "", "media_map_data": {}, "string_map_data": {"Auteur": {"href": "", "value": "Carol.adams", "timestamp": 0}, "Heure": {"href": "", "value": "", "timestamp": 1635567920}}}, {"title": "", "media_map_data": {}, "string_map_data": {"Auteur": {"href": "", "value": "Benjamin.reid", "timestamp": 0}, "Heure": {"href": "", "value": "", "timestamp": 1630288290}}}, {"title": "", "media_map_data": {}, "string_map_data": {"Auteur": {"href": "", "value": "Andrew.graham", "timestamp": 0}, "Heure": {"href": "", "value": "", "timestamp": 1579587508}}}, {"title": "", "media_map_data": {}, "string_map_data": {"Auteur": {"href": "", "value": "Cathy.white", "timestamp": 0}, "Heure": {"href": "", "value": "", "timestamp": 1613336973}}}, {"title": "", "media_map_data": {}, "string_map_data": {"Auteur": {"href": "", "value": "Mark.carey", "timestamp": 0}, "Heure": {"href": "", "value": "", "timestamp": 1556044957}}}, {"title": "", "media_map_data": {}, "string_map_data": {"Auteur": {"href": "", "value": "Tracy.silva", "timestamp": 0}, "Heure": {"href": "", "value": "", "timestamp": 1609964762}}}, {"title": "", "media_map_data": {}, "string_map_data": {"Auteur": {"href": "", "value": "Natalie.young", "timestamp": 0}, "Heure": {"href": "", "value": "", "timestamp": 1600484750}}}, {"title": "", "media_map_data": {}, "string_map_data": {"Auteur": {"href": "", "value": "Kathleen.daniels", "timestamp": 0}, "Heure": {"href": "", "value": "", "timestamp": 1548135418}}}, {"title": "", "media_map_data": {}, "string_map_data": {"Auteur": {"href": "", "value": "David.stewart", "timestamp": 0}, "Heure": {"href": "", "value": "", "timestamp": 1589967039}}}, {"title": "", "media_map_data": {}, "string_map_data": {"Auteur": {"href": "", "value": "Stephen.bauer", "timestamp": 0}, "Heure": {"href": "", "value": "", "timestamp": 1551935870}}}, {"title": "", "media_map_data": {}, "string_map_data": {"Auteur": {"href": "", "value": "Debbie.johnson", "timestamp": 0}, "Heure": {"href": "", "value": "", "timestamp": 1663239639}}}, {"title": "", "media_map_data": {}, "string_map_data": {"Auteur": {"href": "", "value": "Briana.thompson", "timestamp": 0}, "Heure": {"href": "", "value": "", "timestamp": 1511987391}}}, {"title": "", "media_map_data": {}, "string_map_data": {"Auteur": {"href": "", "value": "Michael.harris", "timestamp": 0}, "Heure": {"href": "", "value": "", "timestamp": 1651976778}}}, {"title": "", "media_map_data": {}, "string_map_data": {"Auteur": {"href": "", "value": "Tyler.russell", "timestamp": 0}, "Heure": {"href": "", "value": "", "timestamp": 1585452601}}}, {"title": "", "media_map_data": {}, "string_map_data": {"Auteur": {"href": "", "value": "Thomas.carson", "timestamp": 0}, "Heure": {"href": "", "value": "", "timestamp": 1526473401}}}, {"title": "", "media_map_data": {}, "string_map_data": {"Auteur": {"href": "", "value": "Jessica.baker", "timestamp": 0}, "Heure": {"href": "", "value": "", "timestamp": 1523403946}}}, {"title": "", "media_map_data": {}, "string_map_data": {"Auteur": {"href": "", "value": "Benjamin.gilmore", "timestamp": 0}, "Heure": {"href": "", "value": "", "timestamp": 1638844362}}}, {"title": "", "media_map_data": {}, "string_map_data": {"Auteur": {"href": "", "value": "Amanda.townsend", "timestamp": 0}, "Heure": {"href": "", "value": "", "timestamp": 1653189375}}}, {"title": "", "media_map_data": {}, "string_map_data": {"Auteur": {"href": "", "value": "Adam.smith", "timestamp": 0}, "Heure": {"href": "", "value": "", "timestamp": 1659670093}}}, {"title": "", "media_map_data": {}, "string_map_data": {"Auteur": {"href": "", "value": "Allison.zuniga", "timestamp": 0}, "Heure": {"href": "", "value": "", "timestamp": 1538977520}}}, {"title": "", "media_map_data": {}, "string_map_data": {"Auteur": {"href": "", "value": "Diane.grant", "timestamp": 0}, "Heure": {"href": "", "value": "", "timestamp": 1512051506}}}, {"title": "", "media_map_data": {}, "string_map_data": {"Auteur": {"href": "", "value": "Valerie.smith", "timestamp": 0}, "Heure": {"href": "", "value": "", "timestamp": 1625344737}}}, {"title": "", "media_map_data": {}, "string_map_data": {"Auteur": {"href": "", "value": "Jared.hancock", "timestamp": 0}, "Heure": {"href": "", "value": "", "timestamp": 1519612016}}}, {"title": "", "media_map_data": {}, "string_map_data": {"Auteur": {"href": "", "value": "James.jordan", "timestamp": 0}, "Heure": {"href": "", "value": "", "timestamp": 1622618598}}}, {"title": "", "media_map_data": {}, "string_map_data": {"Auteur": {"href": "", "value": "Mary.silva", "timestamp": 0}, "Heure": {"href": "", "value": "", "timestamp": 1610053167}}}, {"title": "", "media_map_data": {}, "string_map_data": {"Auteur": {"href": "", "value": "Michael.williams", "timestamp": 0}, "Heure": {"href": "", "value": "", "timestamp": 1618412243}}}, {"title": "", "media_map_data": {}, "string_map_data": {"Auteur": {"href": "", "value": "Thomas.lopez", "timestamp": 0}, "Heure": {"href": "", "value": "", "timestamp": 1630453498}}}, {"title": "", "media_map_data": {}, "string_map_data": {"Auteur": {"href": "", "value": "Kylie.jones", "timestamp": 0}, "Heure": {"href": "", "value": "", "timestamp": 1515289841}}}, {"title": "", "media_map_data": {}, "string_map_data": {"Auteur": {"href": "", "value": "Tammie.marshall", "timestamp": 0}, "Heure": {"href": "", "value": "", "timestamp": 1513986205}}}, {"title": "", "media_map_data": {}, "string_map_data": {"Auteur": {"href": "", "value": "Mark.king", "timestamp": 0}, "Heure": {"href": "", "value": "", "timestamp": 1617260866}}}, {"title": "", "media_map_data": {}, "string_map_data": {"Auteur": {"href": "", "value": "Teresa.gates", "timestamp": 0}, "Heure": {"href": "", "value": "", "timestamp": 1519159753}}}, {"title": "", "media_map_data": {}, "string_map_data": {"Auteur": {"href": "", "value": "Ronald.brown", "timestamp": 0}, "Heure": {"href": "", "value": "", "timestamp": 1518239027}}}, {"title": "", "media_map_data": {}, "string_map_data": {"Auteur": {"href": "", "value": "Barry.hamilton", "timestamp": 0}, "Heure": {"href": "", "value": "", "timestamp": 1603155914}}}, {"title": "", "media_map_data": {}, "string_map_data": {"Auteur": {"href": "", "value": "Drew.joseph", "timestamp": 0}, "Heure": {"href": "", "value": "", "timestamp": 1648840392}}}, {"title": "", "media_map_data": {}, "string_map_data": {"Auteur": {"href": "", "value": "Sally.george", "timestamp": 0}, "Heure": {"href": "", "value": "", "timestamp": 1587596175}}}, {"title": "", "media_map_data": {}, "string_map_data": {"Auteur": {"href": "", "value": "Ashley.smith", "timestamp": 0}, "Heure": {"href": "", "value": "", "timestamp": 1622953106}}}, {"title": "", "media_map_data": {}, "string_map_data": {"Auteur": {"href": "", "value": "Amber.contreras", "timestamp": 0}, "Heure": {"href": "", "value": "", "timestamp": 1580814189}}}, {"title": "", "media_map_data": {}, "string_map_data": {"Auteur": {"href": "", "value": "Kimberly.robinson", "timestamp": 0}, "Heure": {"href": "", "value": "", "timestamp": 1515385112}}}, {"title": "", "media_map_data": {}, "string_map_data": {"Auteur": {"href": "", "value": "Robert.higgins", "timestamp": 0}, "Heure": {"href": "", "value": "", "timestamp": 1662982087}}}, {"title": "", "media_map_data": {}, "string_map_data": {"Auteur": {"href": "", "value": "Maurice.rhodes", "timestamp": 0}, "Heure": {"href": "", "value": "", "timestamp": 1643083263}}}, {"title": "", "media_map_data": {}, "string_map_data": {"Auteur": {"href": "", "value": "Allison.smith", "timestamp": 0}, "Heure": {"href": "", "value": "", "timestamp": 1648813568}}}, {"title": "", "media_map_data": {}, "string_map_data": {"Auteur": {"href": "", "value": "Danielle.west", "timestamp": 0}, "Heure": {"href": "", "value": "", "timestamp": 1602955211}}}, {"title": "", "media_map_data": {}, "string_map_data": {"Auteur": {"href": "", "value": "Cassandra.price", "timestamp": 0}, "Heure": {"href": "", "value": "", "timestamp": 1561727693}}}, {"title": "", "media_map_data": {}, "string_map_data": {"Auteur": {"href": "", "value": "Megan.butler", "timestamp": 0}, "Heure": {"href": "", "value": "", "timestamp": 1530161556}}}, {"title": "", "media_map_data": {}, "string_map_data": {"Auteur": {"href": "", "value": "Monica.alvarado", "timestamp": 0}, "Heure": {"href": "", "value": "", "timestamp": 1650749798}}}, {"title": "", "media_map_data": {}, "string_map_data": {"Auteur": {"href": "", "value": "David.conrad", "timestamp": 0}, "Heure": {"href": "", "value": "", "timestamp": 1623044662}}}, {"title": "", "media_map_data": {}, "string_map_data": {"Auteur": {"href": "", "value": "Jessica.watson", "timestamp": 0}, "Heure": {"href": "", "value": "", "timestamp": 1555908382}}}, {"title": "", "media_map_data": {}, "string_map_data": {"Auteur": {"href": "", "value": "Morgan.mcmillan", "timestamp": 0}, "Heure": {"href": "", "value": "", "timestamp": 1515355877}}}, {"title": "", "media_map_data": {}, "string_map_data": {"Auteur": {"href": "", "value": "Charles.leonard", "timestamp": 0}, "Heure": {"href": "", "value": "", "timestamp": 1585392654}}}, {"title": "", "media_map_data": {}, "string_map_data": {"Auteur": {"href": "", "value": "Lori.benjamin", "timestamp": 0}, "Heure": {"href": "", "value": "", "timestamp": 1551739562}}}, {"title": "", "media_map_data": {}, "string_map_data": {"Auteur": {"href": "", "value": "Jeffery.lester", "timestamp": 0}, "Heure": {"href": "", "value": "", "timestamp": 1555322997}}}, {"title": "", "media_map_data": {}, "string_map_data": {"Auteur": {"href": "", "value": "Adam.mcfarland", "timestamp": 0}, "Heure": {"href": "", "value": "", "timestamp": 1565694858}}}, {"title": "", "media_map_data": {}, "string_map_data": {"Auteur": {"href": "", "value": "Danielle.robinson", "timestamp": 0}, "Heure": {"href": "", "value": "", "timestamp": 1522545250}}}, {"title": "", "media_map_data": {}, "string_map_data": {"Auteur": {"href": "", "value": "Jennifer.harris", "timestamp": 0}, "Heure": {"href": "", "value": "", "timestamp": 1529595037}}}, {"title": "", "media_map_data": {}, "string_map_data": {"Auteur": {"href": "", "value": "Audrey.ball", "timestamp": 0}, "Heure": {"href": "", "value": "", "timestamp": 1558859937}}}, {"title": "", "media_map_data": {}, "string_map_data": {"Auteur": {"href": "", "value": "Destiny.fox", "timestamp": 0}, "Heure": {"href": "", "value": "", "timestamp": 1510963997}}}, {"title": "", "media_map_data": {}, "string_map_data": {"Auteur": {"href": "", "value": "Ryan.snyder", "timestamp": 0}, "Heure": {"href": "", "value": "", "timestamp": 1578161596}}}, {"title": "", "media_map_data": {}, "string_map_data": {"Auteur": {"href": "", "value": "David.foster", "timestamp": 0}, "Heure": {"href": "", "value": "", "timestamp": 1639831381}}}, {"title": "", "media_map_data": {}, "string_map_data": {"Auteur": {"href": "", "value": "Jason.vaughn", "timestamp": 0}, "Heure": {"href": "", "value": "", "timestamp": 1618254926}}}, {"title": "", "media_map_data": {}, "string_map_data": {"Auteur": {"href": "", "value": "Dawn.cochran", "timestamp": 0}, "Heure": {"href": "", "value": "", "timestamp": 1646693010}}}, {"title": "", "media_map_data": {}, "string_map_data": {"Auteur": {"href": "", "value": "Peter.garcia", "timestamp": 0}, "Heure": {"href": "", "value": "", "timestamp": 1605757217}}}, {"title": "", "media_map_data": {}, "string_map_data": {"Auteur": {"href": "", "value": "Nicholas.norton", "timestamp": 0}, "Heure": {"href": "", "value": "", "timestamp": 1609831345}}}, {"title": "", "media_map_data": {}, "string_map_data": {"Auteur": {"href": "", "value": "Jeffrey.castillo", "timestamp": 0}, "Heure": {"href": "", "value": "", "timestamp": 1570028559}}}, {"title": "", "media_map_data": {}, "string_map_data": {"Auteur": {"href": "", "value": "Jonathan.rodriguez", "timestamp": 0}, "Heure": {"href": "", "value": "", "timestamp": 1570017809}}}, {"title": "", "media_map_data": {}, "string_map_data": {"Auteur": {"href": "", "value": "Andrew.bell", "timestamp": 0}, "Heure": {"href": "", "value": "", "timestamp": 1643315283}}}, {"title": "", "media_map_data": {}, "string_map_data": {"Auteur": {"href": "", "value": "Todd.robinson", "timestamp": 0}, "Heure": {"href": "", "value": "", "timestamp": 1634769903}}}, {"title": "", "media_map_data": {}, "string_map_data": {"Auteur": {"href": "", "value": "Charles.wilson", "timestamp": 0}, "Heure": {"href": "", "value": "", "timestamp": 1553504245}}}, {"title": "", "media_map_data": {}, "string_map_data": {"Auteur": {"href": "", "value": "Manuel.evans", "timestamp": 0}, "Heure": {"href": "", "value": "", "timestamp": 1654809676}}}, {"title": "", "media_map_data": {}, "string_map_data": {"Auteur": {"href": "", "value": "Rachel.simpson", "timestamp": 0}, "Heure": {"href": "", "value": "", "timestamp": 1613509200}}}, {"title": "", "media_map_data": {}, "string_map_data": {"Auteur": {"href": "", "value": "Johnathan.reynolds", "timestamp": 0}, "Heure": {"href": "", "value": "", "timestamp": 1634995569}}}, {"title": "", "media_map_data": {}, "string_map_data": {"Auteur": {"href": "", "value": "Michelle.walker", "timestamp": 0}, "Heure": {"href": "", "value": "", "timestamp": 1637053044}}}, {"title": "", "media_map_data": {}, "string_map_data": {"Auteur": {"href": "", "value": "Katherine.roman", "timestamp": 0}, "Heure": {"href": "", "value": "", "timestamp": 1599368475}}}, {"title": "", "media_map_data": {}, "string_map_data": {"Auteur": {"href": "", "value": "Ryan.daniels", "timestamp": 0}, "Heure": {"href": "", "value": "", "timestamp": 1535512837}}}, {"title": "", "media_map_data": {}, "string_map_data": {"Auteur": {"href": "", "value": "Matthew.scott", "timestamp": 0}, "Heure": {"href": "", "value": "", "timestamp": 1565017103}}}, {"title": "", "media_map_data": {}, "string_map_data": {"Auteur": {"href": "", "value": "Christopher.bowen", "timestamp": 0}, "Heure": {"href": "", "value": "", "timestamp": 1546004749}}}, {"title": "", "media_map_data": {}, "string_map_data": {"Auteur": {"href": "", "value": "Rebecca.cline", "timestamp": 0}, "Heure": {"href": "", "value": "", "timestamp": 1532563620}}}, {"title": "", "media_map_data": {}, "string_map_data": {"Auteur": {"href": "", "value": "Mason.santiago", "timestamp": 0}, "Heure": {"href": "", "value": "", "timestamp": 1545821426}}}, {"title": "", "media_map_data": {}, "string_map_data": {"Auteur": {"href": "", "value": "Roger.williamson", "timestamp": 0}, "Heure": {"href": "", "value": "", "timestamp": 1644228915}}}, {"title": "", "media_map_data": {}, "string_map_data": {"Auteur": {"href": "", "value": "Amanda.miller", "timestamp": 0}, "Heure": {"href": "", "value": "", "timestamp": 1518137717}}}, {"title": "", "media_map_data": {}, "string_map_data": {"Auteur": {"href": "", "value": "George.barker", "timestamp": 0}, "Heure": {"href": "", "value": "", "timestamp": 1538002789}}}, {"title": "", "media_map_data": {}, "string_map_data": {"Auteur": {"href": "", "value": "Kenneth.murillo", "timestamp": 0}, "Heure": {"href": "", "value": "", "timestamp": 1598556730}}}, {"title": "", "media_map_data": {}, "string_map_data": {"Auteur": {"href": "", "value": "Cynthia.butler", "timestamp": 0}, "Heure": {"href": "", "value": "", "timestamp": 1658157628}}}, {"title": "", "media_map_data": {}, "string_map_data": {"Auteur": {"href": "", "value": "Jason.nelson", "timestamp": 0}, "Heure": {"href": "", "value": "", "timestamp": 1661690221}}}, {"title": "", "media_map_data": {}, "string_map_data": {"Auteur": {"href": "", "value": "Melissa.richardson", "timestamp": 0}, "Heure": {"href": "", "value": "", "timestamp": 1650950519}}}, {"title": "", "media_map_data": {}, "string_map_data": {"Auteur": {"href": "", "value": "Amy.sutton", "timestamp": 0}, "Heure": {"href": "", "value": "", "timestamp": 1578232880}}}, {"title": "", "media_map_data": {}, "string_map_data": {"Auteur": {"href": "", "value": "Tracy.nguyen", "timestamp": 0}, "Heure": {"href": "", "value": "", "timestamp": 1550125804}}}, {"title": "", "media_map_data": {}, "string_map_data": {"Auteur": {"href": "", "value": "Juan.perez", "timestamp": 0}, "Heure": {"href": "", "value": "", "timestamp": 1613237463}}}, {"title": "", "media_map_data": {}, "string_map_data": {"Auteur": {"href": "", "value": "Trevor.chavez", "timestamp": 0}, "Heure": {"href": "", "value": "", "timestamp": 1631304985}}}, {"title": "", "media_map_data": {}, "string_map_data": {"Auteur": {"href": "", "value": "Caitlyn.griffin", "timestamp": 0}, "Heure": {"href": "", "value": "", "timestamp": 1512986515}}}, {"title": "", "media_map_data": {}, "string_map_data": {"Auteur": {"href": "", "value": "Steven.barnes", "timestamp": 0}, "Heure": {"href": "", "value": "", "timestamp": 1532544435}}}, {"title": "", "media_map_data": {}, "string_map_data": {"Auteur": {"href": "", "value": "Connie.caldwell", "timestamp": 0}, "Heure": {"href": "", "value": "", "timestamp": 1598521399}}}, {"title": "", "media_map_data": {}, "string_map_data": {"Auteur": {"href": "", "value": "William.rhodes", "timestamp": 0}, "Heure": {"href": "", "value": "", "timestamp": 1632478415}}}, {"title": "", "media_map_data": {}, "string_map_data": {"Auteur": {"href": "", "value": "Stephanie.pierce", "timestamp": 0}, "Heure": {"href": "", "value": "", "timestamp": 1513012011}}}, {"title": "", "media_map_data": {}, "string_map_data": {"Auteur": {"href": "", "value": "Susan.hensley", "timestamp": 0}, "Heure": {"href": "", "value": "", "timestamp": 1577440444}}}, {"title": "", "media_map_data": {}, "string_map_data": {"Auteur": {"href": "", "value": "Mallory.freeman", "timestamp": 0}, "Heure": {"href": "", "value": "", "timestamp": 1667499154}}}, {"title": "", "media_map_data": {}, "string_map_data": {"Auteur": {"href": "", "value": "Alexander.rivas", "timestamp": 0}, "Heure": {"href": "", "value": "", "timestamp": 1518114270}}}, {"title": "", "media_map_data": {}, "string_map_data": {"Auteur": {"href": "", "value": "Dustin.nelson", "timestamp": 0}, "Heure": {"href": "", "value": "", "timestamp": 1633642777}}}, {"title": "", "media_map_data": {}, "string_map_data": {"Auteur": {"href": "", "value": "Beth.warren", "timestamp": 0}, "Heure": {"href": "", "value": "", "timestamp": 1637211612}}}, {"title": "", "media_map_data": {}, "string_map_data": {"Auteur": {"href": "", "value": "Matthew.davis", "timestamp": 0}, "Heure": {"href": "", "value": "", "timestamp": 1591629012}}}, {"title": "", "media_map_data": {}, "string_map_data": {"Auteur": {"href": "", "value": "Beth.meyer", "timestamp": 0}, "Heure": {"href": "", "value": "", "timestamp": 1600356217}}}, {"title": "", "media_map_data": {}, "string_map_data": {"Auteur": {"href": "", "value": "Caitlin.hanson", "timestamp": 0}, "Heure": {"href": "", "value": "", "timestamp": 1555119350}}}, {"title": "", "media_map_data": {}, "string_map_data": {"Auteur": {"href": "", "value": "Michele.ochoa", "timestamp": 0}, "Heure": {"href": "", "value": "", "timestamp": 1599948705}}}, {"title": "", "media_map_data": {}, "string_map_data": {"Auteur": {"href": "", "value": "Chad.freeman", "timestamp": 0}, "Heure": {"href": "", "value": "", "timestamp": 1665427736}}}, {"title": "", "media_map_data": {}, "string_map_data": {"Auteur": {"href": "", "value": "Patrick.hansen", "timestamp": 0}, "Heure": {"href": "", "value": "", "timestamp": 1659884467}}}, {"title": "", "media_map_data": {}, "string_map_data": {"Auteur": {"href": "", "value": "Cassandra.burke", "timestamp": 0}, "Heure": {"href": "", "value": "", "timestamp": 1623936737}}}, {"title": "", "media_map_data": {}, "string_map_data": {"Auteur": {"href": "", "value": "Robert.gomez", "timestamp": 0}, "Heure": {"href": "", "value": "", "timestamp": 1558289134}}}, {"title": "", "media_map_data": {}, "string_map_data": {"Auteur": {"href": "", "value": "David.roberts", "timestamp": 0}, "Heure": {"href": "", "value": "", "timestamp": 1510549181}}}, {"title": "", "media_map_data": {}, "string_map_data": {"Auteur": {"href": "", "value": "Laura.lopez", "timestamp": 0}, "Heure": {"href": "", "value": "", "timestamp": 1631006730}}}, {"title": "", "media_map_data": {}, "string_map_data": {"Auteur": {"href": "", "value": "Robert.scott", "timestamp": 0}, "Heure": {"href": "", "value": "", "timestamp": 1610317811}}}, {"title": "", "media_map_data": {}, "string_map_data": {"Auteur": {"href": "", "value": "David.cox", "timestamp": 0}, "Heure": {"href": "", "value": "", "timestamp": 1659185907}}}, {"title": "", "media_map_data": {}, "string_map_data": {"Auteur": {"href": "", "value": "Brian.weaver", "timestamp": 0}, "Heure": {"href": "", "value": "", "timestamp": 1663560122}}}, {"title": "", "media_map_data": {}, "string_map_data": {"Auteur": {"href": "", "value": "Katherine.simpson", "timestamp": 0}, "Heure": {"href": "", "value": "", "timestamp": 1632484435}}}, {"title": "", "media_map_data": {}, "string_map_data": {"Auteur": {"href": "", "value": "Vanessa.wilson", "timestamp": 0}, "Heure": {"href": "", "value": "", "timestamp": 1532899220}}}, {"title": "", "media_map_data": {}, "string_map_data": {"Auteur": {"href": "", "value": "Dakota.norman", "timestamp": 0}, "Heure": {"href": "", "value": "", "timestamp": 1558382647}}}, {"title": "", "media_map_data": {}, "string_map_data": {"Auteur": {"href": "", "value": "Joseph.gentry", "timestamp": 0}, "Heure": {"href": "", "value": "", "timestamp": 1604347141}}}, {"title": "", "media_map_data": {}, "string_map_data": {"Auteur": {"href": "", "value": "Kathy.payne", "timestamp": 0}, "Heure": {"href": "", "value": "", "timestamp": 1516349531}}}, {"title": "", "media_map_data": {}, "string_map_data": {"Auteur": {"href": "", "value": "Trevor.lowery", "timestamp": 0}, "Heure": {"href": "", "value": "", "timestamp": 1519846105}}}, {"title": "", "media_map_data": {}, "string_map_data": {"Auteur": {"href": "", "value": "Andrew.chavez", "timestamp": 0}, "Heure": {"href": "", "value": "", "timestamp": 1579306432}}}, {"title": "", "media_map_data": {}, "string_map_data": {"Auteur": {"href": "", "value": "Tanya.harris", "timestamp": 0}, "Heure": {"href": "", "value": "", "timestamp": 1549348425}}}, {"title": "", "media_map_data": {}, "string_map_data": {"Auteur": {"href": "", "value": "Amy.morales", "timestamp": 0}, "Heure": {"href": "", "value": "", "timestamp": 1613262305}}}, {"title": "", "media_map_data": {}, "string_map_data": {"Auteur": {"href": "", "value": "Dennis.long", "timestamp": 0}, "Heure": {"href": "", "value": "", "timestamp": 1548640453}}}, {"title": "", "media_map_data": {}, "string_map_data": {"Auteur": {"href": "", "value": "Jennifer.wilson", "timestamp": 0}, "Heure": {"href": "", "value": "", "timestamp": 1620188509}}}, {"title": "", "media_map_data": {}, "string_map_data": {"Auteur": {"href": "", "value": "David.moore", "timestamp": 0}, "Heure": {"href": "", "value": "", "timestamp": 1510133293}}}, {"title": "", "media_map_data": {}, "string_map_data": {"Auteur": {"href": "", "value": "Gregory.black", "timestamp": 0}, "Heure": {"href": "", "value": "", "timestamp": 1635619858}}}, {"title": "", "media_map_data": {}, "string_map_data": {"Auteur": {"href": "", "value": "Darryl.underwood", "timestamp": 0}, "Heure": {"href": "", "value": "", "timestamp": 1604525563}}}, {"title": "", "media_map_data": {}, "string_map_data": {"Auteur": {"href": "", "value": "Gabriel.willis", "timestamp": 0}, "Heure": {"href": "", "value": "", "timestamp": 1618425373}}}, {"title": "", "media_map_data": {}, "string_map_data": {"Auteur": {"href": "", "value": "Jennifer.johnson", "timestamp": 0}, "Heure": {"href": "", "value": "", "timestamp": 1626956729}}}, {"title": "", "media_map_data": {}, "string_map_data": {"Auteur": {"href": "", "value": "Dawn.ferguson", "timestamp": 0}, "Heure": {"href": "", "value": "", "timestamp": 1610524873}}}, {"title": "", "media_map_data": {}, "string_map_data": {"Auteur": {"href": "", "value": "Andrew.joyce", "timestamp": 0}, "Heure": {"href": "", "value": "", "timestamp": 1629704530}}}, {"title": "", "media_map_data": {}, "string_map_data": {"Auteur": {"href": "", "value": "Frances.johnson", "timestamp": 0}, "Heure": {"href": "", "value": "", "timestamp": 1631154683}}}, {"title": "", "media_map_data": {}, "string_map_data": {"Auteur": {"href": "", "value": "Tina.hoover", "timestamp": 0}, "Heure": {"href": "", "value": "", "timestamp": 1554840594}}}, {"title": "", "media_map_data": {}, "string_map_data": {"Auteur": {"href": "", "value": "Kenneth.garner", "timestamp": 0}, "Heure": {"href": "", "value": "", "timestamp": 1525096562}}}, {"title": "", "media_map_data": {}, "string_map_data": {"Auteur": {"href": "", "value": "Ronald.smith", "timestamp": 0}, "Heure": {"href": "", "value": "", "timestamp": 1612183480}}}, {"title": "", "media_map_data": {}, "string_map_data": {"Auteur": {"href": "", "value": "Jeffrey.dalton", "timestamp": 0}, "Heure": {"href": "", "value": "", "timestamp": 1536449707}}}, {"title": "", "media_map_data": {}, "string_map_data": {"Auteur": {"href": "", "value": "Gary.gibson", "timestamp": 0}, "Heure": {"href": "", "value": "", "timestamp": 1555972213}}}, {"title": "", "media_map_data": {}, "string_map_data": {"Auteur": {"href": "", "value": "Katie.bishop", "timestamp": 0}, "Heure": {"href": "", "value": "", "timestamp": 1568097298}}}, {"title": "", "media_map_data": {}, "string_map_data": {"Auteur": {"href": "", "value": "Suzanne.mccoy", "timestamp": 0}, "Heure": {"href": "", "value": "", "timestamp": 1579585746}}}, {"title": "", "media_map_data": {}, "string_map_data": {"Auteur": {"href": "", "value": "Andrew.conway", "timestamp": 0}, "Heure": {"href": "", "value": "", "timestamp": 1599567679}}}, {"title": "", "media_map_data": {}, "string_map_data": {"Auteur": {"href": "", "value": "Alexandra.young", "timestamp": 0}, "Heure": {"href": "", "value": "", "timestamp": 1619039214}}}, {"title": "", "media_map_data": {}, "string_map_data": {"Auteur": {"href": "", "value": "Ariana.gardner", "timestamp": 0}, "Heure": {"href": "", "value": "", "timestamp": 1560791214}}}, {"title": "", "media_map_data": {}, "string_map_data": {"Auteur": {"href": "", "value": "Katrina.owens", "timestamp": 0}, "Heure": {"href": "", "value": "", "timestamp": 1525375850}}}, {"title": "", "media_map_data": {}, "string_map_data": {"Auteur": {"href": "", "value": "Pamela.christensen", "timestamp": 0}, "Heure": {"href": "", "value": "", "timestamp": 1662952183}}}, {"title": "", "media_map_data": {}, "string_map_data": {"Auteur": {"href": "", "value": "Joseph.durham", "timestamp": 0}, "Heure": {"href": "", "value": "", "timestamp": 1650023336}}}, {"title": "", "media_map_data": {}, "string_map_data": {"Auteur": {"href": "", "value": "Timothy.carter", "timestamp": 0}, "Heure": {"href": "", "value": "", "timestamp": 1642224344}}}, {"title": "", "media_map_data": {}, "string_map_data": {"Auteur": {"href": "", "value": "Mark.friedman", "timestamp": 0}, "Heure": {"href": "", "value": "", "timestamp": 1515651896}}}, {"title": "", "media_map_data": {}, "string_map_data": {"Auteur": {"href": "", "value": "Anthony.contreras", "timestamp": 0}, "Heure": {"href": "", "value": "", "timestamp": 1560596041}}}, {"title": "", "media_map_data": {}, "string_map_data": {"Auteur": {"href": "", "value": "Peter.shaffer", "timestamp": 0}, "Heure": {"href": "", "value": "", "timestamp": 1592869909}}}, {"title": "", "media_map_data": {}, "string_map_data": {"Auteur": {"href": "", "value": "Diane.johnson", "timestamp": 0}, "Heure": {"href": "", "value": "", "timestamp": 1539351267}}}, {"title": "", "media_map_data": {}, "string_map_data": {"Auteur": {"href": "", "value": "Brian.cunningham", "timestamp": 0}, "Heure": {"href": "", "value": "", "timestamp": 1536041218}}}, {"title": "", "media_map_data": {}, "string_map_data": {"Auteur": {"href": "", "value": "Kevin.noble", "timestamp": 0}, "Heure": {"href": "", "value": "", "timestamp": 1652265510}}}, {"title": "", "media_map_data": {}, "string_map_data": {"Auteur": {"href": "", "value": "Amanda.ayala", "timestamp": 0}, "Heure": {"href": "", "value": "", "timestamp": 1656038649}}}, {"title": "", "media_map_data": {}, "string_map_data": {"Auteur": {"href": "", "value": "Carrie.smith", "timestamp": 0}, "Heure": {"href": "", "value": "", "timestamp": 1562357960}}}, {"title": "", "media_map_data": {}, "string_map_data": {"Auteur": {"href": "", "value": "Kristin.hunter", "timestamp": 0}, "Heure": {"href": "", "value": "", "timestamp": 1513242091}}}, {"title": "", "media_map_data": {}, "string_map_data": {"Auteur": {"href": "", "value": "Michelle.chang", "timestamp": 0}, "Heure": {"href": "", "value": "", "timestamp": 1627273098}}}, {"title": "", "media_map_data": {}, "string_map_data": {"Auteur": {"href": "", "value": "Matthew.tyler", "timestamp": 0}, "Heure": {"href": "", "value": "", "timestamp": 1578525940}}}, {"title": "", "media_map_data": {}, "string_map_data": {"Auteur": {"href": "", "value": "William.brock", "timestamp": 0}, "Heure": {"href": "", "value": "", "timestamp": 1625915749}}}, {"title": "", "media_map_data": {}, "string_map_data": {"Auteur": {"href": "", "value": "Kyle.moore", "timestamp": 0}, "Heure": {"href": "", "value": "", "timestamp": 1529983610}}}, {"title": "", "media_map_data": {}, "string_map_data": {"Auteur": {"href": "", "value": "David.tran", "timestamp": 0}, "Heure": {"href": "", "value": "", "timestamp": 1638417732}}}, {"title": "", "media_map_data": {}, "string_map_data": {"Auteur": {"href": "", "value": "David.clark", "timestamp": 0}, "Heure": {"href": "", "value": "", "timestamp": 1564719182}}}, {"title": "", "media_map_data": {}, "string_map_data": {"Auteur": {"href": "", "value": "Jenna.phillips", "timestamp": 0}, "Heure": {"href": "", "value": "", "timestamp": 1652769765}}}, {"title": "", "media_map_data": {}, "string_map_data": {"Auteur": {"href": "", "value": "Robert.morris", "timestamp": 0}, "Heure": {"href": "", "value": "", "timestamp": 1659852212}}}, {"title": "", "media_map_data": {}, "string_map_data": {"Auteur": {"href": "", "value": "Jillian.patterson", "timestamp": 0}, "Heure": {"href": "", "value": "", "timestamp": 1652463027}}}, {"title": "", "media_map_data": {}, "string_map_data": {"Auteur": {"href": "", "value": "Amanda.perry", "timestamp": 0}, "Heure": {"href": "", "value": "", "timestamp": 1570819298}}}, {"title": "", "media_map_data": {}, "string_map_data": {"Auteur": {"href": "", "value": "Kimberly.logan", "timestamp": 0}, "Heure": {"href": "", "value": "", "timestamp": 1532428612}}}, {"title": "", "media_map_data": {}, "string_map_data": {"Auteur": {"href": "", "value": "Natalie.osborn", "timestamp": 0}, "Heure": {"href": "", "value": "", "timestamp": 1615390348}}}, {"title": "", "media_map_data": {}, "string_map_data": {"Auteur": {"href": "", "value": "Craig.lewis", "timestamp": 0}, "Heure": {"href": "", "value": "", "timestamp": 1510629492}}}, {"title": "", "media_map_data": {}, "string_map_data": {"Auteur": {"href": "", "value": "Jason.ramirez", "timestamp": 0}, "Heure": {"href": "", "value": "", "timestamp": 1599295284}}}, {"title": "", "media_map_data": {}, "string_map_data": {"Auteur": {"href": "", "value": "Eric.hale", "timestamp": 0}, "Heure": {"href": "", "value": "", "timestamp": 1600608369}}}, {"title": "", "media_map_data": {}, "string_map_data": {"Auteur": {"href": "", "value": "Barbara.patterson", "timestamp": 0}, "Heure": {"href": "", "value": "", "timestamp": 1533537369}}}, {"title": "", "media_map_data": {}, "string_map_data": {"Auteur": {"href": "", "value": "Jason.owens", "timestamp": 0}, "Heure": {"href": "", "value": "", "timestamp": 1597461638}}}, {"title": "", "media_map_data": {}, "string_map_data": {"Auteur": {"href": "", "value": "Michael.shaw", "timestamp": 0}, "Heure": {"href": "", "value": "", "timestamp": 1526659679}}}, {"title": "", "media_map_data": {}, "string_map_data": {"Auteur": {"href": "", "value": "Samantha.long", "timestamp": 0}, "Heure": {"href": "", "value": "", "timestamp": 1572238613}}}, {"title": "", "media_map_data": {}, "string_map_data": {"Auteur": {"href": "", "value": "John.hernandez", "timestamp": 0}, "Heure": {"href": "", "value": "", "timestamp": 1550921864}}}, {"title": "", "media_map_data": {}, "string_map_data": {"Auteur": {"href": "", "value": "Martin.sparks", "timestamp": 0}, "Heure": {"href": "", "value": "", "timestamp": 1656464551}}}, {"title": "", "media_map_data": {}, "string_map_data": {"Auteur": {"href": "", "value": "Andrew.downs", "timestamp": 0}, "Heure": {"href": "", "value": "", "timestamp": 1583000204}}}, {"title": "", "media_map_data": {}, "string_map_data": {"Auteur": {"href": "", "value": "Tamara.watson", "timestamp": 0}, "Heure": {"href": "", "value": "", "timestamp": 1561562953}}}, {"title": "", "media_map_data": {}, "string_map_data": {"Auteur": {"href": "", "value": "Matthew.boyer", "timestamp": 0}, "Heure": {"href": "", "value": "", "timestamp": 1601284709}}}, {"title": "", "media_map_data": {}, "string_map_data": {"Auteur": {"href": "", "value": "Melissa.andersen", "timestamp": 0}, "Heure": {"href": "", "value": "", "timestamp": 1516385867}}}, {"title": "", "media_map_data": {}, "string_map_data": {"Auteur": {"href": "", "value": "Katherine.nicholson", "timestamp": 0}, "Heure": {"href": "", "value": "", "timestamp": 1546648023}}}, {"title": "", "media_map_data": {}, "string_map_data": {"Auteur": {"href": "", "value": "Stephanie.walters", "timestamp": 0}, "Heure": {"href": "", "value": "", "timestamp": 1628183321}}}, {"title": "", "media_map_data": {}, "string_map_data": {"Auteur": {"href": "", "value": "Christopher.mcdaniel", "timestamp": 0}, "Heure": {"href": "", "value": "", "timestamp": 1614910602}}}, {"title": "", "media_map_data": {}, "string_map_data": {"Auteur": {"href": "", "value": "Emily.simpson", "timestamp": 0}, "Heure": {"href": "", "value": "", "timestamp": 1628744520}}}, {"title": "", "media_map_data": {}, "string_map_data": {"Auteur": {"href": "", "value": "Blake.santos", "timestamp": 0}, "Heure": {"href": "", "value": "", "timestamp": 1515895240}}}, {"title": "", "media_map_data": {}, "string_map_data": {"Auteur": {"href": "", "value": "Richard.grant", "timestamp": 0}, "Heure": {"href": "", "value": "", "timestamp": 1557102618}}}, {"title": "", "media_map_data": {}, "string_map_data": {"Auteur": {"href": "", "value": "Michelle.delgado", "timestamp": 0}, "Heure": {"href": "", "value": "", "timestamp": 1607707191}}}, {"title": "", "media_map_data": {}, "string_map_data": {"Auteur": {"href": "", "value": "Suzanne.parker", "timestamp": 0}, "Heure": {"href": "", "value": "", "timestamp": 1516854710}}}, {"title": "", "media_map_data": {}, "string_map_data": {"Auteur": {"href": "", "value": "Scott.williams", "timestamp": 0}, "Heure": {"href": "", "value": "", "timestamp": 1540911623}}}, {"title": "", "media_map_data": {}, "string_map_data": {"Auteur": {"href": "", "value": "Michael.white", "timestamp": 0}, "Heure": {"href": "", "value": "", "timestamp": 1517088413}}}, {"title": "", "media_map_data": {}, "string_map_data": {"Auteur": {"href": "", "value": "Kathryn.sanchez", "timestamp": 0}, "Heure": {"href": "", "value": "", "timestamp": 1619355463}}}, {"title": "", "media_map_data": {}, "string_map_data": {"Auteur": {"href": "", "value": "Michelle.miller", "timestamp": 0}, "Heure": {"href": "", "value": "", "timestamp": 1601140992}}}, {"title": "", "media_map_data": {}, "string_map_data": {"Auteur": {"href": "", "value": "Stephen.lewis", "timestamp": 0}, "Heure": {"href": "", "value": "", "timestamp": 1543616427}}}, {"title": "", "media_map_data": {}, "string_map_data": {"Auteur": {"href": "", "value": "Shelby.fernandez", "timestamp": 0}, "Heure": {"href": "", "value": "", "timestamp": 1607193216}}}, {"title": "", "media_map_data": {}, "string_map_data": {"Auteur": {"href": "", "value": "James.ruiz", "timestamp": 0}, "Heure": {"href": "", "value": "", "timestamp": 1610896215}}}, {"title": "", "media_map_data": {}, "string_map_data": {"Auteur": {"href": "", "value": "Phillip.cooke", "timestamp": 0}, "Heure": {"href": "", "value": "", "timestamp": 1533853559}}}, {"title": "", "media_map_data": {}, "string_map_data": {"Auteur": {"href": "", "value": "Lisa.fuentes", "timestamp": 0}, "Heure": {"href": "", "value": "", "timestamp": 1608736604}}}, {"title": "", "media_map_data": {}, "string_map_data": {"Auteur": {"href": "", "value": "Nathan.martin", "timestamp": 0}, "Heure": {"href": "", "value": "", "timestamp": 1522557339}}}, {"title": "", "media_map_data": {}, "string_map_data": {"Auteur": {"href": "", "value": "Marissa.beard", "timestamp": 0}, "Heure": {"href": "", "value": "", "timestamp": 1513912834}}}, {"title": "", "media_map_data": {}, "string_map_data": {"Auteur": {"href": "", "value": "Joy.brown", "timestamp": 0}, "Heure": {"href": "", "value": "", "timestamp": 1624326437}}}, {"title": "", "media_map_data": {}, "string_map_data": {"Auteur": {"href": "", "value": "Mary.chapman", "timestamp": 0}, "Heure": {"href": "", "value": "", "timestamp": 1611669997}}}, {"title": "", "media_map_data": {}, "string_map_data": {"Auteur": {"href": "", "value": "Dennis.newton", "timestamp": 0}, "Heure": {"href": "", "value": "", "timestamp": 1597222428}}}, {"title": "", "media_map_data": {}, "string_map_data": {"Auteur": {"href": "", "value": "Paul.collins", "timestamp": 0}, "Heure": {"href": "", "value": "", "timestamp": 1512445656}}}, {"title": "", "media_map_data": {}, "string_map_data": {"Auteur": {"href": "", "value": "Andrew.flynn", "timestamp": 0}, "Heure": {"href": "", "value": "", "timestamp": 1623067330}}}, {"title": "", "media_map_data": {}, "string_map_data": {"Auteur": {"href": "", "value": "Sarah.coleman", "timestamp": 0}, "Heure": {"href": "", "value": "", "timestamp": 1614796008}}}, {"title": "", "media_map_data": {}, "string_map_data": {"Auteur": {"href": "", "value": "Johnny.randall", "timestamp": 0}, "Heure": {"href": "", "value": "", "timestamp": 1595961199}}}, {"title": "", "media_map_data": {}, "string_map_data": {"Auteur": {"href": "", "value": "Jesse.smith", "timestamp": 0}, "Heure": {"href": "", "value": "", "timestamp": 1583496025}}}, {"title": "", "media_map_data": {}, "string_map_data": {"Auteur": {"href": "", "value": "Susan.avery", "timestamp": 0}, "Heure": {"href": "", "value": "", "timestamp": 1580244760}}}, {"title": "", "media_map_data": {}, "string_map_data": {"Auteur": {"href": "", "value": "Corey.hale", "timestamp": 0}, "Heure": {"href": "", "value": "", "timestamp": 1542444333}}}, {"title": "", "media_map_data": {}, "string_map_data": {"Auteur": {"href": "", "value": "Erik.mitchell", "timestamp": 0}, "Heure": {"href": "", "value": "", "timestamp": 1655422800}}}, {"title": "", "media_map_data": {}, "string_map_data": {"Auteur": {"href": "", "value": "Patrick.lewis", "timestamp": 0}, "Heure": {"href": "", "value": "", "timestamp": 1516129217}}}, {"title": "", "media_map_data": {}, "string_map_data": {"Auteur": {"href": "", "value": "Melissa.figueroa", "timestamp": 0}, "Heure": {"href": "", "value": "", "timestamp": 1635889322}}}, {"title": "", "media_map_data": {}, "string_map_data": {"Auteur": {"href": "", "value": "James.wood", "timestamp": 0}, "Heure": {"href": "", "value": "", "timestamp": 1549953624}}}, {"title": "", "media_map_data": {}, "string_map_data": {"Auteur": {"href": "", "value": "Renee.wright", "timestamp": 0}, "Heure": {"href": "", "value": "", "timestamp": 1598296053}}}, {"title": "", "media_map_data": {}, "string_map_data": {"Auteur": {"href": "", "value": "Megan.rogers", "timestamp": 0}, "Heure": {"href": "", "value": "", "timestamp": 1633344738}}}, {"title": "", "media_map_data": {}, "string_map_data": {"Auteur": {"href": "", "value": "Angela.allen", "timestamp": 0}, "Heure": {"href": "", "value": "", "timestamp": 1599362197}}}, {"title": "", "media_map_data": {}, "string_map_data": {"Auteur": {"href": "", "value": "John.lam", "timestamp": 0}, "Heure": {"href": "", "value": "", "timestamp": 1525352204}}}, {"title": "", "media_map_data": {}, "string_map_data": {"Auteur": {"href": "", "value": "Rebecca.tran", "timestamp": 0}, "Heure": {"href": "", "value": "", "timestamp": 1514352800}}}, {"title": "", "media_map_data": {}, "string_map_data": {"Auteur": {"href": "", "value": "Mary.henson", "timestamp": 0}, "Heure": {"href": "", "value": "", "timestamp": 1587982384}}}, {"title": "", "media_map_data": {}, "string_map_data": {"Auteur": {"href": "", "value": "Sierra.escobar", "timestamp": 0}, "Heure": {"href": "", "value": "", "timestamp": 1547045288}}}, {"title": "", "media_map_data": {}, "string_map_data": {"Auteur": {"href": "", "value": "Jay.bailey", "timestamp": 0}, "Heure": {"href": "", "value": "", "timestamp": 1659201559}}}, {"title": "", "media_map_data": {}, "string_map_data": {"Auteur": {"href": "", "value": "Thomas.garcia", "timestamp": 0}, "Heure": {"href": "", "value": "", "timestamp": 1563457710}}}, {"title": "", "media_map_data": {}, "string_map_data": {"Auteur": {"href": "", "value": "Monica.sloan", "timestamp": 0}, "Heure": {"href": "", "value": "", "timestamp": 1570259457}}}, {"title": "", "media_map_data": {}, "string_map_data": {"Auteur": {"href": "", "value": "Michael.camacho", "timestamp": 0}, "Heure": {"href": "", "value": "", "timestamp": 1577554826}}}, {"title": "", "media_map_data": {}, "string_map_data": {"Auteur": {"href": "", "value": "Andre.vargas", "timestamp": 0}, "Heure": {"href": "", "value": "", "timestamp": 1532136279}}}, {"title": "", "media_map_data": {}, "string_map_data": {"Auteur": {"href": "", "value": "Kathleen.stanley", "timestamp": 0}, "Heure": {"href": "", "value": "", "timestamp": 1582158681}}}, {"title": "", "media_map_data": {}, "string_map_data": {"Auteur": {"href": "", "value": "Ronald.horton", "timestamp": 0}, "Heure": {"href": "", "value": "", "timestamp": 1628702890}}}, {"title": "", "media_map_data": {}, "string_map_data": {"Auteur": {"href": "", "value": "Ashley.myers", "timestamp": 0}, "Heure": {"href": "", "value": "", "timestamp": 1607646308}}}, {"title": "", "media_map_data": {}, "string_map_data": {"Auteur": {"href": "", "value": "Lee.turner", "timestamp": 0}, "Heure": {"href": "", "value": "", "timestamp": 1632800295}}}, {"title": "", "media_map_data": {}, "string_map_data": {"Auteur": {"href": "", "value": "Christina.robinson", "timestamp": 0}, "Heure": {"href": "", "value": "", "timestamp": 1645676089}}}, {"title": "", "media_map_data": {}, "string_map_data": {"Auteur": {"href": "", "value": "Bradley.taylor", "timestamp": 0}, "Heure": {"href": "", "value": "", "timestamp": 1558953498}}}, {"title": "", "media_map_data": {}, "string_map_data": {"Auteur": {"href": "", "value": "Sherri.lowery", "timestamp": 0}, "Heure": {"href": "", "value": "", "timestamp": 1617878928}}}, {"title": "", "media_map_data": {}, "string_map_data": {"Auteur": {"href": "", "value": "Chase.mclaughlin", "timestamp": 0}, "Heure": {"href": "", "value": "", "timestamp": 1555432241}}}, {"title": "", "media_map_data": {}, "string_map_data": {"Auteur": {"href": "", "value": "Tracy.stevens", "timestamp": 0}, "Heure": {"href": "", "value": "", "timestamp": 1646839393}}}, {"title": "", "media_map_data": {}, "string_map_data": {"Auteur": {"href": "", "value": "Jason.ballard", "timestamp": 0}, "Heure": {"href": "", "value": "", "timestamp": 1569013644}}}, {"title": "", "media_map_data": {}, "string_map_data": {"Auteur": {"href": "", "value": "Ricardo.green", "timestamp": 0}, "Heure": {"href": "", "value": "", "timestamp": 1664742404}}}, {"title": "", "media_map_data": {}, "string_map_data": {"Auteur": {"href": "", "value": "Erin.warren", "timestamp": 0}, "Heure": {"href": "", "value": "", "timestamp": 1608322861}}}, {"title": "", "media_map_data": {}, "string_map_data": {"Auteur": {"href": "", "value": "Jacob.murphy", "timestamp": 0}, "Heure": {"href": "", "value": "", "timestamp": 1638134417}}}, {"title": "", "media_map_data": {}, "string_map_data": {"Auteur": {"href": "", "value": "Alexander.peterson", "timestamp": 0}, "Heure": {"href": "", "value": "", "timestamp": 1608068017}}}, {"title": "", "media_map_data": {}, "string_map_data": {"Auteur": {"href": "", "value": "Noah.williams", "timestamp": 0}, "Heure": {"href": "", "value": "", "timestamp": 1603430192}}}, {"title": "", "media_map_data": {}, "string_map_data": {"Auteur": {"href": "", "value": "Andrew.ray", "timestamp": 0}, "Heure": {"href": "", "value": "", "timestamp": 1613970075}}}, {"title": "", "media_map_data": {}, "string_map_data": {"Auteur": {"href": "", "value": "Victoria.taylor", "timestamp": 0}, "Heure": {"href": "", "value": "", "timestamp": 1516206773}}}, {"title": "", "media_map_data": {}, "string_map_data": {"Auteur": {"href": "", "value": "Christina.martin", "timestamp": 0}, "Heure": {"href": "", "value": "", "timestamp": 1560317980}}}, {"title": "", "media_map_data": {}, "string_map_data": {"Auteur": {"href": "", "value": "Erin.jones", "timestamp": 0}, "Heure": {"href": "", "value": "", "timestamp": 1654739292}}}, {"title": "", "media_map_data": {}, "string_map_data": {"Auteur": {"href": "", "value": "Caroline.campbell", "timestamp": 0}, "Heure": {"href": "", "value": "", "timestamp": 1565015395}}}, {"title": "", "media_map_data": {}, "string_map_data": {"Auteur": {"href": "", "value": "Kelly.beard", "timestamp": 0}, "Heure": {"href": "", "value": "", "timestamp": 1522428261}}}, {"title": "", "media_map_data": {}, "string_map_data": {"Auteur": {"href": "", "value": "Chase.riley", "timestamp": 0}, "Heure": {"href": "", "value": "", "timestamp": 1592297102}}}, {"title": "", "media_map_data": {}, "string_map_data": {"Auteur": {"href": "", "value": "Christine.mason", "timestamp": 0}, "Heure": {"href": "", "value": "", "timestamp": 1523209401}}}, {"title": "", "media_map_data": {}, "string_map_data": {"Auteur": {"href": "", "value": "Angela.patton", "timestamp": 0}, "Heure": {"href": "", "value": "", "timestamp": 1624096093}}}, {"title": "", "media_map_data": {}, "string_map_data": {"Auteur": {"href": "", "value": "Charles.vance", "timestamp": 0}, "Heure": {"href": "", "value": "", "timestamp": 1528304931}}}, {"title": "", "media_map_data": {}, "string_map_data": {"Auteur": {"href": "", "value": "Antonio.campbell", "timestamp": 0}, "Heure": {"href": "", "value": "", "timestamp": 1515802375}}}, {"title": "", "media_map_data": {}, "string_map_data": {"Auteur": {"href": "", "value": "Don.turner", "timestamp": 0}, "Heure": {"href": "", "value": "", "timestamp": 1637238111}}}, {"title": "", "media_map_data": {}, "string_map_data": {"Auteur": {"href": "", "value": "Sara.mason", "timestamp": 0}, "Heure": {"href": "", "value": "", "timestamp": 1641931262}}}, {"title": "", "media_map_data": {}, "string_map_data": {"Auteur": {"href": "", "value": "Donald.beck", "timestamp": 0}, "Heure": {"href": "", "value": "", "timestamp": 1611389257}}}, {"title": "", "media_map_data": {}, "string_map_data": {"Auteur": {"href": "", "value": "Sandra.hill", "timestamp": 0}, "Heure": {"href": "", "value": "", "timestamp": 1554269921}}}, {"title": "", "media_map_data": {}, "string_map_data": {"Auteur": {"href": "", "value": "Lori.miller", "timestamp": 0}, "Heure": {"href": "", "value": "", "timestamp": 1556818324}}}, {"title": "", "media_map_data": {}, "string_map_data": {"Auteur": {"href": "", "value": "Jenny.hull", "timestamp": 0}, "Heure": {"href": "", "value": "", "timestamp": 1519897250}}}, {"title": "", "media_map_data": {}, "string_map_data": {"Auteur": {"href": "", "value": "Mark.davis", "timestamp": 0}, "Heure": {"href": "", "value": "", "timestamp": 1551397480}}}, {"title": "", "media_map_data": {}, "string_map_data": {"Auteur": {"href": "", "value": "Stephen.ball", "timestamp": 0}, "Heure": {"href": "", "value": "", "timestamp": 1622933375}}}, {"title": "", "media_map_data": {}, "string_map_data": {"Auteur": {"href": "", "value": "Jessica.oconnor", "timestamp": 0}, "Heure": {"href": "", "value": "", "timestamp": 1613959023}}}, {"title": "", "media_map_data": {}, "string_map_data": {"Auteur": {"href": "", "value": "Jordan.martin", "timestamp": 0}, "Heure": {"href": "", "value": "", "timestamp": 1514277472}}}, {"title": "", "media_map_data": {}, "string_map_data": {"Auteur": {"href": "", "value": "Shaun.banks", "timestamp": 0}, "Heure": {"href": "", "value": "", "timestamp": 1662598566}}}, {"title": "", "media_map_data": {}, "string_map_data": {"Auteur": {"href": "", "value": "Denise.calderon", "timestamp": 0}, "Heure": {"href": "", "value": "", "timestamp": 1639302833}}}, {"title": "", "media_map_data": {}, "string_map_data": {"Auteur": {"href": "", "value": "Dennis.hall", "timestamp": 0}, "Heure": {"href": "", "value": "", "timestamp": 1609031490}}}, {"title": "", "media_map_data": {}, "string_map_data": {"Auteur": {"href": "", "value": "Chase.young", "timestamp": 0}, "Heure": {"href": "", "value": "", "timestamp": 1617251053}}}, {"title": "", "media_map_data": {}, "string_map_data": {"Auteur": {"href": "", "value": "Morgan.young", "timestamp": 0}, "Heure": {"href": "", "value": "", "timestamp": 1536960339}}}, {"title": "", "media_map_data": {}, "string_map_data": {"Auteur": {"href": "", "value": "Joel.johnson", "timestamp": 0}, "Heure": {"href": "", "value": "", "timestamp": 1582491321}}}, {"title": "", "media_map_data": {}, "string_map_data": {"Auteur": {"href": "", "value": "Aimee.ballard", "timestamp": 0}, "Heure": {"href": "", "value": "", "timestamp": 1574045055}}}, {"title": "", "media_map_data": {}, "string_map_data": {"Auteur": {"href": "", "value": "Craig.walter", "timestamp": 0}, "Heure": {"href": "", "value": "", "timestamp": 1533431784}}}, {"title": "", "media_map_data": {}, "string_map_data": {"Auteur": {"href": "", "value": "Abigail.jennings", "timestamp": 0}, "Heure": {"href": "", "value": "", "timestamp": 1509993551}}}, {"title": "", "media_map_data": {}, "string_map_data": {"Auteur": {"href": "", "value": "Sheryl.smith", "timestamp": 0}, "Heure": {"href": "", "value": "", "timestamp": 1544251301}}}, {"title": "", "media_map_data": {}, "string_map_data": {"Auteur": {"href": "", "value": "Donald.powell", "timestamp": 0}, "Heure": {"href": "", "value": "", "timestamp": 1662346442}}}, {"title": "", "media_map_data": {}, "string_map_data": {"Auteur": {"href": "", "value": "Charles.martin", "timestamp": 0}, "Heure": {"href": "", "value": "", "timestamp": 1596789547}}}, {"title": "", "media_map_data": {}, "string_map_data": {"Auteur": {"href": "", "value": "Karen.morris", "timestamp": 0}, "Heure": {"href": "", "value": "", "timestamp": 1629498202}}}, {"title": "", "media_map_data": {}, "string_map_data": {"Auteur": {"href": "", "value": "Holly.trevino", "timestamp": 0}, "Heure": {"href": "", "value": "", "timestamp": 1628603394}}}, {"title": "", "media_map_data": {}, "string_map_data": {"Auteur": {"href": "", "value": "Katie.rojas", "timestamp": 0}, "Heure": {"href": "", "value": "", "timestamp": 1578344700}}}, {"title": "", "media_map_data": {}, "string_map_data": {"Auteur": {"href": "", "value": "Lucas.martin", "timestamp": 0}, "Heure": {"href": "", "value": "", "timestamp": 1521672809}}}, {"title": "", "media_map_data": {}, "string_map_data": {"Auteur": {"href": "", "value": "Matthew.porter", "timestamp": 0}, "Heure": {"href": "", "value": "", "timestamp": 1662253004}}}, {"title": "", "media_map_data": {}, "string_map_data": {"Auteur": {"href": "", "value": "Benjamin.buchanan", "timestamp": 0}, "Heure": {"href": "", "value": "", "timestamp": 1536694943}}}, {"title": "", "media_map_data": {}, "string_map_data": {"Auteur": {"href": "", "value": "Christopher.pearson", "timestamp": 0}, "Heure": {"href": "", "value": "", "timestamp": 1614840701}}}, {"title": "", "media_map_data": {}, "string_map_data": {"Auteur": {"href": "", "value": "Brittany.archer", "timestamp": 0}, "Heure": {"href": "", "value": "", "timestamp": 1665154303}}}, {"title": "", "media_map_data": {}, "string_map_data": {"Auteur": {"href": "", "value": "Tiffany.nelson", "timestamp": 0}, "Heure": {"href": "", "value": "", "timestamp": 1634323849}}}, {"title": "", "media_map_data": {}, "string_map_data": {"Auteur": {"href": "", "value": "Kathleen.munoz", "timestamp": 0}, "Heure": {"href": "", "value": "", "timestamp": 1577229146}}}, {"title": "", "media_map_data": {}, "string_map_data": {"Auteur": {"href": "", "value": "Clayton.hubbard", "timestamp": 0}, "Heure": {"href": "", "value": "", "timestamp": 1578716405}}}, {"title": "", "media_map_data": {}, "string_map_data": {"Auteur": {"href": "", "value": "Miguel.little", "timestamp": 0}, "Heure": {"href": "", "value": "", "timestamp": 1593988176}}}, {"title": "", "media_map_data": {}, "string_map_data": {"Auteur": {"href": "", "value": "Peter.nixon", "timestamp": 0}, "Heure": {"href": "", "value": "", "timestamp": 1618487594}}}, {"title": "", "media_map_data": {}, "string_map_data": {"Auteur": {"href": "", "value": "Jeffrey.travis", "timestamp": 0}, "Heure": {"href": "", "value": "", "timestamp": 1539554227}}}, {"title": "", "media_map_data": {}, "string_map_data": {"Auteur": {"href": "", "value": "Kristin.burnett", "timestamp": 0}, "Heure": {"href": "", "value": "", "timestamp": 1554362718}}}, {"title": "", "media_map_data": {}, "string_map_data": {"Auteur": {"href": "", "value": "Allen.yates", "timestamp": 0}, "Heure": {"href": "", "value": "", "timestamp": 1573726895}}}, {"title": "", "media_map_data": {}, "string_map_data": {"Auteur": {"href": "", "value": "Melvin.thompson", "timestamp": 0}, "Heure": {"href": "", "value": "", "timestamp": 1598836391}}}, {"title": "", "media_map_data": {}, "string_map_data": {"Auteur": {"href": "", "value": "Karen.edwards", "timestamp": 0}, "Heure": {"href": "", "value": "", "timestamp": 1612065474}}}, {"title": "", "media_map_data": {}, "string_map_data": {"Auteur": {"href": "", "value": "Jacqueline.west", "timestamp": 0}, "Heure": {"href": "", "value": "", "timestamp": 1634817280}}}, {"title": "", "media_map_data": {}, "string_map_data": {"Auteur": {"href": "", "value": "Gregory.beltran", "timestamp": 0}, "Heure": {"href": "", "value": "", "timestamp": 1534786771}}}, {"title": "", "media_map_data": {}, "string_map_data": {"Auteur": {"href": "", "value": "Jerome.peterson", "timestamp": 0}, "Heure": {"href": "", "value": "", "timestamp": 1666450145}}}, {"title": "", "media_map_data": {}, "string_map_data": {"Auteur": {"href": "", "value": "Pamela.mendoza", "timestamp": 0}, "Heure": {"href": "", "value": "", "timestamp": 1595297080}}}, {"title": "", "media_map_data": {}, "string_map_data": {"Auteur": {"href": "", "value": "Katherine.porter", "timestamp": 0}, "Heure": {"href": "", "value": "", "timestamp": 1600013474}}}, {"title": "", "media_map_data": {}, "string_map_data": {"Auteur": {"href": "", "value": "Lauren.sutton", "timestamp": 0}, "Heure": {"href": "", "value": "", "timestamp": 1607748195}}}, {"title": "", "media_map_data": {}, "string_map_data": {"Auteur": {"href": "", "value": "Susan.lopez", "timestamp": 0}, "Heure": {"href": "", "value": "", "timestamp": 1510155743}}}, {"title": "", "media_map_data": {}, "string_map_data": {"Auteur": {"href": "", "value": "Eric.lewis", "timestamp": 0}, "Heure": {"href": "", "value": "", "timestamp": 1603769523}}}, {"title": "", "media_map_data": {}, "string_map_data": {"Auteur": {"href": "", "value": "Dawn.martinez", "timestamp": 0}, "Heure": {"href": "", "value": "", "timestamp": 1659600986}}}, {"title": "", "media_map_data": {}, "string_map_data": {"Auteur": {"href": "", "value": "Michelle.martin", "timestamp": 0}, "Heure": {"href": "", "value": "", "timestamp": 1616558347}}}, {"title": "", "media_map_data": {}, "string_map_data": {"Auteur": {"href": "", "value": "Dustin.sellers", "timestamp": 0}, "Heure": {"href": "", "value": "", "timestamp": 1594208355}}}, {"title": "", "media_map_data": {}, "string_map_data": {"Auteur": {"href": "", "value": "Jeffrey.guzman", "timestamp": 0}, "Heure": {"href": "", "value": "", "timestamp": 1570923402}}}, {"title": "", "media_map_data": {}, "string_map_data": {"Auteur": {"href": "", "value": "Ronnie.castillo", "timestamp": 0}, "Heure": {"href": "", "value": "", "timestamp": 1552216161}}}, {"title": "", "media_map_data": {}, "string_map_data": {"Auteur": {"href": "", "value": "Shawn.black", "timestamp": 0}, "Heure": {"href": "", "value": "", "timestamp": 1534380926}}}, {"title": "", "media_map_data": {}, "string_map_data": {"Auteur": {"href": "", "value": "Stacy.smith", "timestamp": 0}, "Heure": {"href": "", "value": "", "timestamp": 1580524309}}}, {"title": "", "media_map_data": {}, "string_map_data": {"Auteur": {"href": "", "value": "Michael.rodriguez", "timestamp": 0}, "Heure": {"href": "", "value": "", "timestamp": 1656695151}}}, {"title": "", "media_map_data": {}, "string_map_data": {"Auteur": {"href": "", "value": "Crystal.johnson", "timestamp": 0}, "Heure": {"href": "", "value": "", "timestamp": 1535651226}}}, {"title": "", "media_map_data": {}, "string_map_data": {"Auteur": {"href": "", "value": "Jasmine.bowers", "timestamp": 0}, "Heure": {"href": "", "value": "", "timestamp": 1532596590}}}, {"title": "", "media_map_data": {}, "string_map_data": {"Auteur": {"href": "", "value": "John.hanson", "timestamp": 0}, "Heure": {"href": "", "value": "", "timestamp": 1591390490}}}, {"title": "", "media_map_data": {}, "string_map_data": {"Auteur": {"href": "", "value": "Henry.flores", "timestamp": 0}, "Heure": {"href": "", "value": "", "timestamp": 1537126627}}}, {"title": "", "media_map_data": {}, "string_map_data": {"Auteur": {"href": "", "value": "Vincent.holt", "timestamp": 0}, "Heure": {"href": "", "value": "", "timestamp": 1653245318}}}, {"title": "", "media_map_data": {}, "string_map_data": {"Auteur": {"href": "", "value": "Jimmy.vaughn", "timestamp": 0}, "Heure": {"href": "", "value": "", "timestamp": 1538728315}}}, {"title": "", "media_map_data": {}, "string_map_data": {"Auteur": {"href": "", "value": "Valerie.johnson", "timestamp": 0}, "Heure": {"href": "", "value": "", "timestamp": 1666696723}}}, {"title": "", "media_map_data": {}, "string_map_data": {"Auteur": {"href": "", "value": "Harold.sanchez", "timestamp": 0}, "Heure": {"href": "", "value": "", "timestamp": 1558819562}}}, {"title": "", "media_map_data": {}, "string_map_data": {"Auteur": {"href": "", "value": "Frank.castro", "timestamp": 0}, "Heure": {"href": "", "value": "", "timestamp": 1653699015}}}, {"title": "", "media_map_data": {}, "string_map_data": {"Auteur": {"href": "", "value": "Michael.hester", "timestamp": 0}, "Heure": {"href": "", "value": "", "timestamp": 1661327330}}}, {"title": "", "media_map_data": {}, "string_map_data": {"Auteur": {"href": "", "value": "Charles.johnson", "timestamp": 0}, "Heure": {"href": "", "value": "", "timestamp": 1538161573}}}, {"title": "", "media_map_data": {}, "string_map_data": {"Auteur": {"href": "", "value": "Lisa.logan", "timestamp": 0}, "Heure": {"href": "", "value": "", "timestamp": 1515658326}}}, {"title": "", "media_map_data": {}, "string_map_data": {"Auteur": {"href": "", "value": "Alan.beck", "timestamp": 0}, "Heure": {"href": "", "value": "", "timestamp": 1602091465}}}, {"title": "", "media_map_data": {}, "string_map_data": {"Auteur": {"href": "", "value": "Joseph.merritt", "timestamp": 0}, "Heure": {"href": "", "value": "", "timestamp": 1665529949}}}, {"title": "", "media_map_data": {}, "string_map_data": {"Auteur": {"href": "", "value": "Chelsey.lane", "timestamp": 0}, "Heure": {"href": "", "value": "", "timestamp": 1568480329}}}, {"title": "", "media_map_data": {}, "string_map_data": {"Auteur": {"href": "", "value": "Angela.allen", "timestamp": 0}, "Heure": {"href": "", "value": "", "timestamp": 1526628877}}}, {"title": "", "media_map_data": {}, "string_map_data": {"Auteur": {"href": "", "value": "Denise.andrade", "timestamp": 0}, "Heure": {"href": "", "value": "", "timestamp": 1594561749}}}, {"title": "", "media_map_data": {}, "string_map_data": {"Auteur": {"href": "", "value": "Michelle.carey", "timestamp": 0}, "Heure": {"href": "", "value": "", "timestamp": 1519484520}}}, {"title": "", "media_map_data": {}, "string_map_data": {"Auteur": {"href": "", "value": "Gerald.miranda", "timestamp": 0}, "Heure": {"href": "", "value": "", "timestamp": 1526265811}}}, {"title": "", "media_map_data": {}, "string_map_data": {"Auteur": {"href": "", "value": "Larry.kennedy", "timestamp": 0}, "Heure": {"href": "", "value": "", "timestamp": 1585804359}}}, {"title": "", "media_map_data": {}, "string_map_data": {"Auteur": {"href": "", "value": "Kristin.gomez", "timestamp": 0}, "Heure": {"href": "", "value": "", "timestamp": 1592993993}}}, {"title": "", "media_map_data": {}, "string_map_data": {"Auteur": {"href": "", "value": "Dana.miller", "timestamp": 0}, "Heure": {"href": "", "value": "", "timestamp": 1570599618}}}, {"title": "", "media_map_data": {}, "string_map_data": {"Auteur": {"href": "", "value": "Bethany.bailey", "timestamp": 0}, "Heure": {"href": "", "value": "", "timestamp": 1574611668}}}, {"title": "", "media_map_data": {}, "string_map_data": {"Auteur": {"href": "", "value": "Courtney.perez", "timestamp": 0}, "Heure": {"href": "", "value": "", "timestamp": 1654888758}}}, {"title": "", "media_map_data": {}, "string_map_data": {"Auteur": {"href": "", "value": "Melissa.graham", "timestamp": 0}, "Heure": {"href": "", "value": "", "timestamp": 1575652206}}}, {"title": "", "media_map_data": {}, "string_map_data": {"Auteur": {"href": "", "value": "Christopher.white", "timestamp": 0}, "Heure": {"href": "", "value": "", "timestamp": 1627134423}}}, {"title": "", "media_map_data": {}, "string_map_data": {"Auteur": {"href": "", "value": "Dakota.olsen", "timestamp": 0}, "Heure": {"href": "", "value": "", "timestamp": 1524778465}}}, {"title": "", "media_map_data": {}, "string_map_data": {"Auteur": {"href": "", "value": "Elizabeth.elliott", "timestamp": 0}, "Heure": {"href": "", "value": "", "timestamp": 1616842261}}}, {"title": "", "media_map_data": {}, "string_map_data": {"Auteur": {"href": "", "value": "Gina.adams", "timestamp": 0}, "Heure": {"href": "", "value": "", "timestamp": 1529801740}}}, {"title": "", "media_map_data": {}, "string_map_data": {"Auteur": {"href": "", "value": "Tamara.pearson", "timestamp": 0}, "Heure": {"href": "", "value": "", "timestamp": 1532164273}}}, {"title": "", "media_map_data": {}, "string_map_data": {"Auteur": {"href": "", "value": "Sean.diaz", "timestamp": 0}, "Heure": {"href": "", "value": "", "timestamp": 1654103914}}}, {"title": "", "media_map_data": {}, "string_map_data": {"Auteur": {"href": "", "value": "Allison.hall", "timestamp": 0}, "Heure": {"href": "", "value": "", "timestamp": 1609079333}}}, {"title": "", "media_map_data": {}, "string_map_data": {"Auteur": {"href": "", "value": "John.watson", "timestamp": 0}, "Heure": {"href": "", "value": "", "timestamp": 1558126105}}}, {"title": "", "media_map_data": {}, "string_map_data": {"Auteur": {"href": "", "value": "Steven.miller", "timestamp": 0}, "Heure": {"href": "", "value": "", "timestamp": 1513087277}}}, {"title": "", "media_map_data": {}, "string_map_data": {"Auteur": {"href": "", "value": "Brenda.mcclure", "timestamp": 0}, "Heure": {"href": "", "value": "", "timestamp": 1555189093}}}, {"title": "", "media_map_data": {}, "string_map_data": {"Auteur": {"href": "", "value": "Kenneth.donaldson", "timestamp": 0}, "Heure": {"href": "", "value": "", "timestamp": 1555371039}}}, {"title": "", "media_map_data": {}, "string_map_data": {"Auteur": {"href": "", "value": "Kelly.newton", "timestamp": 0}, "Heure": {"href": "", "value": "", "timestamp": 1520937901}}}, {"title": "", "media_map_data": {}, "string_map_data": {"Auteur": {"href": "", "value": "Joshua.torres", "timestamp": 0}, "Heure": {"href": "", "value": "", "timestamp": 1614424201}}}, {"title": "", "media_map_data": {}, "string_map_data": {"Auteur": {"href": "", "value": "Jessica.mcdonald", "timestamp": 0}, "Heure": {"href": "", "value": "", "timestamp": 1564609397}}}, {"title": "", "media_map_data": {}, "string_map_data": {"Auteur": {"href": "", "value": "Sherry.robinson", "timestamp": 0}, "Heure": {"href": "", "value": "", "timestamp": 1564842218}}}, {"title": "", "media_map_data": {}, "string_map_data": {"Auteur": {"href": "", "value": "Audrey.anderson", "timestamp": 0}, "Heure": {"href": "", "value": "", "timestamp": 1664414710}}}, {"title": "", "media_map_data": {}, "string_map_data": {"Auteur": {"href": "", "value": "Sue.james", "timestamp": 0}, "Heure": {"href": "", "value": "", "timestamp": 1620680379}}}, {"title": "", "media_map_data": {}, "string_map_data": {"Auteur": {"href": "", "value": "Jessica.jones", "timestamp": 0}, "Heure": {"href": "", "value": "", "timestamp": 1514376534}}}, {"title": "", "media_map_data": {}, "string_map_data": {"Auteur": {"href": "", "value": "Barbara.whitaker", "timestamp": 0}, "Heure": {"href": "", "value": "", "timestamp": 1559606101}}}, {"title": "", "media_map_data": {}, "string_map_data": {"Auteur": {"href": "", "value": "Richard.ramirez", "timestamp": 0}, "Heure": {"href": "", "value": "", "timestamp": 1563040870}}}, {"title": "", "media_map_data": {}, "string_map_data": {"Auteur": {"href": "", "value": "Craig.jones", "timestamp": 0}, "Heure": {"href": "", "value": "", "timestamp": 1647730175}}}, {"title": "", "media_map_data": {}, "string_map_data": {"Auteur": {"href": "", "value": "Michele.young", "timestamp": 0}, "Heure": {"href": "", "value": "", "timestamp": 1553928020}}}, {"title": "", "media_map_data": {}, "string_map_data": {"Auteur": {"href": "", "value": "Brittany.alvarez", "timestamp": 0}, "Heure": {"href": "", "value": "", "timestamp": 1547227077}}}, {"title": "", "media_map_data": {}, "string_map_data": {"Auteur": {"href": "", "value": "Andrew.walters", "timestamp": 0}, "Heure": {"href": "", "value": "", "timestamp": 1530938122}}}, {"title": "", "media_map_data": {}, "string_map_data": {"Auteur": {"href": "", "value": "James.baxter", "timestamp": 0}, "Heure": {"href": "", "value": "", "timestamp": 1656197128}}}, {"title": "", "media_map_data": {}, "string_map_data": {"Auteur": {"href": "", "value": "Deborah.huynh", "timestamp": 0}, "Heure": {"href": "", "value": "", "timestamp": 1569186361}}}, {"title": "", "media_map_data": {}, "string_map_data": {"Auteur": {"href": "", "value": "Kendra.shepard", "timestamp": 0}, "Heure": {"href": "", "value": "", "timestamp": 1564064290}}}, {"title": "", "media_map_data": {}, "string_map_data": {"Auteur": {"href": "", "value": "Ryan.jones", "timestamp": 0}, "Heure": {"href": "", "value": "", "timestamp": 1536895715}}}, {"title": "", "media_map_data": {}, "string_map_data": {"Auteur": {"href": "", "value": "Logan.bass", "timestamp": 0}, "Heure": {"href": "", "value": "", "timestamp": 1625185281}}}, {"title": "", "media_map_data": {}, "string_map_data": {"Auteur": {"href": "", "value": "Stacy.king", "timestamp": 0}, "Heure": {"href": "", "value": "", "timestamp": 1589273302}}}, {"title": "", "media_map_data": {}, "string_map_data": {"Auteur": {"href": "", "value": "Anna.lawrence", "timestamp": 0}, "Heure": {"href": "", "value": "", "timestamp": 1554912405}}}, {"title": "", "media_map_data": {}, "string_map_data": {"Auteur": {"href": "", "value": "Charles.johnson", "timestamp": 0}, "Heure": {"href": "", "value": "", "timestamp": 1530533251}}}, {"title": "", "media_map_data": {}, "string_map_data": {"Auteur": {"href": "", "value": "Taylor.david", "timestamp": 0}, "Heure": {"href": "", "value": "", "timestamp": 1585668453}}}, {"title": "", "media_map_data": {}, "string_map_data": {"Auteur": {"href": "", "value": "Ruth.dennis", "timestamp": 0}, "Heure": {"href": "", "value": "", "timestamp": 1608278044}}}, {"title": "", "media_map_data": {}, "string_map_data": {"Auteur": {"href": "", "value": "Katherine.haney", "timestamp": 0}, "Heure": {"href": "", "value": "", "timestamp": 1646564504}}}, {"title": "", "media_map_data": {}, "string_map_data": {"Auteur": {"href": "", "value": "David.dunn", "timestamp": 0}, "Heure": {"href": "", "value": "", "timestamp": 1516133586}}}, {"title": "", "media_map_data": {}, "string_map_data": {"Auteur": {"href": "", "value": "David.lee", "timestamp": 0}, "Heure": {"href": "", "value": "", "timestamp": 1597360969}}}, {"title": "", "media_map_data": {}, "string_map_data": {"Auteur": {"href": "", "value": "Charles.davis", "timestamp": 0}, "Heure": {"href": "", "value": "", "timestamp": 1618835363}}}, {"title": "", "media_map_data": {}, "string_map_data": {"Auteur": {"href": "", "value": "Sarah.knox", "timestamp": 0}, "Heure": {"href": "", "value": "", "timestamp": 1597313068}}}, {"title": "", "media_map_data": {}, "string_map_data": {"Auteur": {"href": "", "value": "Kyle.kline", "timestamp": 0}, "Heure": {"href": "", "value": "", "timestamp": 1611354096}}}, {"title": "", "media_map_data": {}, "string_map_data": {"Auteur": {"href": "", "value": "Karen.parker", "timestamp": 0}, "Heure": {"href": "", "value": "", "timestamp": 1616127708}}}, {"title": "", "media_map_data": {}, "string_map_data": {"Auteur": {"href": "", "value": "Larry.rojas", "timestamp": 0}, "Heure": {"href": "", "value": "", "timestamp": 1656277083}}}, {"title": "", "media_map_data": {}, "string_map_data": {"Auteur": {"href": "", "value": "Deborah.johnson", "timestamp": 0}, "Heure": {"href": "", "value": "", "timestamp": 1557752676}}}, {"title": "", "media_map_data": {}, "string_map_data": {"Auteur": {"href": "", "value": "Jennifer.brown", "timestamp": 0}, "Heure": {"href": "", "value": "", "timestamp": 1523720025}}}, {"title": "", "media_map_data": {}, "string_map_data": {"Auteur": {"href": "", "value": "Kathy.ross", "timestamp": 0}, "Heure": {"href": "", "value": "", "timestamp": 1605592697}}}, {"title": "", "media_map_data": {}, "string_map_data": {"Auteur": {"href": "", "value": "Brianna.haynes", "timestamp": 0}, "Heure": {"href": "", "value": "", "timestamp": 1604595176}}}, {"title": "", "media_map_data": {}, "string_map_data": {"Auteur": {"href": "", "value": "Dan.rivera", "timestamp": 0}, "Heure": {"href": "", "value": "", "timestamp": 1574126708}}}, {"title": "", "media_map_data": {}, "string_map_data": {"Auteur": {"href": "", "value": "Kelsey.aguilar", "timestamp": 0}, "Heure": {"href": "", "value": "", "timestamp": 1564697952}}}, {"title": "", "media_map_data": {}, "string_map_data": {"Auteur": {"href": "", "value": "Kathleen.jones", "timestamp": 0}, "Heure": {"href": "", "value": "", "timestamp": 1635129871}}}, {"title": "", "media_map_data": {}, "string_map_data": {"Auteur": {"href": "", "value": "Sandra.taylor", "timestamp": 0}, "Heure": {"href": "", "value": "", "timestamp": 1592581977}}}, {"title": "", "media_map_data": {}, "string_map_data": {"Auteur": {"href": "", "value": "Heather.marshall", "timestamp": 0}, "Heure": {"href": "", "value": "", "timestamp": 1624123481}}}, {"title": "", "media_map_data": {}, "string_map_data": {"Auteur": {"href": "", "value": "Karen.olsen", "timestamp": 0}, "Heure": {"href": "", "value": "", "timestamp": 1665703291}}}, {"title": "", "media_map_data": {}, "string_map_data": {"Auteur": {"href": "", "value": "Sarah.randolph", "timestamp": 0}, "Heure": {"href": "", "value": "", "timestamp": 1538783846}}}, {"title": "", "media_map_data": {}, "string_map_data": {"Auteur": {"href": "", "value": "Nathan.reynolds", "timestamp": 0}, "Heure": {"href": "", "value": "", "timestamp": 1534568451}}}, {"title": "", "media_map_data": {}, "string_map_data": {"Auteur": {"href": "", "value": "Paul.rivera", "timestamp": 0}, "Heure": {"href": "", "value": "", "timestamp": 1510496876}}}, {"title": "", "media_map_data": {}, "string_map_data": {"Auteur": {"href": "", "value": "Jennifer.hebert", "timestamp": 0}, "Heure": {"href": "", "value": "", "timestamp": 1633320747}}}, {"title": "", "media_map_data": {}, "string_map_data": {"Auteur": {"href": "", "value": "Natasha.choi", "timestamp": 0}, "Heure": {"href": "", "value": "", "timestamp": 1562588259}}}, {"title": "", "media_map_data": {}, "string_map_data": {"Auteur": {"href": "", "value": "Cheryl.watson", "timestamp": 0}, "Heure": {"href": "", "value": "", "timestamp": 1545549059}}}, {"title": "", "media_map_data": {}, "string_map_data": {"Auteur": {"href": "", "value": "Olivia.smith", "timestamp": 0}, "Heure": {"href": "", "value": "", "timestamp": 1578259422}}}, {"title": "", "media_map_data": {}, "string_map_data": {"Auteur": {"href": "", "value": "Peggy.williamson", "timestamp": 0}, "Heure": {"href": "", "value": "", "timestamp": 1515593621}}}, {"title": "", "media_map_data": {}, "string_map_data": {"Auteur": {"href": "", "value": "Jennifer.melendez", "timestamp": 0}, "Heure": {"href": "", "value": "", "timestamp": 1534800303}}}, {"title": "", "media_map_data": {}, "string_map_data": {"Auteur": {"href": "", "value": "Terri.murphy", "timestamp": 0}, "Heure": {"href": "", "value": "", "timestamp": 1634134347}}}, {"title": "", "media_map_data": {}, "string_map_data": {"Auteur": {"href": "", "value": "Joseph.johnson", "timestamp": 0}, "Heure": {"href": "", "value": "", "timestamp": 1596749866}}}, {"title": "", "media_map_data": {}, "string_map_data": {"Auteur": {"href": "", "value": "Virginia.bass", "timestamp": 0}, "Heure": {"href": "", "value": "", "timestamp": 1660223843}}}, {"title": "", "media_map_data": {}, "string_map_data": {"Auteur": {"href": "", "value": "Luis.franklin", "timestamp": 0}, "Heure": {"href": "", "value": "", "timestamp": 1539771688}}}, {"title": "", "media_map_data": {}, "string_map_data": {"Auteur": {"href": "", "value": "Rhonda.smith", "timestamp": 0}, "Heure": {"href": "", "value": "", "timestamp": 1630139550}}}, {"title": "", "media_map_data": {}, "string_map_data": {"Auteur": {"href": "", "value": "David.craig", "timestamp": 0}, "Heure": {"href": "", "value": "", "timestamp": 1547854771}}}]}