{"relationships_following": [{"title": "", "media_list_data": [], "string_list_data": [{"href": "https://www.instagram.com/shelley.molina", "value": "shelley.molina", "timestamp": 1225826899}]}, {"title": "", "media_list_data": [], "string_list_data": [{"href": "https://www.instagram.com/meagan.scott", "value": "meagan.scott", "timestamp": 1539825324}]}, {"title": "", "media_list_data": [], "string_list_data": [{"href": "https://www.instagram.com/austin.banks", "value": "austin.banks", "timestamp": 1570880385}]}, {"title": "", "media_list_data": [], "string_list_data": [{"href": "https://www.instagram.com/brianna.hess", "value": "brianna.hess", "timestamp": 1263616094}]}, {"title": "", "media_list_data": [], "string_list_data": [{"href": "https://www.instagram.com/crystal.hicks", "value": "crystal.hicks", "timestamp": 1386562288}]}, {"title": "", "media_list_data": [], "string_list_data": [{"href": "https://www.instagram.com/brian.gomez", "value": "brian.gomez", "timestamp": 1324501299}]}, {"title": "", "media_list_data": [], "string_list_data": [{"href": "https://www.instagram.com/julie.morton", "value": "julie.morton", "timestamp": 1481616961}]}, {"title": "", "media_list_data": [], "string_list_data": [{"href": "https://www.instagram.com/brandon.padilla", "value": "brandon.padilla", "timestamp": 1323156884}]}, {"title": "", "media_list_data": [], "string_list_data": [{"href": "https://www.instagram.com/david.gonzales", "value": "david.gonzales", "timestamp": 1401562725}]}, {"title": "", "media_list_data": [], "string_list_data": [{"href": "https://www.instagram.com/christie.taylor", "value": "christie.taylor", "timestamp": 1376454518}]}, {"title": "", "media_list_data": [], "string_list_data": [{"href": "https://www.instagram.com/cynthia.mayer", "value": "cynthia.mayer", "timestamp": 1213877929}]}, {"title": "", "media_list_data": [], "string_list_data": [{"href": "https://www.instagram.com/brian.lyons", "value": "brian.lyons", "timestamp": 1575176348}]}, {"title": "", "media_list_data": [], "string_list_data": [{"href": "https://www.instagram.com/mark.brooks", "value": "mark.brooks", "timestamp": 1633958902}]}, {"title": "", "media_list_data": [], "string_list_data": [{"href": "https://www.instagram.com/peter.carter", "value": "peter.carter", "timestamp": 1369262723}]}, {"title": "", "media_list_data": [], "string_list_data": [{"href": "https://www.instagram.com/shawn.adkins", "value": "shawn.adkins", "timestamp": 1491540478}]}, {"title": "", "media_list_data": [], "string_list_data": [{"href": "https://www.instagram.com/ricardo.jenkins", "value": "ricardo.jenkins", "timestamp": 1213497447}]}, {"title": "", "media_list_data": [], "string_list_data": [{"href": "https://www.instagram.com/amanda.west", "value": "amanda.west", "timestamp": 1240492042}]}, {"title": "", "media_list_data": [], "string_list_data": [{"href": "https://www.instagram.com/john.miller", "value": "john.miller", "timestamp": 1320212456}]}, {"title": "", "media_list_data": [], "string_list_data": [{"href": "https://www.instagram.com/hannah.morgan", "value": "hannah.morgan", "timestamp": 1202213872}]}, {"title": "", "media_list_data": [], "string_list_data": [{"href": "https://www.instagram.com/scott.scott", "value": "scott.scott", "timestamp": 1311899354}]}, {"title": "", "media_list_data": [], "string_list_data": [{"href": "https://www.instagram.com/david.stafford", "value": "david.stafford", "timestamp": 1462390738}]}, {"title": "", "media_list_data": [], "string_list_data": [{"href": "https://www.instagram.com/terri.hart", "value": "terri.hart", "timestamp": 1525292904}]}, {"title": "", "media_list_data": [], "string_list_data": [{"href": "https://www.instagram.com/kenneth.miller", "value": "kenneth.miller", "timestamp": 1510402269}]}, {"title": "", "media_list_data": [], "string_list_data": [{"href": "https://www.instagram.com/kimberly.hardy", "value": "kimberly.hardy", "timestamp": 1398125351}]}, {"title": "", "media_list_data": [], "string_list_data": [{"href": "https://www.instagram.com/melanie.johnson", "value": "melanie.johnson", "timestamp": 1376118921}]}, {"title": "", "media_list_data": [], "string_list_data": [{"href": "https://www.instagram.com/michael.lee", "value": "michael.lee", "timestamp": 1501229597}]}, {"title": "", "media_list_data": [], "string_list_data": [{"href": "https://www.instagram.com/jeff.valenzuela", "value": "jeff.valenzuela", "timestamp": 1365459227}]}, {"title": "", "media_list_data": [], "string_list_data": [{"href": "https://www.instagram.com/michael.combs", "value": "michael.combs", "timestamp": 1443198550}]}, {"title": "", "media_list_data": [], "string_list_data": [{"href": "https://www.instagram.com/nicole.howell", "value": "nicole.howell", "timestamp": 1419009418}]}, {"title": "", "media_list_data": [], "string_list_data": [{"href": "https://www.instagram.com/nicole.jackson", "value": "nicole.jackson", "timestamp": 1199818688}]}, {"title": "", "media_list_data": [], "string_list_data": [{"href": "https://www.instagram.com/christina.robbins", "value": "christina.robbins", "timestamp": 1643022692}]}, {"title": "", "media_list_data": [], "string_list_data": [{"href": "https://www.instagram.com/richard.gallagher", "value": "richard.gallagher", "timestamp": 1535128183}]}, {"title": "", "media_list_data": [], "string_list_data": [{"href": "https://www.instagram.com/nicole.kidd", "value": "nicole.kidd", "timestamp": 1301960484}]}, {"title": "", "media_list_data": [], "string_list_data": [{"href": "https://www.instagram.com/michael.flores", "value": "michael.flores", "timestamp": 1611871338}]}, {"title": "", "media_list_data": [], "string_list_data": [{"href": "https://www.instagram.com/peter.fowler", "value": "peter.fowler", "timestamp": 1261587810}]}, {"title": "", "media_list_data": [], "string_list_data": [{"href": "https://www.instagram.com/susan.daugherty", "value": "susan.daugherty", "timestamp": 1362510815}]}, {"title": "", "media_list_data": [], "string_list_data": [{"href": "https://www.instagram.com/melissa.gaines", "value": "melissa.gaines", "timestamp": 1594668957}]}, {"title": "", "media_list_data": [], "string_list_data": [{"href": "https://www.instagram.com/patricia.glenn", "value": "patricia.glenn", "timestamp": 1385492138}]}, {"title": "", "media_list_data": [], "string_list_data": [{"href": "https://www.instagram.com/elizabeth.hoffman", "value": "elizabeth.hoffman", "timestamp": 1665463297}]}, {"title": "", "media_list_data": [], "string_list_data": [{"href": "https://www.instagram.com/melissa.suarez", "value": "melissa.suarez", "timestamp": 1318512855}]}, {"title": "", "media_list_data": [], "string_list_data": [{"href": "https://www.instagram.com/pamela.fletcher", "value": "pamela.fletcher", "timestamp": 1561730197}]}, {"title": "", "media_list_data": [], "string_list_data": [{"href": "https://www.instagram.com/frederick.spears", "value": "frederick.spears", "timestamp": 1256930018}]}, {"title": "", "media_list_data": [], "string_list_data": [{"href": "https://www.instagram.com/april.hopkins", "value": "april.hopkins", "timestamp": 1207213926}]}, {"title": "", "media_list_data": [], "string_list_data": [{"href": "https://www.instagram.com/linda.rodriguez", "value": "linda.rodriguez", "timestamp": 1286997413}]}, {"title": "", "media_list_data": [], "string_list_data": [{"href": "https://www.instagram.com/michael.duncan", "value": "michael.duncan", "timestamp": 1316043741}]}, {"title": "", "media_list_data": [], "string_list_data": [{"href": "https://www.instagram.com/emily.reynolds", "value": "emily.reynolds", "timestamp": 1201907323}]}, {"title": "", "media_list_data": [], "string_list_data": [{"href": "https://www.instagram.com/erika.morris", "value": "erika.morris", "timestamp": 1530523820}]}, {"title": "", "media_list_data": [], "string_list_data": [{"href": "https://www.instagram.com/shannon.horne", "value": "shannon.horne", "timestamp": 1240445155}]}, {"title": "", "media_list_data": [], "string_list_data": [{"href": "https://www.instagram.com/jared.thompson", "value": "jared.thompson", "timestamp": 1299994866}]}, {"title": "", "media_list_data": [], "string_list_data": [{"href": "https://www.instagram.com/joseph.lowe", "value": "joseph.lowe", "timestamp": 1541414379}]}, {"title": "", "media_list_data": [], "string_list_data": [{"href": "https://www.instagram.com/carrie.frey", "value": "carrie.frey", "timestamp": 1345197546}]}, {"title": "", "media_list_data": [], "string_list_data": [{"href": "https://www.instagram.com/robert.lowe", "value": "robert.lowe", "timestamp": 1551159252}]}, {"title": "", "media_list_data": [], "string_list_data": [{"href": "https://www.instagram.com/briana.rice", "value": "briana.rice", "timestamp": 1258371133}]}, {"title": "", "media_list_data": [], "string_list_data": [{"href": "https://www.instagram.com/suzanne.adams", "value": "suzanne.adams", "timestamp": 1497948853}]}, {"title": "", "media_list_data": [], "string_list_data": [{"href": "https://www.instagram.com/alicia.miller", "value": "alicia.miller", "timestamp": 1534475049}]}, {"title": "", "media_list_data": [], "string_list_data": [{"href": "https://www.instagram.com/jamie.hudson", "value": "jamie.hudson", "timestamp": 1251675401}]}, {"title": "", "media_list_data": [], "string_list_data": [{"href": "https://www.instagram.com/adam.michael", "value": "adam.michael", "timestamp": 1281152148}]}, {"title": "", "media_list_data": [], "string_list_data": [{"href": "https://www.instagram.com/mackenzie.robbins", "value": "mackenzie.robbins", "timestamp": 1540928168}]}, {"title": "", "media_list_data": [], "string_list_data": [{"href": "https://www.instagram.com/lindsey.smith", "value": "lindsey.smith", "timestamp": 1499125741}]}, {"title": "", "media_list_data": [], "string_list_data": [{"href": "https://www.instagram.com/samuel.wade", "value": "samuel.wade", "timestamp": 1492723672}]}, {"title": "", "media_list_data": [], "string_list_data": [{"href": "https://www.instagram.com/steven.kennedy", "value": "steven.kennedy", "timestamp": 1358112716}]}, {"title": "", "media_list_data": [], "string_list_data": [{"href": "https://www.instagram.com/richard.francis", "value": "richard.francis", "timestamp": 1346542561}]}, {"title": "", "media_list_data": [], "string_list_data": [{"href": "https://www.instagram.com/christine.moss", "value": "christine.moss", "timestamp": 1584597434}]}, {"title": "", "media_list_data": [], "string_list_data": [{"href": "https://www.instagram.com/kelly.wu", "value": "kelly.wu", "timestamp": 1265434485}]}, {"title": "", "media_list_data": [], "string_list_data": [{"href": "https://www.instagram.com/robert.christian", "value": "robert.christian", "timestamp": 1561333385}]}, {"title": "", "media_list_data": [], "string_list_data": [{"href": "https://www.instagram.com/amanda.gonzalez", "value": "amanda.gonzalez", "timestamp": 1329777476}]}, {"title": "", "media_list_data": [], "string_list_data": [{"href": "https://www.instagram.com/stephen.lambert", "value": "stephen.lambert", "timestamp": 1389332411}]}, {"title": "", "media_list_data": [], "string_list_data": [{"href": "https://www.instagram.com/sally.hawkins", "value": "sally.hawkins", "timestamp": 1520798458}]}, {"title": "", "media_list_data": [], "string_list_data": [{"href": "https://www.instagram.com/yvonne.pace", "value": "yvonne.pace", "timestamp": 1489101096}]}, {"title": "", "media_list_data": [], "string_list_data": [{"href": "https://www.instagram.com/maria.jones", "value": "maria.jones", "timestamp": 1601215641}]}, {"title": "", "media_list_data": [], "string_list_data": [{"href": "https://www.instagram.com/kimberly.mendoza", "value": "kimberly.mendoza", "timestamp": 1398486346}]}, {"title": "", "media_list_data": [], "string_list_data": [{"href": "https://www.instagram.com/calvin.skinner", "value": "calvin.skinner", "timestamp": 1475421460}]}, {"title": "", "media_list_data": [], "string_list_data": [{"href": "https://www.instagram.com/nicole.wolfe", "value": "nicole.wolfe", "timestamp": 1220997530}]}, {"title": "", "media_list_data": [], "string_list_data": [{"href": "https://www.instagram.com/nicholas.mcgrath", "value": "nicholas.mcgrath", "timestamp": 1410906118}]}, {"title": "", "media_list_data": [], "string_list_data": [{"href": "https://www.instagram.com/david.powell", "value": "david.powell", "timestamp": 1592945119}]}, {"title": "", "media_list_data": [], "string_list_data": [{"href": "https://www.instagram.com/stacey.benson", "value": "stacey.benson", "timestamp": 1211079361}]}, {"title": "", "media_list_data": [], "string_list_data": [{"href": "https://www.instagram.com/lisa.miller", "value": "lisa.miller", "timestamp": 1341195305}]}, {"title": "", "media_list_data": [], "string_list_data": [{"href": "https://www.instagram.com/mark.rasmussen", "value": "mark.rasmussen", "timestamp": 1380362006}]}, {"title": "", "media_list_data": [], "string_list_data": [{"href": "https://www.instagram.com/dawn.brooks", "value": "dawn.brooks", "timestamp": 1537672090}]}, {"title": "", "media_list_data": [], "string_list_data": [{"href": "https://www.instagram.com/patrick.branch", "value": "patrick.branch", "timestamp": 1487238095}]}, {"title": "", "media_list_data": [], "string_list_data": [{"href": "https://www.instagram.com/tim.zuniga", "value": "tim.zuniga", "timestamp": 1397926167}]}, {"title": "", "media_list_data": [], "string_list_data": [{"href": "https://www.instagram.com/kayla.wilson", "value": "kayla.wilson", "timestamp": 1486329224}]}, {"title": "", "media_list_data": [], "string_list_data": [{"href": "https://www.instagram.com/valerie.alvarez", "value": "valerie.alvarez", "timestamp": 1334885886}]}, {"title": "", "media_list_data": [], "string_list_data": [{"href": "https://www.instagram.com/christopher.montoya", "value": "christopher.montoya", "timestamp": 1490941558}]}, {"title": "", "media_list_data": [], "string_list_data": [{"href": "https://www.instagram.com/karen.carroll", "value": "karen.carroll", "timestamp": 1550303457}]}, {"title": "", "media_list_data": [], "string_list_data": [{"href": "https://www.instagram.com/monique.kelley", "value": "monique.kelley", "timestamp": 1603874012}]}, {"title": "", "media_list_data": [], "string_list_data": [{"href": "https://www.instagram.com/debra.smith", "value": "debra.smith", "timestamp": 1297059429}]}, {"title": "", "media_list_data": [], "string_list_data": [{"href": "https://www.instagram.com/michelle.love", "value": "michelle.love", "timestamp": 1432490372}]}, {"title": "", "media_list_data": [], "string_list_data": [{"href": "https://www.instagram.com/sharon.smith", "value": "sharon.smith", "timestamp": 1430578016}]}, {"title": "", "media_list_data": [], "string_list_data": [{"href": "https://www.instagram.com/jason.chan", "value": "jason.chan", "timestamp": 1584571440}]}, {"title": "", "media_list_data": [], "string_list_data": [{"href": "https://www.instagram.com/aaron.moore", "value": "aaron.moore", "timestamp": 1569684792}]}, {"title": "", "media_list_data": [], "string_list_data": [{"href": "https://www.instagram.com/mark.perez", "value": "mark.perez", "timestamp": 1509091588}]}, {"title": "", "media_list_data": [], "string_list_data": [{"href": "https://www.instagram.com/kristen.macdonald", "value": "kristen.macdonald", "timestamp": 1461335701}]}, {"title": "", "media_list_data": [], "string_list_data": [{"href": "https://www.instagram.com/jason.cooper", "value": "jason.cooper", "timestamp": 1335744691}]}, {"title": "", "media_list_data": [], "string_list_data": [{"href": "https://www.instagram.com/richard.thompson", "value": "richard.thompson", "timestamp": 1597530417}]}, {"title": "", "media_list_data": [], "string_list_data": [{"href": "https://www.instagram.com/laura.peters", "value": "laura.peters", "timestamp": 1586945311}]}, {"title": "", "media_list_data": [], "string_list_data": [{"href": "https://www.instagram.com/pamela.norton", "value": "pamela.norton", "timestamp": 1321658487}]}, {"title": "", "media_list_data": [], "string_list_data": [{"href": "https://www.instagram.com/james.gutierrez", "value": "james.gutierrez", "timestamp": 1450479857}]}, {"title": "", "media_list_data": [], "string_list_data": [{"href": "https://www.instagram.com/haley.hughes", "value": "haley.hughes", "timestamp": 1595796201}]}, {"title": "", "media_list_data": [], "string_list_data": [{"href": "https://www.instagram.com/ryan.gould", "value": "ryan.gould", "timestamp": 1623703933}]}, {"title": "", "media_list_data": [], "string_list_data": [{"href": "https://www.instagram.com/kayla.vincent", "value": "kayla.vincent", "timestamp": 1366140019}]}, {"title": "", "media_list_data": [], "string_list_data": [{"href": "https://www.instagram.com/richard.russell", "value": "richard.russell", "timestamp": 1474635997}]}, {"title": "", "media_list_data": [], "string_list_data": [{"href": "https://www.instagram.com/tom.whitehead", "value": "tom.whitehead", "timestamp": 1253279306}]}, {"title": "", "media_list_data": [], "string_list_data": [{"href": "https://www.instagram.com/barbara.johnson", "value": "barbara.johnson", "timestamp": 1627471408}]}, {"title": "", "media_list_data": [], "string_list_data": [{"href": "https://www.instagram.com/tiffany.francis", "value": "tiffany.francis", "timestamp": 1535318744}]}, {"title": "", "media_list_data": [], "string_list_data": [{"href": "https://www.instagram.com/christopher.graves", "value": "christopher.graves", "timestamp": 1547974764}]}, {"title": "", "media_list_data": [], "string_list_data": [{"href": "https://www.instagram.com/angela.bishop", "value": "angela.bishop", "timestamp": 1312836082}]}, {"title": "", "media_list_data": [], "string_list_data": [{"href": "https://www.instagram.com/kyle.moreno", "value": "kyle.moreno", "timestamp": 1214180169}]}, {"title": "", "media_list_data": [], "string_list_data": [{"href": "https://www.instagram.com/leah.nichols", "value": "leah.nichols", "timestamp": 1536769745}]}, {"title": "", "media_list_data": [], "string_list_data": [{"href": "https://www.instagram.com/ashley.houston", "value": "ashley.houston", "timestamp": 1274801933}]}, {"title": "", "media_list_data": [], "string_list_data": [{"href": "https://www.instagram.com/ashley.coleman", "value": "ashley.coleman", "timestamp": 1211878461}]}, {"title": "", "media_list_data": [], "string_list_data": [{"href": "https://www.instagram.com/melissa.johnson", "value": "melissa.johnson", "timestamp": 1240929657}]}, {"title": "", "media_list_data": [], "string_list_data": [{"href": "https://www.instagram.com/grace.rosales", "value": "grace.rosales", "timestamp": 1513939108}]}, {"title": "", "media_list_data": [], "string_list_data": [{"href": "https://www.instagram.com/kristina.brown", "value": "kristina.brown", "timestamp": 1516094386}]}, {"title": "", "media_list_data": [], "string_list_data": [{"href": "https://www.instagram.com/tiffany.robinson", "value": "tiffany.robinson", "timestamp": 1448975329}]}, {"title": "", "media_list_data": [], "string_list_data": [{"href": "https://www.instagram.com/lisa.hamilton", "value": "lisa.hamilton", "timestamp": 1286649479}]}, {"title": "", "media_list_data": [], "string_list_data": [{"href": "https://www.instagram.com/gina.pena", "value": "gina.pena", "timestamp": 1495286415}]}, {"title": "", "media_list_data": [], "string_list_data": [{"href": "https://www.instagram.com/ashley.harper", "value": "ashley.harper", "timestamp": 1316140780}]}, {"title": "", "media_list_data": [], "string_list_data": [{"href": "https://www.instagram.com/zachary.thomas", "value": "zachary.thomas", "timestamp": 1402953580}]}, {"title": "", "media_list_data": [], "string_list_data": [{"href": "https://www.instagram.com/brian.peterson", "value": "brian.peterson", "timestamp": 1544680092}]}, {"title": "", "media_list_data": [], "string_list_data": [{"href": "https://www.instagram.com/laura.ellis", "value": "laura.ellis", "timestamp": 1363981896}]}, {"title": "", "media_list_data": [], "string_list_data": [{"href": "https://www.instagram.com/susan.dixon", "value": "susan.dixon", "timestamp": 1643726660}]}, {"title": "", "media_list_data": [], "string_list_data": [{"href": "https://www.instagram.com/david.richards", "value": "david.richards", "timestamp": 1205783126}]}, {"title": "", "media_list_data": [], "string_list_data": [{"href": "https://www.instagram.com/randall.drake", "value": "randall.drake", "timestamp": 1251620359}]}, {"title": "", "media_list_data": [], "string_list_data": [{"href": "https://www.instagram.com/melody.wolf", "value": "melody.wolf", "timestamp": 1382070624}]}, {"title": "", "media_list_data": [], "string_list_data": [{"href": "https://www.instagram.com/sheila.watts", "value": "sheila.watts", "timestamp": 1361881452}]}, {"title": "", "media_list_data": [], "string_list_data": [{"href": "https://www.instagram.com/lisa.stewart", "value": "lisa.stewart", "timestamp": 1499408754}]}, {"title": "", "media_list_data": [], "string_list_data": [{"href": "https://www.instagram.com/christina.rogers", "value": "christina.rogers", "timestamp": 1473717945}]}, {"title": "", "media_list_data": [], "string_list_data": [{"href": "https://www.instagram.com/mary.alexander", "value": "mary.alexander", "timestamp": 1485604857}]}, {"title": "", "media_list_data": [], "string_list_data": [{"href": "https://www.instagram.com/jon.mcclure", "value": "jon.mcclure", "timestamp": 1394710897}]}, {"title": "", "media_list_data": [], "string_list_data": [{"href": "https://www.instagram.com/terrance.moore", "value": "terrance.moore", "timestamp": 1460102141}]}, {"title": "", "media_list_data": [], "string_list_data": [{"href": "https://www.instagram.com/brandon.hudson", "value": "brandon.hudson", "timestamp": 1349237128}]}, {"title": "", "media_list_data": [], "string_list_data": [{"href": "https://www.instagram.com/mary.bailey", "value": "mary.bailey", "timestamp": 1654492579}]}, {"title": "", "media_list_data": [], "string_list_data": [{"href": "https://www.instagram.com/timothy.hammond", "value": "timothy.hammond", "timestamp": 1429341051}]}, {"title": "", "media_list_data": [], "string_list_data": [{"href": "https://www.instagram.com/daniel.lopez", "value": "daniel.lopez", "timestamp": 1593349210}]}, {"title": "", "media_list_data": [], "string_list_data": [{"href": "https://www.instagram.com/veronica.harrington", "value": "veronica.harrington", "timestamp": 1303839034}]}, {"title": "", "media_list_data": [], "string_list_data": [{"href": "https://www.instagram.com/ronald.wells", "value": "ronald.wells", "timestamp": 1263316918}]}, {"title": "", "media_list_data": [], "string_list_data": [{"href": "https://www.instagram.com/cory.wood", "value": "cory.wood", "timestamp": 1543031787}]}, {"title": "", "media_list_data": [], "string_list_data": [{"href": "https://www.instagram.com/melanie.webb", "value": "melanie.webb", "timestamp": 1621528709}]}, {"title": "", "media_list_data": [], "string_list_data": [{"href": "https://www.instagram.com/jimmy.martin", "value": "jimmy.martin", "timestamp": 1482561484}]}, {"title": "", "media_list_data": [], "string_list_data": [{"href": "https://www.instagram.com/jeremy.finley", "value": "jeremy.finley", "timestamp": 1392115372}]}, {"title": "", "media_list_data": [], "string_list_data": [{"href": "https://www.instagram.com/samuel.bowen", "value": "samuel.bowen", "timestamp": 1461535011}]}, {"title": "", "media_list_data": [], "string_list_data": [{"href": "https://www.instagram.com/sandra.duran", "value": "sandra.duran", "timestamp": 1251414715}]}, {"title": "", "media_list_data": [], "string_list_data": [{"href": "https://www.instagram.com/todd.phillips", "value": "todd.phillips", "timestamp": 1355928401}]}, {"title": "", "media_list_data": [], "string_list_data": [{"href": "https://www.instagram.com/roberto.nelson", "value": "roberto.nelson", "timestamp": 1606512905}]}, {"title": "", "media_list_data": [], "string_list_data": [{"href": "https://www.instagram.com/thomas.mills", "value": "thomas.mills", "timestamp": 1304569696}]}, {"title": "", "media_list_data": [], "string_list_data": [{"href": "https://www.instagram.com/leon.day", "value": "leon.day", "timestamp": 1520097890}]}, {"title": "", "media_list_data": [], "string_list_data": [{"href": "https://www.instagram.com/bethany.fuller", "value": "bethany.fuller", "timestamp": 1306895279}]}, {"title": "", "media_list_data": [], "string_list_data": [{"href": "https://www.instagram.com/steven.salazar", "value": "steven.salazar", "timestamp": 1214612877}]}, {"title": "", "media_list_data": [], "string_list_data": [{"href": "https://www.instagram.com/carol.robles", "value": "carol.robles", "timestamp": 1266640842}]}, {"title": "", "media_list_data": [], "string_list_data": [{"href": "https://www.instagram.com/stacy.casey", "value": "stacy.casey", "timestamp": 1302526884}]}, {"title": "", "media_list_data": [], "string_list_data": [{"href": "https://www.instagram.com/randy.miller", "value": "randy.miller", "timestamp": 1515025999}]}, {"title": "", "media_list_data": [], "string_list_data": [{"href": "https://www.instagram.com/michele.ramirez", "value": "michele.ramirez", "timestamp": 1499137860}]}, {"title": "", "media_list_data": [], "string_list_data": [{"href": "https://www.instagram.com/krista.noble", "value": "krista.noble", "timestamp": 1434282883}]}, {"title": "", "media_list_data": [], "string_list_data": [{"href": "https://www.instagram.com/anna.bell", "value": "anna.bell", "timestamp": 1580773344}]}, {"title": "", "media_list_data": [], "string_list_data": [{"href": "https://www.instagram.com/wendy.morris", "value": "wendy.morris", "timestamp": 1530443985}]}, {"title": "", "media_list_data": [], "string_list_data": [{"href": "https://www.instagram.com/christy.harris", "value": "christy.harris", "timestamp": 1634415955}]}, {"title": "", "media_list_data": [], "string_list_data": [{"href": "https://www.instagram.com/heather.herring", "value": "heather.herring", "timestamp": 1654898901}]}, {"title": "", "media_list_data": [], "string_list_data": [{"href": "https://www.instagram.com/cheryl.donovan", "value": "cheryl.donovan", "timestamp": 1238783612}]}, {"title": "", "media_list_data": [], "string_list_data": [{"href": "https://www.instagram.com/sarah.yoder", "value": "sarah.yoder", "timestamp": 1415407550}]}, {"title": "", "media_list_data": [], "string_list_data": [{"href": "https://www.instagram.com/nicole.jimenez", "value": "nicole.jimenez", "timestamp": 1232460693}]}, {"title": "", "media_list_data": [], "string_list_data": [{"href": "https://www.instagram.com/julie.berg", "value": "julie.berg", "timestamp": 1413352917}]}, {"title": "", "media_list_data": [], "string_list_data": [{"href": "https://www.instagram.com/jacqueline.russell", "value": "jacqueline.russell", "timestamp": 1255514399}]}, {"title": "", "media_list_data": [], "string_list_data": [{"href": "https://www.instagram.com/jordan.farrell", "value": "jordan.farrell", "timestamp": 1518970997}]}, {"title": "", "media_list_data": [], "string_list_data": [{"href": "https://www.instagram.com/katie.hays", "value": "katie.hays", "timestamp": 1423451296}]}, {"title": "", "media_list_data": [], "string_list_data": [{"href": "https://www.instagram.com/brittany.monroe", "value": "brittany.monroe", "timestamp": 1257214860}]}, {"title": "", "media_list_data": [], "string_list_data": [{"href": "https://www.instagram.com/john.brown", "value": "john.brown", "timestamp": 1362522276}]}, {"title": "", "media_list_data": [], "string_list_data": [{"href": "https://www.instagram.com/lisa.burton", "value": "lisa.burton", "timestamp": 1659849322}]}, {"title": "", "media_list_data": [], "string_list_data": [{"href": "https://www.instagram.com/brittany.smith", "value": "brittany.smith", "timestamp": 1263816367}]}, {"title": "", "media_list_data": [], "string_list_data": [{"href": "https://www.instagram.com/elizabeth.pena", "value": "elizabeth.pena", "timestamp": 1563575272}]}, {"title": "", "media_list_data": [], "string_list_data": [{"href": "https://www.instagram.com/courtney.white", "value": "courtney.white", "timestamp": 1621394375}]}, {"title": "", "media_list_data": [], "string_list_data": [{"href": "https://www.instagram.com/jose.brady", "value": "jose.brady", "timestamp": 1559165513}]}, {"title": "", "media_list_data": [], "string_list_data": [{"href": "https://www.instagram.com/katie.duncan", "value": "katie.duncan", "timestamp": 1577163191}]}, {"title": "", "media_list_data": [], "string_list_data": [{"href": "https://www.instagram.com/laura.norton", "value": "laura.norton", "timestamp": 1465540896}]}, {"title": "", "media_list_data": [], "string_list_data": [{"href": "https://www.instagram.com/jonathan.jones", "value": "jonathan.jones", "timestamp": 1444017902}]}, {"title": "", "media_list_data": [], "string_list_data": [{"href": "https://www.instagram.com/jessica.davis", "value": "jessica.davis", "timestamp": 1499734670}]}, {"title": "", "media_list_data": [], "string_list_data": [{"href": "https://www.instagram.com/marc.williams", "value": "marc.williams", "timestamp": 1644896936}]}, {"title": "", "media_list_data": [], "string_list_data": [{"href": "https://www.instagram.com/colleen.cunningham", "value": "colleen.cunningham", "timestamp": 1648561927}]}, {"title": "", "media_list_data": [], "string_list_data": [{"href": "https://www.instagram.com/brian.roberts", "value": "brian.roberts", "timestamp": 1446069653}]}, {"title": "", "media_list_data": [], "string_list_data": [{"href": "https://www.instagram.com/jonathan.santiago", "value": "jonathan.santiago", "timestamp": 1589925098}]}, {"title": "", "media_list_data": [], "string_list_data": [{"href": "https://www.instagram.com/darlene.bowen", "value": "darlene.bowen", "timestamp": 1357376362}]}, {"title": "", "media_list_data": [], "string_list_data": [{"href": "https://www.instagram.com/brandy.singh", "value": "brandy.singh", "timestamp": 1331515322}]}, {"title": "", "media_list_data": [], "string_list_data": [{"href": "https://www.instagram.com/samantha.montes", "value": "samantha.montes", "timestamp": 1207202662}]}, {"title": "", "media_list_data": [], "string_list_data": [{"href": "https://www.instagram.com/donna.brown", "value": "donna.brown", "timestamp": 1482832359}]}, {"title": "", "media_list_data": [], "string_list_data": [{"href": "https://www.instagram.com/nathan.palmer", "value": "nathan.palmer", "timestamp": 1306615182}]}, {"title": "", "media_list_data": [], "string_list_data": [{"href": "https://www.instagram.com/john.shepherd", "value": "john.shepherd", "timestamp": 1460704155}]}, {"title": "", "media_list_data": [], "string_list_data": [{"href": "https://www.instagram.com/mitchell.cunningham", "value": "mitchell.cunningham", "timestamp": 1247125099}]}, {"title": "", "media_list_data": [], "string_list_data": [{"href": "https://www.instagram.com/daisy.long", "value": "daisy.long", "timestamp": 1246676795}]}, {"title": "", "media_list_data": [], "string_list_data": [{"href": "https://www.instagram.com/kristy.henderson", "value": "kristy.henderson", "timestamp": 1343841371}]}, {"title": "", "media_list_data": [], "string_list_data": [{"href": "https://www.instagram.com/michael.johnson", "value": "michael.johnson", "timestamp": 1370109548}]}, {"title": "", "media_list_data": [], "string_list_data": [{"href": "https://www.instagram.com/debra.miller", "value": "debra.miller", "timestamp": 1354320881}]}, {"title": "", "media_list_data": [], "string_list_data": [{"href": "https://www.instagram.com/william.williams", "value": "william.williams", "timestamp": 1217398024}]}, {"title": "", "media_list_data": [], "string_list_data": [{"href": "https://www.instagram.com/wesley.smith", "value": "wesley.smith", "timestamp": 1358148244}]}, {"title": "", "media_list_data": [], "string_list_data": [{"href": "https://www.instagram.com/julie.roberts", "value": "julie.roberts", "timestamp": 1439054722}]}, {"title": "", "media_list_data": [], "string_list_data": [{"href": "https://www.instagram.com/thomas.mcfarland", "value": "thomas.mcfarland", "timestamp": 1335627557}]}, {"title": "", "media_list_data": [], "string_list_data": [{"href": "https://www.instagram.com/david.coleman", "value": "david.coleman", "timestamp": 1501056634}]}, {"title": "", "media_list_data": [], "string_list_data": [{"href": "https://www.instagram.com/sean.williams", "value": "sean.williams", "timestamp": 1379091686}]}, {"title": "", "media_list_data": [], "string_list_data": [{"href": "https://www.instagram.com/edward.dixon", "value": "edward.dixon", "timestamp": 1335134207}]}, {"title": "", "media_list_data": [], "string_list_data": [{"href": "https://www.instagram.com/kevin.nichols", "value": "kevin.nichols", "timestamp": 1404038564}]}, {"title": "", "media_list_data": [], "string_list_data": [{"href": "https://www.instagram.com/abigail.watson", "value": "abigail.watson", "timestamp": 1637008011}]}, {"title": "", "media_list_data": [], "string_list_data": [{"href": "https://www.instagram.com/nicole.sutton", "value": "nicole.sutton", "timestamp": 1650979580}]}, {"title": "", "media_list_data": [], "string_list_data": [{"href": "https://www.instagram.com/kyle.king", "value": "kyle.king", "timestamp": 1617654984}]}, {"title": "", "media_list_data": [], "string_list_data": [{"href": "https://www.instagram.com/ruth.ramirez", "value": "ruth.ramirez", "timestamp": 1365723245}]}, {"title": "", "media_list_data": [], "string_list_data": [{"href": "https://www.instagram.com/tracy.morgan", "value": "tracy.morgan", "timestamp": 1366409674}]}, {"title": "", "media_list_data": [], "string_list_data": [{"href": "https://www.instagram.com/rachel.vaughn", "value": "rachel.vaughn", "timestamp": 1223038536}]}, {"title": "", "media_list_data": [], "string_list_data": [{"href": "https://www.instagram.com/kimberly.white", "value": "kimberly.white", "timestamp": 1281025063}]}, {"title": "", "media_list_data": [], "string_list_data": [{"href": "https://www.instagram.com/kevin.perry", "value": "kevin.perry", "timestamp": 1504643576}]}, {"title": "", "media_list_data": [], "string_list_data": [{"href": "https://www.instagram.com/sarah.strong", "value": "sarah.strong", "timestamp": 1364850812}]}, {"title": "", "media_list_data": [], "string_list_data": [{"href": "https://www.instagram.com/anthony.beck", "value": "anthony.beck", "timestamp": 1265570199}]}, {"title": "", "media_list_data": [], "string_list_data": [{"href": "https://www.instagram.com/emily.smith", "value": "emily.smith", "timestamp": 1457523353}]}, {"title": "", "media_list_data": [], "string_list_data": [{"href": "https://www.instagram.com/kayla.briggs", "value": "kayla.briggs", "timestamp": 1328641618}]}, {"title": "", "media_list_data": [], "string_list_data": [{"href": "https://www.instagram.com/frank.murphy", "value": "frank.murphy", "timestamp": 1304601936}]}, {"title": "", "media_list_data": [], "string_list_data": [{"href": "https://www.instagram.com/christopher.perez", "value": "christopher.perez", "timestamp": 1397085777}]}, {"title": "", "media_list_data": [], "string_list_data": [{"href": "https://www.instagram.com/heather.todd", "value": "heather.todd", "timestamp": 1626971018}]}, {"title": "", "media_list_data": [], "string_list_data": [{"href": "https://www.instagram.com/kelly.hopkins", "value": "kelly.hopkins", "timestamp": 1447558505}]}, {"title": "", "media_list_data": [], "string_list_data": [{"href": "https://www.instagram.com/john.lam", "value": "john.lam", "timestamp": 1536900131}]}, {"title": "", "media_list_data": [], "string_list_data": [{"href": "https://www.instagram.com/brooke.king", "value": "brooke.king", "timestamp": 1355386206}]}, {"title": "", "media_list_data": [], "string_list_data": [{"href": "https://www.instagram.com/jeffrey.ayers", "value": "jeffrey.ayers", "timestamp": 1408637356}]}, {"title": "", "media_list_data": [], "string_list_data": [{"href": "https://www.instagram.com/rebecca.wilson", "value": "rebecca.wilson", "timestamp": 1238265260}]}, {"title": "", "media_list_data": [], "string_list_data": [{"href": "https://www.instagram.com/caitlin.graham", "value": "caitlin.graham", "timestamp": 1242091532}]}, {"title": "", "media_list_data": [], "string_list_data": [{"href": "https://www.instagram.com/mary.jackson", "value": "mary.jackson", "timestamp": 1544683006}]}, {"title": "", "media_list_data": [], "string_list_data": [{"href": "https://www.instagram.com/jasmine.michael", "value": "jasmine.michael", "timestamp": 1469153644}]}, {"title": "", "media_list_data": [], "string_list_data": [{"href": "https://www.instagram.com/nicole.stanton", "value": "nicole.stanton", "timestamp": 1537346626}]}, {"title": "", "media_list_data": [], "string_list_data": [{"href": "https://www.instagram.com/april.martin", "value": "april.martin", "timestamp": 1270857746}]}, {"title": "", "media_list_data": [], "string_list_data": [{"href": "https://www.instagram.com/timothy.johnson", "value": "timothy.johnson", "timestamp": 1243542013}]}, {"title": "", "media_list_data": [], "string_list_data": [{"href": "https://www.instagram.com/amy.price", "value": "amy.price", "timestamp": 1350688246}]}, {"title": "", "media_list_data": [], "string_list_data": [{"href": "https://www.instagram.com/emily.delgado", "value": "emily.delgado", "timestamp": 1635955140}]}, {"title": "", "media_list_data": [], "string_list_data": [{"href": "https://www.instagram.com/timothy.paul", "value": "timothy.paul", "timestamp": 1274216601}]}, {"title": "", "media_list_data": [], "string_list_data": [{"href": "https://www.instagram.com/jennifer.williams", "value": "jennifer.williams", "timestamp": 1214405085}]}, {"title": "", "media_list_data": [], "string_list_data": [{"href": "https://www.instagram.com/john.harris", "value": "john.harris", "timestamp": 1285388086}]}, {"title": "", "media_list_data": [], "string_list_data": [{"href": "https://www.instagram.com/noah.booth", "value": "noah.booth", "timestamp": 1257784554}]}, {"title": "", "media_list_data": [], "string_list_data": [{"href": "https://www.instagram.com/christina.wright", "value": "christina.wright", "timestamp": 1648033629}]}, {"title": "", "media_list_data": [], "string_list_data": [{"href": "https://www.instagram.com/andrea.moore", "value": "andrea.moore", "timestamp": 1483556441}]}, {"title": "", "media_list_data": [], "string_list_data": [{"href": "https://www.instagram.com/vicki.alexander", "value": "vicki.alexander", "timestamp": 1507020365}]}, {"title": "", "media_list_data": [], "string_list_data": [{"href": "https://www.instagram.com/ashley.johnson", "value": "ashley.johnson", "timestamp": 1454220715}]}, {"title": "", "media_list_data": [], "string_list_data": [{"href": "https://www.instagram.com/shawn.johnson", "value": "shawn.johnson", "timestamp": 1285585393}]}, {"title": "", "media_list_data": [], "string_list_data": [{"href": "https://www.instagram.com/randy.bryant", "value": "randy.bryant", "timestamp": 1356592086}]}, {"title": "", "media_list_data": [], "string_list_data": [{"href": "https://www.instagram.com/patricia.willis", "value": "patricia.willis", "timestamp": 1259277099}]}, {"title": "", "media_list_data": [], "string_list_data": [{"href": "https://www.instagram.com/kirsten.williams", "value": "kirsten.williams", "timestamp": 1485796897}]}, {"title": "", "media_list_data": [], "string_list_data": [{"href": "https://www.instagram.com/rachel.montgomery", "value": "rachel.montgomery", "timestamp": 1457864735}]}, {"title": "", "media_list_data": [], "string_list_data": [{"href": "https://www.instagram.com/john.brown", "value": "john.brown", "timestamp": 1354568989}]}, {"title": "", "media_list_data": [], "string_list_data": [{"href": "https://www.instagram.com/mary.bailey", "value": "mary.bailey", "timestamp": 1532139361}]}, {"title": "", "media_list_data": [], "string_list_data": [{"href": "https://www.instagram.com/misty.king", "value": "misty.king", "timestamp": 1435108947}]}, {"title": "", "media_list_data": [], "string_list_data": [{"href": "https://www.instagram.com/amanda.davis", "value": "amanda.davis", "timestamp": 1490424326}]}, {"title": "", "media_list_data": [], "string_list_data": [{"href": "https://www.instagram.com/troy.davis", "value": "troy.davis", "timestamp": 1319509938}]}, {"title": "", "media_list_data": [], "string_list_data": [{"href": "https://www.instagram.com/jeffrey.johnson", "value": "jeffrey.johnson", "timestamp": 1287873654}]}, {"title": "", "media_list_data": [], "string_list_data": [{"href": "https://www.instagram.com/lynn.fernandez", "value": "lynn.fernandez", "timestamp": 1377738017}]}, {"title": "", "media_list_data": [], "string_list_data": [{"href": "https://www.instagram.com/nicole.perez", "value": "nicole.perez", "timestamp": 1579104789}]}, {"title": "", "media_list_data": [], "string_list_data": [{"href": "https://www.instagram.com/miranda.bradley", "value": "miranda.bradley", "timestamp": 1339134921}]}, {"title": "", "media_list_data": [], "string_list_data": [{"href": "https://www.instagram.com/hunter.morris", "value": "hunter.morris", "timestamp": 1321821521}]}, {"title": "", "media_list_data": [], "string_list_data": [{"href": "https://www.instagram.com/jeff.myers", "value": "jeff.myers", "timestamp": 1313168587}]}, {"title": "", "media_list_data": [], "string_list_data": [{"href": "https://www.instagram.com/benjamin.smith", "value": "benjamin.smith", "timestamp": 1439893677}]}, {"title": "", "media_list_data": [], "string_list_data": [{"href": "https://www.instagram.com/joseph.lane", "value": "joseph.lane", "timestamp": 1395393415}]}, {"title": "", "media_list_data": [], "string_list_data": [{"href": "https://www.instagram.com/douglas.mcknight", "value": "douglas.mcknight", "timestamp": 1413941339}]}, {"title": "", "media_list_data": [], "string_list_data": [{"href": "https://www.instagram.com/kathryn.moore", "value": "kathryn.moore", "timestamp": 1514487115}]}, {"title": "", "media_list_data": [], "string_list_data": [{"href": "https://www.instagram.com/bryan.smith", "value": "bryan.smith", "timestamp": 1354989398}]}, {"title": "", "media_list_data": [], "string_list_data": [{"href": "https://www.instagram.com/randall.wilkins", "value": "randall.wilkins", "timestamp": 1449059694}]}, {"title": "", "media_list_data": [], "string_list_data": [{"href": "https://www.instagram.com/jose.miller", "value": "jose.miller", "timestamp": 1330882653}]}, {"title": "", "media_list_data": [], "string_list_data": [{"href": "https://www.instagram.com/william.gonzales", "value": "william.gonzales", "timestamp": 1549242392}]}, {"title": "", "media_list_data": [], "string_list_data": [{"href": "https://www.instagram.com/joanna.duarte", "value": "joanna.duarte", "timestamp": 1508930677}]}, {"title": "", "media_list_data": [], "string_list_data": [{"href": "https://www.instagram.com/angela.byrd", "value": "angela.byrd", "timestamp": 1577776599}]}, {"title": "", "media_list_data": [], "string_list_data": [{"href": "https://www.instagram.com/julie.robinson", "value": "julie.robinson", "timestamp": 1560649862}]}, {"title": "", "media_list_data": [], "string_list_data": [{"href": "https://www.instagram.com/carlos.hickman", "value": "carlos.hickman", "timestamp": 1448198353}]}, {"title": "", "media_list_data": [], "string_list_data": [{"href": "https://www.instagram.com/danielle.davis", "value": "danielle.davis", "timestamp": 1451941869}]}, {"title": "", "media_list_data": [], "string_list_data": [{"href": "https://www.instagram.com/michael.ball", "value": "michael.ball", "timestamp": 1618599826}]}, {"title": "", "media_list_data": [], "string_list_data": [{"href": "https://www.instagram.com/amy.hull", "value": "amy.hull", "timestamp": 1563952811}]}, {"title": "", "media_list_data": [], "string_list_data": [{"href": "https://www.instagram.com/tonya.simon", "value": "tonya.simon", "timestamp": 1453443000}]}, {"title": "", "media_list_data": [], "string_list_data": [{"href": "https://www.instagram.com/kimberly.flores", "value": "kimberly.flores", "timestamp": 1319543500}]}, {"title": "", "media_list_data": [], "string_list_data": [{"href": "https://www.instagram.com/leslie.morales", "value": "leslie.morales", "timestamp": 1240783924}]}, {"title": "", "media_list_data": [], "string_list_data": [{"href": "https://www.instagram.com/mackenzie.davis", "value": "mackenzie.davis", "timestamp": 1208788046}]}, {"title": "", "media_list_data": [], "string_list_data": [{"href": "https://www.instagram.com/amber.marquez", "value": "amber.marquez", "timestamp": 1251432262}]}, {"title": "", "media_list_data": [], "string_list_data": [{"href": "https://www.instagram.com/vincent.fitzgerald", "value": "vincent.fitzgerald", "timestamp": 1449215074}]}, {"title": "", "media_list_data": [], "string_list_data": [{"href": "https://www.instagram.com/robyn.newton", "value": "robyn.newton", "timestamp": 1204082607}]}, {"title": "", "media_list_data": [], "string_list_data": [{"href": "https://www.instagram.com/neil.white", "value": "neil.white", "timestamp": 1496590172}]}, {"title": "", "media_list_data": [], "string_list_data": [{"href": "https://www.instagram.com/mary.lopez", "value": "mary.lopez", "timestamp": 1333683510}]}, {"title": "", "media_list_data": [], "string_list_data": [{"href": "https://www.instagram.com/michael.snyder", "value": "michael.snyder", "timestamp": 1667057684}]}, {"title": "", "media_list_data": [], "string_list_data": [{"href": "https://www.instagram.com/charles.prince", "value": "charles.prince", "timestamp": 1625704361}]}, {"title": "", "media_list_data": [], "string_list_data": [{"href": "https://www.instagram.com/paula.brown", "value": "paula.brown", "timestamp": 1212485801}]}, {"title": "", "media_list_data": [], "string_list_data": [{"href": "https://www.instagram.com/rebecca.mercer", "value": "rebecca.mercer", "timestamp": 1398743434}]}, {"title": "", "media_list_data": [], "string_list_data": [{"href": "https://www.instagram.com/james.webb", "value": "james.webb", "timestamp": 1341617917}]}, {"title": "", "media_list_data": [], "string_list_data": [{"href": "https://www.instagram.com/sandra.cooke", "value": "sandra.cooke", "timestamp": 1340596808}]}, {"title": "", "media_list_data": [], "string_list_data": [{"href": "https://www.instagram.com/todd.jackson", "value": "todd.jackson", "timestamp": 1264357097}]}, {"title": "", "media_list_data": [], "string_list_data": [{"href": "https://www.instagram.com/william.morgan", "value": "william.morgan", "timestamp": 1626946282}]}, {"title": "", "media_list_data": [], "string_list_data": [{"href": "https://www.instagram.com/gregory.taylor", "value": "gregory.taylor", "timestamp": 1379925393}]}, {"title": "", "media_list_data": [], "string_list_data": [{"href": "https://www.instagram.com/shane.torres", "value": "shane.torres", "timestamp": 1538292621}]}, {"title": "", "media_list_data": [], "string_list_data": [{"href": "https://www.instagram.com/amanda.holmes", "value": "amanda.holmes", "timestamp": 1244454638}]}, {"title": "", "media_list_data": [], "string_list_data": [{"href": "https://www.instagram.com/clifford.armstrong", "value": "clifford.armstrong", "timestamp": 1414144554}]}, {"title": "", "media_list_data": [], "string_list_data": [{"href": "https://www.instagram.com/jacqueline.west", "value": "jacqueline.west", "timestamp": 1640624177}]}, {"title": "", "media_list_data": [], "string_list_data": [{"href": "https://www.instagram.com/shannon.singh", "value": "shannon.singh", "timestamp": 1294814082}]}, {"title": "", "media_list_data": [], "string_list_data": [{"href": "https://www.instagram.com/debbie.clark", "value": "debbie.clark", "timestamp": 1292076322}]}, {"title": "", "media_list_data": [], "string_list_data": [{"href": "https://www.instagram.com/jacob.mcgrath", "value": "jacob.mcgrath", "timestamp": 1577165213}]}, {"title": "", "media_list_data": [], "string_list_data": [{"href": "https://www.instagram.com/nicole.nunez", "value": "nicole.nunez", "timestamp": 1321588982}]}, {"title": "", "media_list_data": [], "string_list_data": [{"href": "https://www.instagram.com/gregory.potter", "value": "gregory.potter", "timestamp": 1380954404}]}, {"title": "", "media_list_data": [], "string_list_data": [{"href": "https://www.instagram.com/kimberly.nguyen", "value": "kimberly.nguyen", "timestamp": 1354741052}]}, {"title": "", "media_list_data": [], "string_list_data": [{"href": "https://www.instagram.com/kelly.weaver", "value": "kelly.weaver", "timestamp": 1582328765}]}, {"title": "", "media_list_data": [], "string_list_data": [{"href": "https://www.instagram.com/betty.jones", "value": "betty.jones", "timestamp": 1253781650}]}, {"title": "", "media_list_data": [], "string_list_data": [{"href": "https://www.instagram.com/kathy.salas", "value": "kathy.salas", "timestamp": 1228349339}]}, {"title": "", "media_list_data": [], "string_list_data": [{"href": "https://www.instagram.com/wendy.wilson", "value": "wendy.wilson", "timestamp": 1592642549}]}, {"title": "", "media_list_data": [], "string_list_data": [{"href": "https://www.instagram.com/james.jones", "value": "james.jones", "timestamp": 1301164574}]}, {"title": "", "media_list_data": [], "string_list_data": [{"href": "https://www.instagram.com/jessica.wilson", "value": "jessica.wilson", "timestamp": 1588401070}]}, {"title": "", "media_list_data": [], "string_list_data": [{"href": "https://www.instagram.com/lisa.williams", "value": "lisa.williams", "timestamp": 1494568953}]}, {"title": "", "media_list_data": [], "string_list_data": [{"href": "https://www.instagram.com/joshua.johnston", "value": "joshua.johnston", "timestamp": 1309924347}]}, {"title": "", "media_list_data": [], "string_list_data": [{"href": "https://www.instagram.com/sandra.shaw", "value": "sandra.shaw", "timestamp": 1257779727}]}, {"title": "", "media_list_data": [], "string_list_data": [{"href": "https://www.instagram.com/michael.good", "value": "michael.good", "timestamp": 1334900762}]}, {"title": "", "media_list_data": [], "string_list_data": [{"href": "https://www.instagram.com/kenneth.davidson", "value": "kenneth.davidson", "timestamp": 1386242632}]}, {"title": "", "media_list_data": [], "string_list_data": [{"href": "https://www.instagram.com/caroline.yang", "value": "caroline.yang", "timestamp": 1515546982}]}, {"title": "", "media_list_data": [], "string_list_data": [{"href": "https://www.instagram.com/wesley.mullins", "value": "wesley.mullins", "timestamp": 1480701265}]}, {"title": "", "media_list_data": [], "string_list_data": [{"href": "https://www.instagram.com/barry.williams", "value": "barry.williams", "timestamp": 1335956103}]}, {"title": "", "media_list_data": [], "string_list_data": [{"href": "https://www.instagram.com/suzanne.bell", "value": "suzanne.bell", "timestamp": 1227886852}]}, {"title": "", "media_list_data": [], "string_list_data": [{"href": "https://www.instagram.com/sheryl.garcia", "value": "sheryl.garcia", "timestamp": 1576671583}]}, {"title": "", "media_list_data": [], "string_list_data": [{"href": "https://www.instagram.com/donald.carr", "value": "donald.carr", "timestamp": 1207430694}]}, {"title": "", "media_list_data": [], "string_list_data": [{"href": "https://www.instagram.com/chelsea.reyes", "value": "chelsea.reyes", "timestamp": 1546623344}]}, {"title": "", "media_list_data": [], "string_list_data": [{"href": "https://www.instagram.com/becky.robinson", "value": "becky.robinson", "timestamp": 1212923070}]}, {"title": "", "media_list_data": [], "string_list_data": [{"href": "https://www.instagram.com/jared.james", "value": "jared.james", "timestamp": 1605732346}]}, {"title": "", "media_list_data": [], "string_list_data": [{"href": "https://www.instagram.com/melanie.jones", "value": "melanie.jones", "timestamp": 1359334599}]}, {"title": "", "media_list_data": [], "string_list_data": [{"href": "https://www.instagram.com/steven.lee", "value": "steven.lee", "timestamp": 1622722783}]}, {"title": "", "media_list_data": [], "string_list_data": [{"href": "https://www.instagram.com/david.martin", "value": "david.martin", "timestamp": 1516055497}]}, {"title": "", "media_list_data": [], "string_list_data": [{"href": "https://www.instagram.com/deborah.coleman", "value": "deborah.coleman", "timestamp": 1635562664}]}, {"title": "", "media_list_data": [], "string_list_data": [{"href": "https://www.instagram.com/ashley.marshall", "value": "ashley.marshall", "timestamp": 1649712427}]}, {"title": "", "media_list_data": [], "string_list_data": [{"href": "https://www.instagram.com/robert.briggs", "value": "robert.briggs", "timestamp": 1492132309}]}, {"title": "", "media_list_data": [], "string_list_data": [{"href": "https://www.instagram.com/robert.edwards", "value": "robert.edwards", "timestamp": 1633210300}]}, {"title": "", "media_list_data": [], "string_list_data": [{"href": "https://www.instagram.com/stephanie.montoya", "value": "stephanie.montoya", "timestamp": 1563665656}]}, {"title": "", "media_list_data": [], "string_list_data": [{"href": "https://www.instagram.com/jesus.lee", "value": "jesus.lee", "timestamp": 1574598151}]}, {"title": "", "media_list_data": [], "string_list_data": [{"href": "https://www.instagram.com/barbara.wu", "value": "barbara.wu", "timestamp": 1397536795}]}, {"title": "", "media_list_data": [], "string_list_data": [{"href": "https://www.instagram.com/alexandra.arias", "value": "alexandra.arias", "timestamp": 1317772251}]}, {"title": "", "media_list_data": [], "string_list_data": [{"href": "https://www.instagram.com/john.sanders", "value": "john.sanders", "timestamp": 1630902683}]}, {"title": "", "media_list_data": [], "string_list_data": [{"href": "https://www.instagram.com/alan.mcdowell", "value": "alan.mcdowell", "timestamp": 1289715375}]}, {"title": "", "media_list_data": [], "string_list_data": [{"href": "https://www.instagram.com/kimberly.palmer", "value": "kimberly.palmer", "timestamp": 1268411260}]}, {"title": "", "media_list_data": [], "string_list_data": [{"href": "https://www.instagram.com/mary.garrett", "value": "mary.garrett", "timestamp": 1480475201}]}, {"title": "", "media_list_data": [], "string_list_data": [{"href": "https://www.instagram.com/alexa.rodriguez", "value": "alexa.rodriguez", "timestamp": 1469640654}]}, {"title": "", "media_list_data": [], "string_list_data": [{"href": "https://www.instagram.com/dan.morris", "value": "dan.morris", "timestamp": 1230969890}]}, {"title": "", "media_list_data": [], "string_list_data": [{"href": "https://www.instagram.com/patrick.cox", "value": "patrick.cox", "timestamp": 1387384853}]}, {"title": "", "media_list_data": [], "string_list_data": [{"href": "https://www.instagram.com/eric.banks", "value": "eric.banks", "timestamp": 1656698627}]}, {"title": "", "media_list_data": [], "string_list_data": [{"href": "https://www.instagram.com/michael.dudley", "value": "michael.dudley", "timestamp": 1277315575}]}, {"title": "", "media_list_data": [], "string_list_data": [{"href": "https://www.instagram.com/george.hood", "value": "george.hood", "timestamp": 1605927960}]}, {"title": "", "media_list_data": [], "string_list_data": [{"href": "https://www.instagram.com/john.white", "value": "john.white", "timestamp": 1231340269}]}, {"title": "", "media_list_data": [], "string_list_data": [{"href": "https://www.instagram.com/debbie.bass", "value": "debbie.bass", "timestamp": 1202689881}]}, {"title": "", "media_list_data": [], "string_list_data": [{"href": "https://www.instagram.com/sandra.mckee", "value": "sandra.mckee", "timestamp": 1210397766}]}, {"title": "", "media_list_data": [], "string_list_data": [{"href": "https://www.instagram.com/mary.hawkins", "value": "mary.hawkins", "timestamp": 1565986066}]}, {"title": "", "media_list_data": [], "string_list_data": [{"href": "https://www.instagram.com/christopher.rose", "value": "christopher.rose", "timestamp": 1396010276}]}, {"title": "", "media_list_data": [], "string_list_data": [{"href": "https://www.instagram.com/angela.reeves", "value": "angela.reeves", "timestamp": 1316269793}]}, {"title": "", "media_list_data": [], "string_list_data": [{"href": "https://www.instagram.com/emma.heath", "value": "emma.heath", "timestamp": 1516018820}]}, {"title": "", "media_list_data": [], "string_list_data": [{"href": "https://www.instagram.com/kathleen.mendez", "value": "kathleen.mendez", "timestamp": 1326158968}]}, {"title": "", "media_list_data": [], "string_list_data": [{"href": "https://www.instagram.com/jeremy.armstrong", "value": "jeremy.armstrong", "timestamp": 1422506918}]}, {"title": "", "media_list_data": [], "string_list_data": [{"href": "https://www.instagram.com/justin.blake", "value": "justin.blake", "timestamp": 1344644801}]}, {"title": "", "media_list_data": [], "string_list_data": [{"href": "https://www.instagram.com/james.reynolds", "value": "james.reynolds", "timestamp": 1589350604}]}, {"title": "", "media_list_data": [], "string_list_data": [{"href": "https://www.instagram.com/erik.york", "value": "erik.york", "timestamp": 1208220810}]}, {"title": "", "media_list_data": [], "string_list_data": [{"href": "https://www.instagram.com/elizabeth.huynh", "value": "elizabeth.huynh", "timestamp": 1558986322}]}, {"title": "", "media_list_data": [], "string_list_data": [{"href": "https://www.instagram.com/jeffery.chen", "value": "jeffery.chen", "timestamp": 1534703735}]}, {"title": "", "media_list_data": [], "string_list_data": [{"href": "https://www.instagram.com/annette.brown", "value": "annette.brown", "timestamp": 1568459024}]}, {"title": "", "media_list_data": [], "string_list_data": [{"href": "https://www.instagram.com/christine.padilla", "value": "christine.padilla", "timestamp": 1361824688}]}, {"title": "", "media_list_data": [], "string_list_data": [{"href": "https://www.instagram.com/latasha.mcmillan", "value": "latasha.mcmillan", "timestamp": 1553174550}]}, {"title": "", "media_list_data": [], "string_list_data": [{"href": "https://www.instagram.com/sharon.freeman", "value": "sharon.freeman", "timestamp": 1220569219}]}, {"title": "", "media_list_data": [], "string_list_data": [{"href": "https://www.instagram.com/jeanette.hughes", "value": "jeanette.hughes", "timestamp": 1613619936}]}, {"title": "", "media_list_data": [], "string_list_data": [{"href": "https://www.instagram.com/erica.miller", "value": "erica.miller", "timestamp": 1326823082}]}, {"title": "", "media_list_data": [], "string_list_data": [{"href": "https://www.instagram.com/robin.quinn", "value": "robin.quinn", "timestamp": 1202022276}]}, {"title": "", "media_list_data": [], "string_list_data": [{"href": "https://www.instagram.com/julie.davis", "value": "julie.davis", "timestamp": 1578028366}]}, {"title": "", "media_list_data": [], "string_list_data": [{"href": "https://www.instagram.com/barbara.meza", "value": "barbara.meza", "timestamp": 1516504198}]}, {"title": "", "media_list_data": [], "string_list_data": [{"href": "https://www.instagram.com/paul.wilkerson", "value": "paul.wilkerson", "timestamp": 1361358012}]}, {"title": "", "media_list_data": [], "string_list_data": [{"href": "https://www.instagram.com/wanda.larson", "value": "wanda.larson", "timestamp": 1314086243}]}, {"title": "", "media_list_data": [], "string_list_data": [{"href": "https://www.instagram.com/lawrence.ruiz", "value": "lawrence.ruiz", "timestamp": 1251770572}]}, {"title": "", "media_list_data": [], "string_list_data": [{"href": "https://www.instagram.com/linda.ward", "value": "linda.ward", "timestamp": 1626911917}]}, {"title": "", "media_list_data": [], "string_list_data": [{"href": "https://www.instagram.com/mario.clements", "value": "mario.clements", "timestamp": 1512883860}]}, {"title": "", "media_list_data": [], "string_list_data": [{"href": "https://www.instagram.com/nicole.jimenez", "value": "nicole.jimenez", "timestamp": 1318525031}]}, {"title": "", "media_list_data": [], "string_list_data": [{"href": "https://www.instagram.com/robert.johnson", "value": "robert.johnson", "timestamp": 1449220998}]}, {"title": "", "media_list_data": [], "string_list_data": [{"href": "https://www.instagram.com/laura.beard", "value": "laura.beard", "timestamp": 1274315058}]}, {"title": "", "media_list_data": [], "string_list_data": [{"href": "https://www.instagram.com/lori.moses", "value": "lori.moses", "timestamp": 1530328385}]}, {"title": "", "media_list_data": [], "string_list_data": [{"href": "https://www.instagram.com/rebecca.baker", "value": "rebecca.baker", "timestamp": 1403686963}]}, {"title": "", "media_list_data": [], "string_list_data": [{"href": "https://www.instagram.com/trevor.mccormick", "value": "trevor.mccormick", "timestamp": 1586429242}]}, {"title": "", "media_list_data": [], "string_list_data": [{"href": "https://www.instagram.com/robert.smith", "value": "robert.smith", "timestamp": 1240026176}]}, {"title": "", "media_list_data": [], "string_list_data": [{"href": "https://www.instagram.com/martin.rice", "value": "martin.rice", "timestamp": 1368597759}]}, {"title": "", "media_list_data": [], "string_list_data": [{"href": "https://www.instagram.com/gary.rodriguez", "value": "gary.rodriguez", "timestamp": 1358585741}]}, {"title": "", "media_list_data": [], "string_list_data": [{"href": "https://www.instagram.com/dana.carroll", "value": "dana.carroll", "timestamp": 1319762946}]}, {"title": "", "media_list_data": [], "string_list_data": [{"href": "https://www.instagram.com/anthony.tyler", "value": "anthony.tyler", "timestamp": 1664272233}]}, {"title": "", "media_list_data": [], "string_list_data": [{"href": "https://www.instagram.com/dennis.cooper", "value": "dennis.cooper", "timestamp": 1385044173}]}, {"title": "", "media_list_data": [], "string_list_data": [{"href": "https://www.instagram.com/nathan.parrish", "value": "nathan.parrish", "timestamp": 1442510164}]}, {"title": "", "media_list_data": [], "string_list_data": [{"href": "https://www.instagram.com/samuel.ross", "value": "samuel.ross", "timestamp": 1214741667}]}, {"title": "", "media_list_data": [], "string_list_data": [{"href": "https://www.instagram.com/jordan.kelly", "value": "jordan.kelly", "timestamp": 1255355794}]}, {"title": "", "media_list_data": [], "string_list_data": [{"href": "https://www.instagram.com/jane.martinez", "value": "jane.martinez", "timestamp": 1436013209}]}, {"title": "", "media_list_data": [], "string_list_data": [{"href": "https://www.instagram.com/francisco.macias", "value": "francisco.macias", "timestamp": 1370131175}]}, {"title": "", "media_list_data": [], "string_list_data": [{"href": "https://www.instagram.com/lindsey.wilson", "value": "lindsey.wilson", "timestamp": 1413300038}]}, {"title": "", "media_list_data": [], "string_list_data": [{"href": "https://www.instagram.com/charles.craig", "value": "charles.craig", "timestamp": 1232218356}]}, {"title": "", "media_list_data": [], "string_list_data": [{"href": "https://www.instagram.com/travis.choi", "value": "travis.choi", "timestamp": 1217401057}]}, {"title": "", "media_list_data": [], "string_list_data": [{"href": "https://www.instagram.com/lori.villa", "value": "lori.villa", "timestamp": 1610592480}]}, {"title": "", "media_list_data": [], "string_list_data": [{"href": "https://www.instagram.com/keith.gonzalez", "value": "keith.gonzalez", "timestamp": 1314675724}]}, {"title": "", "media_list_data": [], "string_list_data": [{"href": "https://www.instagram.com/scott.cisneros", "value": "scott.cisneros", "timestamp": 1483256538}]}, {"title": "", "media_list_data": [], "string_list_data": [{"href": "https://www.instagram.com/neil.ramirez", "value": "neil.ramirez", "timestamp": 1636964596}]}, {"title": "", "media_list_data": [], "string_list_data": [{"href": "https://www.instagram.com/debra.hayes", "value": "debra.hayes", "timestamp": 1268424510}]}, {"title": "", "media_list_data": [], "string_list_data": [{"href": "https://www.instagram.com/matthew.cervantes", "value": "matthew.cervantes", "timestamp": 1490234226}]}]}