[{
  "header": "Assistant",
  "title": "Vous avez dit comme tu veux",
  "titleUrl": "https://www.google.com/search?q\u003dcomme+tu+veux",
  "time": "2019-08-17T18:27:53.075Z",
  "products": ["Assistant"],
  "activityControls": ["Activité sur le Web et les applications"],
  "locationInfos": [{
    "name": "Dans cette zone générale",
    "url": "https://www.google.com/maps/@?api\u003d1\u0026map_action\u003dmap\u0026center\u003d50.081989,14.412824\u0026zoom\u003d12",
    "source": "D\u0027après votre appareil"
  }]
},{
  "header": "Assistant",
  "title": "Vous avez dit le retrouve au milieu de l\u0027église avec son",
  "titleUrl": "https://www.google.com/search?q\u003dle+retrouve+au+milieu+de+l%27%C3%A9glise+avec+son",
  "time": "2019-08-11T14:27:24.551Z",
  "products": ["Assistant"],
  "activityControls": ["Activité sur le Web et les applications"],
  "locationInfos": [{
    "name": "Dans cette zone générale",
    "url": "https://www.google.com/maps/@?api\u003d1\u0026map_action\u003dmap\u0026center\u003d48.197917,16.386806\u0026zoom\u003d12",
    "source": "D\u0027après votre appareil"
  }]
},{
  "header": "Assistant",
  "title": "\"Maps\" sélectionné",
  "time": "2019-05-30T08:53:13.300Z",
  "products": ["Assistant"],
  "activityControls": ["Activité sur le Web et les applications"]
},{
  "header": "Assistant",
  "title": "Vous avez dit s\u0027arrêter à Annemasse",
  "titleUrl": "https://www.google.com/search?q\u003ds%27arr%C3%AAter+%C3%A0+Annemasse",
  "time": "2019-05-30T08:53:10.151Z",
  "products": ["Assistant"],
  "activityControls": ["Activité sur le Web et les applications"],
  "locationInfos": [{
    "name": "Dans cette zone générale",
    "url": "https://www.google.com/maps/@?api\u003d1\u0026map_action\u003dmap\u0026center\u003d46.509063,6.604531\u0026zoom\u003d12",
    "source": "D\u0027après votre appareil"
  }]
},{
  "header": "Assistant",
  "title": "Vous avez dit 5 x 6",
  "titleUrl": "https://www.google.com/search?q\u003d5+x+6",
  "time": "2019-05-26T22:08:51.093Z",
  "products": ["Assistant"],
  "activityControls": ["Activité sur le Web et les applications"],
  "locationInfos": [{
    "name": "Dans cette zone générale",
    "url": "https://www.google.com/maps/@?api\u003d1\u0026map_action\u003dmap\u0026center\u003d45.807187,4.933651\u0026zoom\u003d12",
    "source": "D\u0027après votre appareil"
  }]
},{
  "header": "Assistant",
  "title": "Vous avez dit 2 x 30",
  "titleUrl": "https://www.google.com/search?q\u003d2+x+30",
  "time": "2019-05-26T22:08:24.195Z",
  "products": ["Assistant"],
  "activityControls": ["Activité sur le Web et les applications"],
  "locationInfos": [{
    "name": "Dans cette zone générale",
    "url": "https://www.google.com/maps/@?api\u003d1\u0026map_action\u003dmap\u0026center\u003d45.788311,4.930392\u0026zoom\u003d12",
    "source": "D\u0027après votre appareil"
  }]
},{
  "header": "Assistant",
  "title": "Application utilisée : Assistant",
  "time": "2019-05-01T07:40:52.138Z",
  "products": ["Assistant"],
  "activityControls": ["Activité sur le Web et les applications"],
  "locationInfos": [{
    "name": "Dans cette zone générale",
    "url": "https://www.google.com/maps/@?api\u003d1\u0026map_action\u003dmap\u0026center\u003d46.528143,6.608957\u0026zoom\u003d12",
    "source": "D\u0027après votre appareil"
  }]
},{
  "header": "Assistant",
  "title": "Application utilisée : Assistant",
  "time": "2019-04-28T13:28:24.851Z",
  "products": ["Assistant"],
  "activityControls": ["Activité sur le Web et les applications"],
  "locationInfos": [{
    "name": "Dans cette zone générale",
    "url": "https://www.google.com/maps/@?api\u003d1\u0026map_action\u003dmap\u0026center\u003d46.393439,6.600490\u0026zoom\u003d12",
    "source": "D\u0027après votre appareil"
  }]
},{
  "header": "Assistant",
  "title": "Commande vocale inconnue",
  "time": "2019-02-13T15:47:02.510Z",
  "products": ["Assistant"],
  "activityControls": ["Activité sur le Web et les applications"]
},{
  "header": "Assistant",
  "title": "Application utilisée : Assistant",
  "time": "2018-12-08T13:37:20.620Z",
  "products": ["Assistant"],
  "activityControls": ["Activité sur le Web et les applications"]
},{
  "header": "Assistant",
  "title": "Application utilisée : Assistant",
  "time": "2018-11-12T07:46:40.577Z",
  "products": ["Assistant"],
  "activityControls": ["Activité sur le Web et les applications"],
  "locationInfos": [{
    "name": "Dans cette zone générale",
    "url": "https://www.google.com/maps/@?api\u003d1\u0026map_action\u003dmap\u0026center\u003d46.525518,6.589277\u0026zoom\u003d12",
    "source": "D\u0027après votre appareil"
  }]
},{
  "header": "Assistant",
  "title": "Application utilisée : Assistant",
  "time": "2018-10-13T11:21:55.686Z",
  "products": ["Assistant"],
  "activityControls": ["Activité sur le Web et les applications"],
  "locationInfos": [{
    "name": "Dans cette zone générale",
    "url": "https://www.google.com/maps/@?api\u003d1\u0026map_action\u003dmap\u0026center\u003d46.236243,6.654632\u0026zoom\u003d12",
    "source": "D\u0027après votre appareil"
  }]
},{
  "header": "Assistant",
  "title": "Application utilisée : Assistant",
  "time": "2018-10-13T11:20:45.285Z",
  "products": ["Assistant"],
  "activityControls": ["Activité sur le Web et les applications"],
  "locationInfos": [{
    "name": "Dans cette zone générale",
    "url": "https://www.google.com/maps/@?api\u003d1\u0026map_action\u003dmap\u0026center\u003d46.236243,6.654632\u0026zoom\u003d12",
    "source": "D\u0027après votre appareil"
  }]
},{
  "header": "Assistant",
  "title": "Application utilisée : Assistant",
  "time": "2018-10-13T11:20:25.208Z",
  "products": ["Assistant"],
  "activityControls": ["Activité sur le Web et les applications"],
  "locationInfos": [{
    "name": "Dans cette zone générale",
    "url": "https://www.google.com/maps/@?api\u003d1\u0026map_action\u003dmap\u0026center\u003d46.236243,6.654632\u0026zoom\u003d12",
    "source": "D\u0027après votre appareil"
  }]
},{
  "header": "Assistant",
  "title": "Application utilisée : Assistant",
  "time": "2018-04-16T16:03:51.739Z",
  "products": ["Assistant"],
  "activityControls": ["Activité sur le Web et les applications"],
  "locationInfos": [{
    "name": "À cette adresse",
    "url": "https://www.google.com/maps/search/?api\u003d1\u0026query\u003d46.521154,6.617194",
    "source": "D\u0027après votre appareil"
  }]
},{
  "header": "Assistant",
  "title": "Application utilisée : Assistant",
  "time": "2018-04-16T16:03:48.206Z",
  "products": ["Assistant"],
  "activityControls": ["Activité sur le Web et les applications"],
  "locationInfos": [{
    "name": "Dans cette zone générale",
    "url": "https://www.google.com/maps/@?api\u003d1\u0026map_action\u003dmap\u0026center\u003d46.521154,6.615662\u0026zoom\u003d17",
    "source": "D\u0027après votre appareil"
  }]
},{
  "header": "Assistant",
  "title": "Application utilisée : Assistant",
  "time": "2018-03-26T13:38:45.222Z",
  "products": ["Assistant"],
  "activityControls": ["Activité sur le Web et les applications"],
  "locationInfos": [{
    "name": "À cette adresse",
    "url": "https://www.google.com/maps/search/?api\u003d1\u0026query\u003d46.520006,6.565273",
    "source": "D\u0027après votre appareil"
  }]
}]