{
  "installed_apps_v2": [
    {
      "name": "BlaBlaCar - Covoiturage",
      "added_timestamp": 1618476787,
      "user_app_scoped_id": 10157899761546435,
      "category": "inactive",
      "removed_timestamp": 0
    },
    {
      "name": "Pok\u00c3\u00a9mon GO",
      "added_timestamp": 1610237983,
      "user_app_scoped_id": 10159481276426435,
      "category": "inactive",
      "removed_timestamp": 0
    },
    {
      "name": "Zattoo",
      "added_timestamp": 1597260929,
      "user_app_scoped_id": 10159095862761435,
      "category": "inactive",
      "removed_timestamp": 0
    },
    {
      "name": "Voyage Priv\u00c3\u00a9 Schweiz",
      "added_timestamp": 1595157624,
      "user_app_scoped_id": 10159024038501435,
      "category": "inactive",
      "removed_timestamp": 0
    },
    {
      "name": "GeoGuessr",
      "added_timestamp": 1593344323,
      "user_app_scoped_id": 10158955141861435,
      "category": "inactive",
      "removed_timestamp": 0
    },
    {
      "name": "Draw Something",
      "added_timestamp": 1587675347,
      "user_app_scoped_id": 10152909188926435,
      "category": "inactive",
      "removed_timestamp": 0
    },
    {
      "name": "Kapten",
      "added_timestamp": 1577484750,
      "user_app_scoped_id": 10158296037051435,
      "category": "inactive",
      "removed_timestamp": 0
    },
    {
      "name": "Mario Kart Tour",
      "added_timestamp": 1569837567,
      "user_app_scoped_id": 10157999088011435,
      "category": "inactive",
      "removed_timestamp": 0
    },
    {
      "name": "\u00c3\u0089checs",
      "added_timestamp": 1569323586,
      "user_app_scoped_id": 10157980207756435,
      "category": "inactive",
      "removed_timestamp": 0
    },
    {
      "name": "Too Good To Go",
      "added_timestamp": 1561913970,
      "user_app_scoped_id": 10157741397481435,
      "category": "inactive",
      "removed_timestamp": 0
    },
    {
      "name": "snoww",
      "added_timestamp": 1551513196,
      "user_app_scoped_id": 10157404980346435,
      "category": "inactive",
      "removed_timestamp": 0
    },
    {
      "name": "Brawl Stars",
      "added_timestamp": 1547134989,
      "user_app_scoped_id": 10157272309431435,
      "category": "inactive",
      "removed_timestamp": 0
    },
    {
      "name": "Uber",
      "added_timestamp": 1546308928,
      "user_app_scoped_id": 10157249835386435,
      "category": "inactive",
      "removed_timestamp": 0
    },
    {
      "name": "Clash Royale",
      "added_timestamp": 1544814100,
      "user_app_scoped_id": 10157205701621435,
      "category": "inactive",
      "removed_timestamp": 0
    },
    {
      "name": "Quora",
      "added_timestamp": 1529585198,
      "user_app_scoped_id": 10156752201086435,
      "category": "inactive",
      "removed_timestamp": 0
    },
    {
      "name": "Spotify",
      "added_timestamp": 1529233506,
      "user_app_scoped_id": 10154374660626435,
      "category": "inactive",
      "removed_timestamp": 0
    },
    {
      "name": "Foknofolies",
      "added_timestamp": 1528436541,
      "user_app_scoped_id": 10155616141746435,
      "category": "active",
      "removed_timestamp": 0
    },
    {
      "name": "Fruitz",
      "added_timestamp": 1527596347,
      "user_app_scoped_id": 10156403175816435,
      "category": "inactive",
      "removed_timestamp": 0
    },
    {
      "name": "Dino War",
      "added_timestamp": 1526886860,
      "user_app_scoped_id": 10156672717806435,
      "category": "inactive",
      "removed_timestamp": 0
    },
    {
      "name": "gurushots (APP)",
      "added_timestamp": 1526649800,
      "user_app_scoped_id": 10156665600516435,
      "category": "inactive",
      "removed_timestamp": 0
    },
    {
      "name": "Two Dots",
      "added_timestamp": 1524989781,
      "user_app_scoped_id": 10160194571456435,
      "category": "inactive",
      "removed_timestamp": 0
    },
    {
      "name": "Yuka",
      "added_timestamp": 1524946173,
      "user_app_scoped_id": 10156613284866435,
      "category": "inactive",
      "removed_timestamp": 0
    },
    {
      "name": "Peak",
      "added_timestamp": 1524678820,
      "user_app_scoped_id": 10156605672686435,
      "category": "inactive",
      "removed_timestamp": 0
    },
    {
      "name": "Tinder",
      "added_timestamp": 1524161023,
      "user_app_scoped_id": 10153088033866435,
      "category": "inactive",
      "removed_timestamp": 0
    },
    {
      "name": "Texas HoldEm Poker",
      "added_timestamp": 1522420567,
      "user_app_scoped_id": 10152909188931435,
      "category": "inactive",
      "removed_timestamp": 0
    },
    {
      "name": "Bolt",
      "added_timestamp": 1518224983,
      "user_app_scoped_id": 10156385032146435,
      "category": "inactive",
      "removed_timestamp": 0
    },
    {
      "name": "Heetch",
      "added_timestamp": 1518224421,
      "user_app_scoped_id": 10156385017356435,
      "category": "inactive",
      "removed_timestamp": 0
    },
    {
      "name": "FeedWind_SocialLogin",
      "added_timestamp": 1509891742,
      "user_app_scoped_id": 10156092432011435,
      "category": "inactive",
      "removed_timestamp": 0
    },
    {
      "name": "FreeeCar",
      "added_timestamp": 1509440851,
      "user_app_scoped_id": 10156077335661435,
      "category": "inactive",
      "removed_timestamp": 0
    },
    {
      "name": "Risk: Global Domination",
      "added_timestamp": 1509350696,
      "user_app_scoped_id": 10156073998121435,
      "category": "active",
      "removed_timestamp": 0
    },
    {
      "name": "Viddsee",
      "added_timestamp": 1506518270,
      "user_app_scoped_id": 10155976458376435,
      "category": "inactive",
      "removed_timestamp": 0
    },
    {
      "name": "Crypto Compare",
      "added_timestamp": 1504192746,
      "user_app_scoped_id": 10155896946981435,
      "category": "inactive",
      "removed_timestamp": 0
    },
    {
      "name": "macOS",
      "added_timestamp": 1497557086,
      "user_app_scoped_id": 10160194571316435,
      "category": "inactive",
      "removed_timestamp": 0
    },
    {
      "name": "mytf1",
      "added_timestamp": 1493617252,
      "user_app_scoped_id": 10155468734491435,
      "category": "active",
      "removed_timestamp": 0
    },
    {
      "name": "Deezer",
      "added_timestamp": 1466610811,
      "user_app_scoped_id": 10154433189776435,
      "category": "inactive",
      "removed_timestamp": 0
    },
    {
      "name": "nametests.com",
      "added_timestamp": 1465140392,
      "user_app_scoped_id": 10153653849411435,
      "category": "inactive",
      "removed_timestamp": 0
    },
    {
      "name": "Rami",
      "added_timestamp": 1446735262,
      "user_app_scoped_id": 10153839554206435,
      "category": "inactive",
      "removed_timestamp": 0
    },
    {
      "name": "SAMSUNG GALAXY",
      "added_timestamp": 1438153802,
      "user_app_scoped_id": 10160194571421435,
      "category": "inactive",
      "removed_timestamp": 0
    },
    {
      "name": "CaptainQuizz",
      "added_timestamp": 1435083298,
      "user_app_scoped_id": 10153416162066435,
      "category": "active",
      "removed_timestamp": 0
    },
    {
      "name": "Spider Square",
      "added_timestamp": 1434443246,
      "user_app_scoped_id": 10153487070571435,
      "category": "inactive",
      "removed_timestamp": 0
    },
    {
      "name": "Le vrai moi",
      "added_timestamp": 1434052150,
      "user_app_scoped_id": 10153474780416435,
      "category": "inactive",
      "removed_timestamp": 0
    },
    {
      "name": "Flipboard",
      "added_timestamp": 1433846515,
      "user_app_scoped_id": 10160194571366435,
      "category": "inactive",
      "removed_timestamp": 0
    },
    {
      "name": "Voile Solidaire",
      "added_timestamp": 1427807521,
      "user_app_scoped_id": 10153268768171435,
      "category": "inactive",
      "removed_timestamp": 0
    },
    {
      "name": "SimCity BuildIt",
      "added_timestamp": 1424771539,
      "user_app_scoped_id": 10153174946151435,
      "category": "inactive",
      "removed_timestamp": 0
    },
    {
      "name": "iOS",
      "added_timestamp": 1424297374,
      "user_app_scoped_id": 10160194571356435,
      "category": "active",
      "removed_timestamp": 0
    },
    {
      "name": "TV Time",
      "added_timestamp": 1424293183,
      "user_app_scoped_id": 10153161056161435,
      "category": "inactive",
      "removed_timestamp": 0
    },
    {
      "name": "Khan Academy",
      "added_timestamp": 1420995843,
      "user_app_scoped_id": 10153061014631435,
      "category": "inactive",
      "removed_timestamp": 0
    },
    {
      "name": "Viber",
      "added_timestamp": 1420983006,
      "user_app_scoped_id": 10160194571341435,
      "category": "inactive",
      "removed_timestamp": 0
    },
    {
      "name": "Brave Frontier",
      "added_timestamp": 1415219180,
      "user_app_scoped_id": 10160194571391435,
      "category": "inactive",
      "removed_timestamp": 0
    },
    {
      "name": "Tube Trends Extention",
      "added_timestamp": 1412729696,
      "user_app_scoped_id": 10152785541781435,
      "category": "inactive",
      "removed_timestamp": 0
    },
    {
      "name": "Clash of Clans",
      "added_timestamp": 1407240598,
      "user_app_scoped_id": 10152336888091435,
      "category": "inactive",
      "removed_timestamp": 0
    },
    {
      "name": "Facebook for Windows Phone",
      "added_timestamp": 1406762404,
      "user_app_scoped_id": 10160194571436435,
      "category": "active",
      "removed_timestamp": 0
    },
    {
      "name": "QuizUp",
      "added_timestamp": 1402593611,
      "user_app_scoped_id": 10160194571471435,
      "category": "inactive",
      "removed_timestamp": 0
    },
    {
      "name": "FAIRY TAIL",
      "added_timestamp": 1396952640,
      "user_app_scoped_id": 10160194571536435,
      "category": "inactive",
      "removed_timestamp": 0
    },
    {
      "name": "Duel Quiz",
      "added_timestamp": 1394715125,
      "user_app_scoped_id": 10160194571336435,
      "category": "inactive",
      "removed_timestamp": 0
    },
    {
      "name": "Skype",
      "added_timestamp": 1391132978,
      "user_app_scoped_id": 10160194571306435,
      "category": "inactive",
      "removed_timestamp": 0
    },
    {
      "name": "Circle - The Local Network",
      "added_timestamp": 1386352349,
      "user_app_scoped_id": 10160194571351435,
      "category": "inactive",
      "removed_timestamp": 0
    },
    {
      "name": "Vine",
      "added_timestamp": 1384811228,
      "user_app_scoped_id": 10160194571396435,
      "category": "inactive",
      "removed_timestamp": 0
    },
    {
      "name": "Qui Sait",
      "added_timestamp": 1384177331,
      "user_app_scoped_id": 10160194571526435,
      "category": "inactive",
      "removed_timestamp": 0
    },
    {
      "name": "Snake",
      "added_timestamp": 1383348717,
      "user_app_scoped_id": 10160194571206435,
      "category": "inactive",
      "removed_timestamp": 0
    },
    {
      "name": "Doodle Jump",
      "added_timestamp": 1383347683,
      "user_app_scoped_id": 10160194571216435,
      "category": "inactive",
      "removed_timestamp": 0
    },
    {
      "name": "Anniversaires",
      "added_timestamp": 1383344178,
      "user_app_scoped_id": 10160194571196435,
      "category": "inactive",
      "removed_timestamp": 0
    },
    {
      "name": "LivingSocial",
      "added_timestamp": 1383332443,
      "user_app_scoped_id": 10160194571441435,
      "category": "inactive",
      "removed_timestamp": 0
    },
    {
      "name": "Population Counter",
      "added_timestamp": 1383327014,
      "user_app_scoped_id": 10160194571181435,
      "category": "inactive",
      "removed_timestamp": 0
    },
    {
      "name": "***********",
      "added_timestamp": 1383326960,
      "user_app_scoped_id": 10160194571211435,
      "category": "inactive",
      "removed_timestamp": 0
    },
    {
      "name": "Petites Questions Entre Amis",
      "added_timestamp": 1383326620,
      "user_app_scoped_id": 10160194571201435,
      "category": "inactive",
      "removed_timestamp": 0
    },
    {
      "name": "The Friends Game",
      "added_timestamp": 1383326578,
      "user_app_scoped_id": 10160194571171435,
      "category": "inactive",
      "removed_timestamp": 0
    },
    {
      "name": "quel est ton Q.I. ?",
      "added_timestamp": 1383324065,
      "user_app_scoped_id": 10160194571501435,
      "category": "inactive",
      "removed_timestamp": 0
    },
    {
      "name": "Pour quel metier es tu r\u00c3\u00a9element fait ?",
      "added_timestamp": 1383279976,
      "user_app_scoped_id": 10160194571176435,
      "category": "inactive",
      "removed_timestamp": 0
    },
    {
      "name": "Online Friends",
      "added_timestamp": 1382868263,
      "user_app_scoped_id": 10160194571186435,
      "category": "inactive",
      "removed_timestamp": 0
    },
    {
      "name": "Tower Bloxx",
      "added_timestamp": 1382607324,
      "user_app_scoped_id": 10160194571231435,
      "category": "inactive",
      "removed_timestamp": 0
    },
    {
      "name": "FirstMet (formerly AYI)",
      "added_timestamp": 1382404229,
      "user_app_scoped_id": 10160194571491435,
      "category": "inactive",
      "removed_timestamp": 0
    },
    {
      "name": "Quelle est ta force de caract\u00c3\u00a8re ?",
      "added_timestamp": 1382404120,
      "user_app_scoped_id": 10160194571166435,
      "category": "inactive",
      "removed_timestamp": 0
    },
    {
      "name": "Etes Vous Amoureux?",
      "added_timestamp": 1382311624,
      "user_app_scoped_id": 10160194571241435,
      "category": "inactive",
      "removed_timestamp": 0
    },
    {
      "name": "Passe Ton BAC !",
      "added_timestamp": 1382043399,
      "user_app_scoped_id": 10160194571381435,
      "category": "inactive",
      "removed_timestamp": 0
    },
    {
      "name": "Calendar",
      "added_timestamp": 1381883962,
      "user_app_scoped_id": 10160194571161435,
      "category": "inactive",
      "removed_timestamp": 0
    },
    {
      "name": "Quel alcoolique \u00c3\u00aates vous?",
      "added_timestamp": 1381519280,
      "user_app_scoped_id": 10160194571461435,
      "category": "inactive",
      "removed_timestamp": 0
    },
    {
      "name": "Who Has The Biggest Brain?",
      "added_timestamp": 1381480014,
      "user_app_scoped_id": 10160194571466435,
      "category": "inactive",
      "removed_timestamp": 0
    },
    {
      "name": "Bowling Buddies",
      "added_timestamp": 1381479838,
      "user_app_scoped_id": 10160194571326435,
      "category": "inactive",
      "removed_timestamp": 0
    },
    {
      "name": "Optical Illusions Challenge",
      "added_timestamp": 1380913271,
      "user_app_scoped_id": 10160194571486435,
      "category": "inactive",
      "removed_timestamp": 0
    },
    {
      "name": "Friends For Sale!",
      "added_timestamp": 1380913232,
      "user_app_scoped_id": 10160194571406435,
      "category": "inactive",
      "removed_timestamp": 0
    },
    {
      "name": "Jetman",
      "added_timestamp": 1380895800,
      "user_app_scoped_id": 10160194571426435,
      "category": "inactive",
      "removed_timestamp": 0
    },
    {
      "name": "Movie Blitz",
      "added_timestamp": 1380893486,
      "user_app_scoped_id": 10160194571481435,
      "category": "inactive",
      "removed_timestamp": 0
    },
    {
      "name": "Marketplace",
      "added_timestamp": 1380875918,
      "user_app_scoped_id": 10160194571411435,
      "category": "active",
      "removed_timestamp": 0
    },
    {
      "name": "Candy Crush Saga",
      "added_timestamp": 1380628356,
      "user_app_scoped_id": 10153234269191435,
      "category": "inactive",
      "removed_timestamp": 0
    },
    {
      "name": "toGather",
      "added_timestamp": 1376618546,
      "user_app_scoped_id": 10160194571416435,
      "category": "inactive",
      "removed_timestamp": 0
    },
    {
      "name": "Dailymotion",
      "added_timestamp": 1375137766,
      "user_app_scoped_id": 10160194571451435,
      "category": "inactive",
      "removed_timestamp": 0
    },
    {
      "name": "Belote Online / iBelote.fr",
      "added_timestamp": 1375137766,
      "user_app_scoped_id": 10160194571431435,
      "category": "inactive",
      "removed_timestamp": 0
    },
    {
      "name": "Bike Race",
      "added_timestamp": 1375137766,
      "user_app_scoped_id": 10160194571401435,
      "category": "inactive",
      "removed_timestamp": 0
    },
    {
      "name": "Friend Rank",
      "added_timestamp": 1375137766,
      "user_app_scoped_id": 10160194571496435,
      "category": "inactive",
      "removed_timestamp": 0
    },
    {
      "name": "Quelle est votre personnalit\u00c3\u00a9",
      "added_timestamp": 1375137766,
      "user_app_scoped_id": 10160194571286435,
      "category": "inactive",
      "removed_timestamp": 0
    },
    {
      "name": "Iron Man 2 Sweepstakes",
      "added_timestamp": 1375137766,
      "user_app_scoped_id": 10160194571266435,
      "category": "inactive",
      "removed_timestamp": 0
    },
    {
      "name": "MAD GuestList",
      "added_timestamp": 1375137766,
      "user_app_scoped_id": 10160194571271435,
      "category": "inactive",
      "removed_timestamp": 0
    },
    {
      "name": "Yahoo!",
      "added_timestamp": 1375137766,
      "user_app_scoped_id": 10160194571376435,
      "category": "inactive",
      "removed_timestamp": 0
    },
    {
      "name": "Tap Zoo",
      "added_timestamp": 1370975551,
      "user_app_scoped_id": 10160194571311435,
      "category": "inactive",
      "removed_timestamp": 0
    },
    {
      "name": "Cena dient wwf-sarja",
      "added_timestamp": 1367191600,
      "user_app_scoped_id": 10160194571346435,
      "category": "active",
      "removed_timestamp": 0
    },
    {
      "name": "Belote Multijoueur",
      "added_timestamp": 1367169376,
      "user_app_scoped_id": 10152857939886435,
      "category": "inactive",
      "removed_timestamp": 0
    },
    {
      "name": "Exoty Belote",
      "added_timestamp": 1363639083,
      "user_app_scoped_id": 10152859431336435,
      "category": "active",
      "removed_timestamp": 0
    },
    {
      "name": "94 Secondes",
      "added_timestamp": 1361715156,
      "user_app_scoped_id": 10160194571531435,
      "category": "inactive",
      "removed_timestamp": 0
    },
    {
      "name": "Ruzzle",
      "added_timestamp": 1361662118,
      "user_app_scoped_id": 10160194571386435,
      "category": "inactive",
      "removed_timestamp": 0
    },
    {
      "name": "D\u00c3\u00a9licieuse Musique",
      "added_timestamp": 1355326961,
      "user_app_scoped_id": 10160194571476435,
      "category": "inactive",
      "removed_timestamp": 0
    },
    {
      "name": "Subway Surfers",
      "added_timestamp": 1338388170,
      "user_app_scoped_id": 10160194571371435,
      "category": "inactive",
      "removed_timestamp": 0
    },
    {
      "name": "Mon Calendrier",
      "added_timestamp": 1329166362,
      "user_app_scoped_id": 10160194571361435,
      "category": "active",
      "removed_timestamp": 0
    },
    {
      "name": "Friendly",
      "added_timestamp": 1315861565,
      "user_app_scoped_id": 10160194571331435,
      "category": "active",
      "removed_timestamp": 0
    },
    {
      "name": "Hang Up Friend",
      "added_timestamp": 1315861565,
      "user_app_scoped_id": 10160194571221435,
      "category": "inactive",
      "removed_timestamp": 0
    },
    {
      "name": "Le Meilleur Ami de Internet",
      "added_timestamp": 1315861565,
      "user_app_scoped_id": 10160194571251435,
      "category": "inactive",
      "removed_timestamp": 0
    },
    {
      "name": "Phrases",
      "added_timestamp": 1308096303,
      "user_app_scoped_id": 10160194571281435,
      "category": "inactive",
      "removed_timestamp": 0
    },
    {
      "name": "Heal",
      "added_timestamp": 1299537641,
      "user_app_scoped_id": 10160194571301435,
      "category": "active",
      "removed_timestamp": 0
    },
    {
      "name": "doodle jump pc",
      "added_timestamp": 1290260670,
      "user_app_scoped_id": 10160194571321435,
      "category": "active",
      "removed_timestamp": 0
    },
    {
      "name": "Goooaaal",
      "added_timestamp": 1287256414,
      "user_app_scoped_id": 10160194571296435,
      "category": "inactive",
      "removed_timestamp": 0
    },
    {
      "name": "How I met your mother : le Quiz !",
      "added_timestamp": 1285692478,
      "user_app_scoped_id": 10160194571236435,
      "category": "inactive",
      "removed_timestamp": 0
    },
    {
      "name": "Statistiques personnelles",
      "added_timestamp": 1280395679,
      "user_app_scoped_id": 10160194571256435,
      "category": "active",
      "removed_timestamp": 0
    },
    {
      "name": "Click Challenge (blocked)",
      "added_timestamp": 1280395679,
      "user_app_scoped_id": 10160194571276435,
      "category": "active",
      "removed_timestamp": 0
    },
    {
      "name": "Photo Comments",
      "added_timestamp": 1264011397,
      "user_app_scoped_id": 10160194571261435,
      "category": "inactive",
      "removed_timestamp": 0
    },
    {
      "name": "Photo Comments",
      "added_timestamp": 1263124222,
      "user_app_scoped_id": 10160194571291435,
      "category": "inactive",
      "removed_timestamp": 0
    },
    {
      "name": "Foto",
      "added_timestamp": 1261220972,
      "user_app_scoped_id": 10160194571191435,
      "category": "inactive",
      "removed_timestamp": 0
    },
    {
      "name": "Paf le Chien +",
      "added_timestamp": 1254561198,
      "user_app_scoped_id": 10160194571156435,
      "category": "inactive",
      "removed_timestamp": 0
    },
    {
      "name": "Amis L'analyse",
      "added_timestamp": 1252875643,
      "user_app_scoped_id": 10160194571246435,
      "category": "inactive",
      "removed_timestamp": 0
    },
    {
      "name": "Picture Text",
      "added_timestamp": 1239462646,
      "user_app_scoped_id": 10160194571226435,
      "category": "inactive",
      "removed_timestamp": 0
    },
    {
      "name": "Easel.ly",
      "added_timestamp": 0,
      "user_app_scoped_id": 10158363596856435,
      "category": "removed",
      "removed_timestamp": 1579266357
    },
    {
      "name": "Glitch",
      "added_timestamp": 0,
      "user_app_scoped_id": 10157092976101435,
      "category": "removed",
      "removed_timestamp": 1545431341
    },
    {
      "name": "Medium",
      "added_timestamp": 0,
      "user_app_scoped_id": 10158082587691435,
      "category": "removed",
      "removed_timestamp": 1579266378
    },
    {
      "name": "Canva",
      "added_timestamp": 0,
      "user_app_scoped_id": 10158363604461435,
      "category": "removed",
      "removed_timestamp": 1579266367
    },
    {
      "name": "Scribd",
      "added_timestamp": 0,
      "user_app_scoped_id": 10160194571446435,
      "category": "removed",
      "removed_timestamp": 1545431340
    }
  ]
}