{"history_v2": [{"title": "Thomas-Phillips", "action": "Clic sur publicit\u00c3\u00a9", "timestamp": 1565508906}, {"title": "Carter Ltd", "action": "Clic sur publicit\u00c3\u00a9", "timestamp": 1610525949}, {"title": "Spencer-Mills", "action": "Clic sur publicit\u00c3\u00a9", "timestamp": 1555814817}, {"title": "Krueger, Holden and Nelson", "action": "Clic sur publicit\u00c3\u00a9", "timestamp": 1524880522}, {"title": "Brown-Davis", "action": "Clic sur publicit\u00c3\u00a9", "timestamp": 1595101094}, {"title": "Forbes-Dixon", "action": "Clic sur publicit\u00c3\u00a9", "timestamp": 1655977899}, {"title": "Nguyen, Morales and Bentley", "action": "Clic sur publicit\u00c3\u00a9", "timestamp": 1532946536}, {"title": "Saunders-Turner", "action": "Clic sur publicit\u00c3\u00a9", "timestamp": 1640971181}, {"title": "Castro Inc", "action": "Clic sur publicit\u00c3\u00a9", "timestamp": 1608707774}, {"title": "Contreras-George", "action": "Clic sur publicit\u00c3\u00a9", "timestamp": 1605365229}, {"title": "Norton-Ortega", "action": "Clic sur publicit\u00c3\u00a9", "timestamp": 1625839734}, {"title": "Wright-Key", "action": "Clic sur publicit\u00c3\u00a9", "timestamp": 1595370910}, {"title": "Randall, Hogan and Ray", "action": "Clic sur publicit\u00c3\u00a9", "timestamp": 1590535942}, {"title": "Chavez, Fleming and Molina", "action": "Clic sur publicit\u00c3\u00a9", "timestamp": 1545762760}, {"title": "Rogers Group", "action": "Clic sur publicit\u00c3\u00a9", "timestamp": 1640456908}, {"title": "Salas-Lynch", "action": "Clic sur publicit\u00c3\u00a9", "timestamp": 1657795310}, {"title": "Nelson-Turner", "action": "Clic sur publicit\u00c3\u00a9", "timestamp": 1525476506}, {"title": "Ellis LLC", "action": "Clic sur publicit\u00c3\u00a9", "timestamp": 1598552936}, {"title": "Bell and Sons", "action": "Clic sur publicit\u00c3\u00a9", "timestamp": 1609529960}, {"title": "Ramirez-Meyer", "action": "Clic sur publicit\u00c3\u00a9", "timestamp": 1608523399}, {"title": "Gray-Nguyen", "action": "Clic sur publicit\u00c3\u00a9", "timestamp": 1586663948}, {"title": "Leon, Gomez and Gross", "action": "Clic sur publicit\u00c3\u00a9", "timestamp": 1554532888}, {"title": "Turner-Wilkinson", "action": "Clic sur publicit\u00c3\u00a9", "timestamp": 1644921631}, {"title": "Delacruz, Wright and Lynch", "action": "Clic sur publicit\u00c3\u00a9", "timestamp": 1626024211}, {"title": "Vasquez-Heath", "action": "Clic sur publicit\u00c3\u00a9", "timestamp": 1522600600}, {"title": "Evans-Diaz", "action": "Clic sur publicit\u00c3\u00a9", "timestamp": 1594914104}, {"title": "Hurley, Garcia and Woodward", "action": "Clic sur publicit\u00c3\u00a9", "timestamp": 1647527863}, {"title": "Coleman and Sons", "action": "Clic sur publicit\u00c3\u00a9", "timestamp": 1539540423}, {"title": "Smith-Huerta", "action": "Clic sur publicit\u00c3\u00a9", "timestamp": 1645770875}, {"title": "Sanders Inc", "action": "Clic sur publicit\u00c3\u00a9", "timestamp": 1658185035}, {"title": "Fletcher-Stone", "action": "Clic sur publicit\u00c3\u00a9", "timestamp": 1608553122}, {"title": "Manning LLC", "action": "Clic sur publicit\u00c3\u00a9", "timestamp": 1549822151}, {"title": "Smith, Smith and Johnson", "action": "Clic sur publicit\u00c3\u00a9", "timestamp": 1520434274}, {"title": "Terry, Holland and Brown", "action": "Clic sur publicit\u00c3\u00a9", "timestamp": 1526090266}, {"title": "Williams-Cunningham", "action": "Clic sur publicit\u00c3\u00a9", "timestamp": 1660430533}, {"title": "Williams-Tapia", "action": "Clic sur publicit\u00c3\u00a9", "timestamp": 1558692836}, {"title": "Smith-Ingram", "action": "Clic sur publicit\u00c3\u00a9", "timestamp": 1526049801}, {"title": "Nelson LLC", "action": "Clic sur publicit\u00c3\u00a9", "timestamp": 1627803559}, {"title": "Murphy, Schneider and Wilson", "action": "Clic sur publicit\u00c3\u00a9", "timestamp": 1627043974}, {"title": "Johnson, Simmons and Christensen", "action": "Clic sur publicit\u00c3\u00a9", "timestamp": 1542311858}, {"title": "Clark Inc", "action": "Clic sur publicit\u00c3\u00a9", "timestamp": 1516481007}, {"title": "Howard-Williams", "action": "Clic sur publicit\u00c3\u00a9", "timestamp": 1663074145}, {"title": "Morse, Nguyen and Franco", "action": "Clic sur publicit\u00c3\u00a9", "timestamp": 1554673985}, {"title": "Garcia-Hanna", "action": "Clic sur publicit\u00c3\u00a9", "timestamp": 1546058343}, {"title": "Mahoney, Martin and Woods", "action": "Clic sur publicit\u00c3\u00a9", "timestamp": 1609390798}, {"title": "Hall, Faulkner and Black", "action": "Clic sur publicit\u00c3\u00a9", "timestamp": 1565774865}, {"title": "Huber-Nicholson", "action": "Clic sur publicit\u00c3\u00a9", "timestamp": 1628858112}, {"title": "Jimenez-Johnson", "action": "Clic sur publicit\u00c3\u00a9", "timestamp": 1576586360}, {"title": "Mason, Andrade and Velazquez", "action": "Clic sur publicit\u00c3\u00a9", "timestamp": 1631995567}, {"title": "Graves, Green and Zhang", "action": "Clic sur publicit\u00c3\u00a9", "timestamp": 1590789621}, {"title": "Cook, Green and Stone", "action": "Clic sur publicit\u00c3\u00a9", "timestamp": 1632734591}, {"title": "Swanson-Roberson", "action": "Clic sur publicit\u00c3\u00a9", "timestamp": 1584864824}, {"title": "Anderson-Robertson", "action": "Clic sur publicit\u00c3\u00a9", "timestamp": 1618967060}, {"title": "Harmon-Brown", "action": "Clic sur publicit\u00c3\u00a9", "timestamp": 1626828781}, {"title": "Hughes Inc", "action": "Clic sur publicit\u00c3\u00a9", "timestamp": 1564490487}, {"title": "Stewart-Hubbard", "action": "Clic sur publicit\u00c3\u00a9", "timestamp": 1554138120}, {"title": "Owen, Smith and Wallace", "action": "Clic sur publicit\u00c3\u00a9", "timestamp": 1622188928}, {"title": "Roberts, Coffey and Sexton", "action": "Clic sur publicit\u00c3\u00a9", "timestamp": 1557851761}, {"title": "Soto, Daniels and Bennett", "action": "Clic sur publicit\u00c3\u00a9", "timestamp": 1661861223}, {"title": "Velez Group", "action": "Clic sur publicit\u00c3\u00a9", "timestamp": 1580841617}, {"title": "Kaiser-King", "action": "Clic sur publicit\u00c3\u00a9", "timestamp": 1583937981}, {"title": "Kennedy-Jones", "action": "Clic sur publicit\u00c3\u00a9", "timestamp": 1536210512}, {"title": "Hawkins-Brooks", "action": "Clic sur publicit\u00c3\u00a9", "timestamp": 1529861392}]}