Name,Matched,Liked at
Edgar Pierce,TRUE,14/11/2020 05:46
Renee Rice,TRUE,31/10/2020 12:51
Stacy Payne,FALSE,10/03/2021 21:40
Molly Adams,TRUE,26/11/2020 04:27
Hannah Nelson,TRUE,22/01/2021 02:47
Donald Coffey,FALSE,04/12/2021 14:13
Diana Carlson,FALSE,18/08/2021 02:23
Sydney Dyer,TRUE,15/11/2020 09:08
Lynn Hale,FALSE,05/09/2021 05:45
Theodore Graham,FALSE,03/09/2020 02:04
Kevin Thomas,TRUE,02/09/2020 02:08
Mitchell Hodges,TRUE,24/06/2021 23:17
Patrick Holder,FALSE,02/12/2021 04:10
Janet Jackson,TRUE,25/08/2020 19:33
Mrs. Kaitlyn Perkins DDS,TRUE,23/11/2021 05:22
Heather Henderson,FALSE,22/05/2020 01:27
Nicole Dixon,TRUE,02/10/2020 18:22
Robert Jones,TRUE,27/08/2020 12:25
Casey Bonilla,FALSE,05/07/2021 12:37
Tracy Shaw,FALSE,20/11/2021 07:43
Albert Sutton,FALSE,18/11/2021 17:51
Eileen Roach,TRUE,09/08/2021 06:32
Tiffany Robinson,FALSE,26/04/2021 20:45
Eric Clayton,FALSE,03/10/2020 03:59
Vincent Simpson,FALSE,13/05/2021 05:54
Michael Anthony,FALSE,22/06/2021 12:55
Troy Guzman,TRUE,10/08/2020 05:29
Michael Harrison,TRUE,11/07/2021 00:17
Troy Murphy,FALSE,26/08/2020 23:01
Evan Watson,FALSE,06/03/2021 17:39
David Smith,TRUE,22/10/2020 10:37
Steven Fischer DVM,TRUE,26/11/2020 18:19
Derek Martinez,TRUE,22/12/2021 17:14
Mrs. Stacy Watson,FALSE,24/08/2020 21:23
David Quinn,TRUE,04/04/2021 23:13
Ryan Barber,TRUE,27/12/2020 21:41
Crystal Johnson,FALSE,21/12/2021 21:12
Brandon Singh,TRUE,26/04/2021 20:15
Felicia Watkins,TRUE,03/05/2021 02:03
Kimberly Brennan,TRUE,30/11/2021 15:15
Steven Hartman,FALSE,05/07/2020 12:16
Monica Turner,TRUE,13/02/2021 13:14
Patricia Johnson,FALSE,04/08/2021 18:44
Kevin Fox,FALSE,21/10/2020 00:23
Donna Glenn,TRUE,29/07/2020 19:52
Tyler Brown,TRUE,30/06/2021 20:07
Brenda Howe,TRUE,19/07/2020 19:37
Justin Jones,TRUE,21/07/2021 04:42
Megan Grant,TRUE,25/11/2021 12:20
Donna Cunningham,TRUE,18/04/2021 21:56
Chloe Berg,FALSE,25/03/2021 09:43
Rebecca Johnson,TRUE,13/08/2021 17:01
Thomas Gonzales,TRUE,15/07/2021 21:37
David Smith,TRUE,03/02/2021 17:18
Cynthia Martin,FALSE,10/07/2021 15:10
Ashley Russo,TRUE,08/08/2021 03:58
Pamela Boyer,FALSE,16/12/2020 07:03
Bianca Harper,TRUE,05/06/2020 17:27
Maria Jordan,FALSE,15/10/2021 22:31
Shawn Horne,FALSE,02/12/2021 14:48
Michael Santos,FALSE,26/05/2020 12:15
Elizabeth White,FALSE,03/02/2021 03:52
Eric Oliver,TRUE,25/04/2021 09:38
Robert Molina,FALSE,21/12/2020 00:05
Nathan Green,FALSE,12/08/2020 18:20
Joyce Gray,FALSE,04/06/2021 07:32
Kimberly Allen,TRUE,19/05/2020 19:04
James Brown,TRUE,18/04/2021 04:56
Jessica Taylor,FALSE,21/04/2021 11:39
Scott Williams,FALSE,11/05/2021 09:54
Raven Gomez,TRUE,12/06/2021 23:57
Matthew Hebert,FALSE,24/04/2021 07:21
Daniel Choi,TRUE,30/09/2020 00:15
Stephanie Wilson,TRUE,21/07/2021 02:06
Clayton Woodward,TRUE,12/11/2020 02:47
Brett Smith,TRUE,15/05/2021 10:42
Nicholas Moore,FALSE,21/05/2021 16:57
Keith Hoffman,FALSE,05/05/2020 04:54
Aaron Beasley,TRUE,19/01/2021 02:48
Kayla Dunlap,FALSE,18/06/2021 13:37
Ashley Owens,FALSE,03/11/2020 16:55
Jenna Williams,FALSE,04/08/2021 12:47
Tony Wheeler,FALSE,09/09/2020 06:14
Kimberly Dunlap,FALSE,04/10/2020 07:37
Erica Cooper,TRUE,01/10/2020 23:01
Lucas Cruz,FALSE,25/08/2021 11:54
Brian Little,FALSE,01/10/2021 11:08
Sharon Brown,FALSE,15/12/2021 23:45
Emily Carrillo,TRUE,01/06/2020 12:20
Mrs. Heather Jackson,FALSE,30/11/2021 19:31
Rebecca Williams,TRUE,02/05/2020 00:04
Charlotte Palmer,TRUE,14/08/2021 21:40
Jason Maxwell,FALSE,02/07/2020 21:24
Brittany Zamora,TRUE,28/07/2020 02:18
Jennifer Cowan,TRUE,31/07/2020 10:44
Susan Fleming,FALSE,08/07/2021 04:47
Laura Reed,TRUE,17/11/2020 18:41
Elizabeth Benson,FALSE,20/07/2021 11:58
Michelle Bentley,FALSE,16/12/2021 13:11
Heidi Nelson,FALSE,15/10/2020 12:28
Richard Bell,FALSE,30/08/2020 09:23
Mark Gentry,FALSE,05/12/2020 02:04
Tara Wilson,FALSE,27/09/2020 20:14
Jose Gomez,TRUE,23/11/2021 02:43
Katie Morales,FALSE,07/09/2020 16:29
Frederick Mayo,TRUE,26/03/2021 08:33
Stephen Hughes,TRUE,13/10/2020 16:08
Sean Gray,FALSE,12/09/2021 14:38
Alexander Rose,TRUE,19/12/2021 00:17
Jennifer Marshall,TRUE,27/10/2021 16:50
Amanda Stewart,TRUE,16/12/2021 08:54
Alex Parks,FALSE,14/12/2021 03:50
Robin Cohen,TRUE,21/01/2021 09:07
David Torres,TRUE,18/06/2021 21:00
James Lopez,TRUE,03/05/2020 05:12
Kathryn Soto,FALSE,05/07/2021 07:29
Kevin Skinner,FALSE,03/06/2020 08:01
Amy Dixon,FALSE,20/08/2021 06:53
Valerie Franklin,TRUE,23/08/2021 01:34
Olivia Marshall,FALSE,11/06/2021 14:04
Ruth Fisher,FALSE,29/08/2020 20:01
David Perry,TRUE,04/09/2020 01:16
Elizabeth Russell,TRUE,01/03/2021 23:45
Julie Smith,TRUE,08/06/2021 10:42
Tammy Chambers,TRUE,03/03/2021 19:36
Jessica Jones,TRUE,12/07/2021 10:10
Mary Thomas,FALSE,12/04/2021 19:03
Abigail Hawkins,FALSE,05/08/2021 06:58
Lee Baker,TRUE,03/02/2021 04:31
Jill Pearson,TRUE,06/12/2020 03:42
Marvin Sloan,TRUE,13/06/2021 12:21
Kelly Rangel,FALSE,10/12/2021 09:22
Marissa Peterson,FALSE,10/03/2021 22:10
Victoria Waters,FALSE,11/12/2020 19:56
William Hall,FALSE,21/09/2021 17:34
Kyle Smith,FALSE,29/09/2020 06:13
Jeffery Hunter,FALSE,29/11/2021 14:42
Whitney Wright,TRUE,19/12/2021 10:34
Amanda Gutierrez,TRUE,09/07/2021 00:01
Kathy Brown,TRUE,15/09/2021 07:38
Heather Gordon,FALSE,12/08/2021 08:35
Johnny Foley,TRUE,05/10/2020 23:57
Leslie Anderson,TRUE,17/06/2021 10:08
Amanda Martinez,TRUE,19/05/2020 16:46
Catherine Patton,TRUE,17/10/2020 07:28
James Cole,TRUE,10/09/2020 13:03
Brooke Villegas,TRUE,18/10/2021 14:47
Mark Bond,FALSE,11/12/2021 07:13
Tonya Brown,TRUE,27/02/2021 13:01
David Flores,FALSE,06/08/2020 02:20
Patricia Gonzalez,FALSE,24/06/2020 03:36
Chloe Dunlap,TRUE,13/11/2020 15:21
John Bentley,TRUE,30/04/2020 19:42
Holly Davila,FALSE,07/08/2020 06:06
Mary Arnold,FALSE,21/10/2020 07:43
Joseph Gonzalez,FALSE,02/06/2020 01:12
Jennifer Myers,TRUE,20/03/2021 11:28
Rachel Ross,TRUE,21/05/2021 05:05
Lauren Brown,TRUE,09/03/2021 17:51
Timothy Morris,TRUE,04/06/2020 05:02
Nathan Robinson,TRUE,26/05/2021 22:29
William Martin,TRUE,19/07/2020 02:59
Jason Velasquez,FALSE,18/08/2021 20:55
Donald Smith,TRUE,19/05/2021 15:30
John Baker,FALSE,31/07/2020 21:38
David Lowe,FALSE,05/09/2020 08:51
Jennifer Douglas,FALSE,14/05/2020 11:14
Robert Pitts,TRUE,13/09/2020 08:25
Richard Robbins,TRUE,31/03/2021 05:24
Mitchell Mendez,FALSE,10/05/2020 02:07
Xavier Lam,FALSE,20/07/2021 08:43
Brendan Hamilton,TRUE,11/07/2021 06:32
Laura Bridges,FALSE,07/11/2021 20:25
Daniel Proctor,TRUE,05/12/2021 23:43
Miss Amanda Guerrero DVM,TRUE,11/03/2021 21:03
Jessica Bruce,FALSE,03/10/2021 14:23
Sarah Evans,FALSE,22/08/2020 23:07
Jacqueline Mitchell,TRUE,04/02/2021 12:17
Sean Frazier,TRUE,17/07/2021 01:52
Jessica Wiggins,FALSE,29/09/2020 14:52
Brittany Scott,FALSE,21/11/2021 19:53
Hunter Rodriguez,TRUE,04/06/2020 20:32
Dennis Pacheco,FALSE,26/08/2020 08:17
Heidi Knight,TRUE,01/09/2020 17:02
Daniel Walker,FALSE,24/10/2020 05:23
Rita Davis,TRUE,22/10/2020 16:53
Kaitlin Woods,TRUE,02/06/2020 18:34
Arthur Hernandez,FALSE,18/09/2021 13:28
Emily Herrera,FALSE,29/05/2021 11:24
Natasha Rodriguez,TRUE,26/10/2021 11:07
Thomas Rodriguez,FALSE,15/02/2021 20:27
Rebecca Ray,FALSE,24/11/2021 00:56
Desiree Holland,FALSE,27/02/2021 12:39
Jared Russell,TRUE,24/07/2020 19:57
Kurt Fuller,TRUE,05/10/2020 23:11
Jimmy Perez,TRUE,23/04/2021 07:04
Alicia Williams,TRUE,17/07/2021 01:49
Susan Chang,TRUE,15/03/2021 08:05
Jennifer Riley,TRUE,26/04/2021 05:34
Robert Meyer,FALSE,19/12/2021 17:38
Danielle Smith,TRUE,05/11/2021 11:40
Michael Gutierrez,TRUE,03/11/2021 19:43
Austin Johnson,TRUE,25/11/2020 02:33
Robert Leonard,TRUE,22/03/2021 06:45
Jacob Johnson,TRUE,19/07/2020 19:48
William Spencer,TRUE,04/06/2021 09:20
William Vega,TRUE,01/07/2020 03:18
Gabriel Andrews,FALSE,08/12/2020 03:17
Deborah Dominguez,TRUE,07/11/2020 14:54
Wesley Jackson,FALSE,04/11/2020 11:44
Austin Ortega,FALSE,09/10/2021 11:12
Jeanette Freeman,FALSE,18/04/2021 18:10
Sandra Romero,FALSE,25/12/2020 12:45
Karen Evans,FALSE,30/07/2020 00:28
Luke Marsh,FALSE,03/09/2020 03:35
Scott Smith,FALSE,24/09/2021 14:01
Tara Alvarado,FALSE,17/09/2020 15:48
Willie Ponce,TRUE,21/06/2020 04:08
Abigail Shah,FALSE,17/04/2021 19:22
Leslie Miller,FALSE,11/05/2020 05:05
Elizabeth Nielsen,TRUE,18/05/2021 19:18
Jessica Holland,TRUE,06/05/2020 20:43
Kylie Mcbride,TRUE,12/01/2021 15:45
Vincent Thompson,FALSE,29/06/2021 05:26
Ronald Griffin,FALSE,13/04/2021 13:49
Catherine Joseph,FALSE,04/06/2021 17:30
Patricia Parker,FALSE,06/11/2020 22:25
Diane Davidson,FALSE,27/05/2021 08:19
Chris Johnson,FALSE,08/11/2020 13:45
Gregory Wise,FALSE,21/02/2021 14:06
Robert Mcclain,FALSE,21/12/2020 12:00
Scott Christian,FALSE,24/10/2020 08:30
Laura Mosley,TRUE,09/06/2020 12:07
Stephanie Gonzalez,FALSE,02/10/2020 13:49
Nicole Taylor,FALSE,20/10/2020 19:00
Joshua Carlson,FALSE,03/06/2021 23:53
Daisy Quinn,FALSE,02/07/2020 21:02
Andrea Levy,FALSE,16/05/2020 00:20
Carrie Stevenson,FALSE,26/11/2020 15:17
Holly Lowe,FALSE,27/01/2021 06:38
Jacqueline Mcgee,FALSE,21/07/2021 21:53
Raymond Garcia,FALSE,22/06/2020 19:52
Lisa Robinson,TRUE,30/12/2021 12:26
Brian Rivera,FALSE,25/08/2021 03:26
Candace Estes,FALSE,11/02/2021 23:34
Sheri Villanueva,FALSE,19/09/2021 18:48
Rhonda Velazquez,FALSE,03/06/2020 15:20
Margaret Lloyd,TRUE,12/12/2021 06:21
Tracey Johnson,TRUE,24/06/2020 17:02
Sean Moran,FALSE,16/11/2021 13:07
Robert Collier,TRUE,22/05/2021 05:47
Shawn Ford,FALSE,18/02/2021 10:07
Amanda Mccarthy,TRUE,09/06/2021 13:54
Craig Cain,TRUE,30/08/2021 21:32
William Hogan,TRUE,30/07/2020 10:07
Donald Woods,TRUE,26/07/2021 21:31
Yolanda Benjamin,TRUE,19/11/2020 17:58
Albert Lewis,FALSE,05/11/2021 07:54
Katelyn Mckinney,TRUE,07/10/2020 11:10
Sean Salazar,FALSE,12/11/2020 11:19
Anthony Morgan,TRUE,10/05/2020 19:21
Amber Myers,TRUE,09/06/2020 08:17
Stephanie Rowe,FALSE,20/12/2020 14:43
Amy Gutierrez,TRUE,12/01/2021 14:05
Joseph Ortiz,TRUE,27/07/2021 01:46
Melinda Moreno,FALSE,02/10/2021 02:30
Tiffany Nguyen,FALSE,18/05/2021 11:34
Christopher Barrett,FALSE,16/06/2020 22:19
Jennifer Baldwin,TRUE,26/12/2020 23:06
Kathy Valdez,FALSE,02/04/2021 16:22
Elizabeth Mcintyre,FALSE,28/10/2021 21:47
Wanda Meyer,FALSE,04/06/2020 16:41
Janet Le,TRUE,01/01/2021 05:58
Tyler Johnson,FALSE,20/06/2020 17:31
Matthew Schneider,TRUE,05/10/2020 00:41
Juan Russell,FALSE,14/09/2021 04:46
Laura Dixon,TRUE,01/12/2021 14:58
Ashley Lang,TRUE,28/05/2020 15:39
John Harrell,FALSE,18/06/2020 14:06
Sean Greene,TRUE,14/06/2021 18:56
Richard Williams,FALSE,16/05/2021 13:52
Robert Juarez,FALSE,18/12/2020 17:19
Shane Turner,FALSE,23/08/2021 20:46
Alicia Gomez,FALSE,17/11/2021 13:41
Joy Edwards,FALSE,23/08/2020 09:51
Mary Erickson,TRUE,29/01/2021 17:59
Crystal Williams,FALSE,09/09/2020 16:46
Kaitlyn Rodriguez,FALSE,27/11/2020 08:18
Taylor Chambers,TRUE,12/10/2020 00:54
Michelle Brooks,TRUE,06/11/2020 17:39
Jody Beasley,TRUE,22/09/2020 15:15
Kelsey Kennedy,TRUE,13/03/2021 12:12
David Carlson,TRUE,07/05/2021 08:53
Melanie Cummings,FALSE,17/04/2021 17:22
Amanda Norman,FALSE,23/09/2021 05:32
Melissa Ashley,TRUE,11/09/2021 11:28
Katherine Pace,FALSE,24/05/2021 02:22
Lori Hall,TRUE,09/09/2020 09:17
Terry Diaz,FALSE,10/11/2020 01:25
James Adams,TRUE,13/11/2021 18:40
Sandra Williams,TRUE,21/02/2021 20:23
Julie West,TRUE,03/11/2021 08:44
Benjamin Shelton,FALSE,30/08/2020 23:38
Teresa Peterson,TRUE,18/06/2021 19:54
Paul Robbins,FALSE,11/01/2021 23:26
Lauren Johnson,FALSE,04/08/2020 01:21
Leonard Stone,TRUE,31/01/2021 08:55
Natasha Wells,FALSE,24/06/2021 06:37
James Kelley,FALSE,03/07/2021 00:39
Taylor Sloan,TRUE,24/05/2021 11:05
Julia Roberts,TRUE,17/02/2021 11:17
Steven Long,FALSE,05/06/2021 06:18
Michael Thomas,FALSE,22/12/2020 13:55
Terri Bates,TRUE,30/07/2020 19:48
Cassandra Turner,TRUE,14/04/2021 11:00
Jennifer Barnes,TRUE,10/12/2021 19:36
Joshua Martin,TRUE,23/01/2021 21:51
Marcus Austin,TRUE,04/05/2020 07:56
Nicole Porter,TRUE,29/03/2021 16:56
Tanya Gomez,TRUE,12/10/2021 19:41
Aaron Jackson,TRUE,20/06/2021 15:29
Jeffrey Henson,TRUE,04/08/2021 17:15
John Lopez Jr.,TRUE,24/10/2020 10:58
Morgan James,TRUE,03/07/2020 08:39
Tracy Smith,TRUE,14/07/2021 03:05
Daniel Harrison,TRUE,09/10/2020 14:36
Jennifer James,TRUE,22/06/2021 05:55
Amy Galloway,TRUE,22/07/2020 18:21
Allen Webb,TRUE,27/05/2020 13:27
John Horton,TRUE,07/09/2020 21:08
Natalie Burns,TRUE,22/06/2021 00:25
Michelle Norman,TRUE,22/07/2021 20:53
Gregory Williams,FALSE,18/05/2020 01:15
Crystal Weber,TRUE,15/08/2021 01:15
Amy Cole,FALSE,05/10/2021 15:10
Elizabeth Costa,TRUE,05/05/2020 04:47
Amy Thompson,FALSE,16/06/2021 23:33
Jonathan Lewis,FALSE,22/09/2021 09:57
Sarah Baker,FALSE,26/11/2020 11:42
Cody Rojas,TRUE,28/05/2021 15:23
Michael Watson,FALSE,16/11/2021 13:48
Carrie Roberson,FALSE,09/07/2021 21:35
Peggy Mills,TRUE,11/07/2020 09:09
Alexandra Krause,FALSE,12/12/2021 12:31
Phillip Decker,TRUE,17/04/2021 22:31
Karen Payne,FALSE,21/07/2021 18:19
Christopher Lucas,FALSE,13/01/2021 06:16
Timothy Wilson,FALSE,22/01/2021 03:44
Michael Smith,TRUE,01/06/2021 13:51
Scott Cobb,FALSE,29/05/2020 12:16
Crystal Molina,FALSE,28/10/2020 07:40
Angela Ellis,TRUE,01/05/2020 20:35
Kenneth Collier,TRUE,29/01/2021 09:18
Sierra King,FALSE,21/11/2020 01:38
Renee Herrera,FALSE,01/07/2020 09:35
Brandon Cochran,FALSE,18/09/2021 20:41
Nathan Johnson,TRUE,18/06/2020 00:09
Heather Alexander,TRUE,16/12/2020 19:14
Larry Norris,TRUE,27/07/2021 03:21
Dawn Adams,TRUE,11/12/2020 07:27
Michael Murphy,TRUE,05/08/2021 22:47
Lori Sanders,FALSE,19/07/2021 23:44
Robert Reynolds,FALSE,23/07/2020 17:08
Joseph Nash,TRUE,24/11/2020 20:42
Joseph Brooks,TRUE,23/07/2021 01:24
Joshua Browning,FALSE,07/04/2021 21:17
Jessica Booth,FALSE,29/05/2020 23:01
Cheryl Lee,TRUE,06/12/2020 17:34
Peggy Holloway,FALSE,09/09/2021 05:16
Gina Mckenzie MD,FALSE,31/05/2020 14:42
Luis Johnson,TRUE,19/02/2021 16:57
Mitchell Reynolds,TRUE,19/05/2021 12:23
Ronald Hernandez,TRUE,19/07/2021 00:56
Keith White,TRUE,04/08/2021 03:04
Amy Burns,TRUE,22/09/2021 22:38
Gabriel Burns,FALSE,12/05/2020 21:03
Olivia Thomas,TRUE,21/11/2021 06:26
James Rhodes,TRUE,18/10/2020 14:06
Sandra Reyes,TRUE,07/12/2021 00:08
Amber Jones,TRUE,03/09/2021 13:38
Jennifer Brown,FALSE,16/09/2020 06:40
Christopher Carr,TRUE,23/02/2021 21:57
Casey Dillon,FALSE,29/07/2020 15:53
Dr. Travis Morris,FALSE,25/07/2020 11:23
Samantha Hall,FALSE,17/05/2020 19:56
Wendy Velez,TRUE,08/04/2021 18:23
Brian Jenkins,FALSE,10/03/2021 09:34
Bryan Byrd,TRUE,07/11/2021 02:41
Kristen Kelly,TRUE,28/02/2021 08:06
Jessica Steele DVM,TRUE,24/07/2021 01:50
Sharon Sparks,TRUE,01/03/2021 12:32
Crystal Compton,TRUE,05/10/2021 18:35
Ashley Jackson,FALSE,07/09/2021 19:55
Michelle Owen,TRUE,19/09/2021 09:14
Mrs. Debra Johnson,FALSE,01/09/2020 09:50
William Bryan,FALSE,19/06/2021 06:00
Yolanda Haynes,FALSE,08/12/2021 16:22
Jesse Cortez,TRUE,29/06/2021 00:49
Carolyn Ritter,FALSE,15/01/2021 18:10
Caleb Nelson,TRUE,07/07/2021 02:12
Dale Brown,FALSE,16/03/2021 18:22
Thomas Kim,TRUE,26/08/2021 11:06
Stacy Pace,TRUE,26/08/2020 23:04
Kelly Mcclure,FALSE,27/03/2021 14:07
Cynthia Williams,TRUE,22/09/2021 22:53
Sara Schneider,FALSE,28/05/2020 05:58
Reginald Taylor,FALSE,21/11/2020 08:50
Kelli Chandler,TRUE,21/06/2021 07:38
Richard Jones,TRUE,06/07/2021 18:06
Laurie Fields,FALSE,22/04/2021 08:02
Tiffany Zimmerman,FALSE,11/07/2020 15:52
Anna Trujillo,FALSE,20/05/2020 07:04
Jasmine Ellis DDS,FALSE,27/06/2020 19:12
Kevin Jones,FALSE,13/08/2020 08:00
Pamela James,TRUE,13/06/2020 09:43
Mr. Jacob Jimenez,TRUE,21/10/2021 19:28
Jose Walsh,FALSE,09/04/2021 10:19
Ryan Wilson,FALSE,16/02/2021 01:46
Derek Fry,TRUE,08/09/2020 20:08
Whitney Wells,TRUE,08/12/2021 06:34
Bryan Garcia,FALSE,13/05/2020 19:30
Cathy Howard,FALSE,14/08/2020 18:07
Margaret Baldwin,TRUE,07/07/2021 10:36
Anthony Jones,TRUE,10/08/2020 08:54
Sandra Bryant,TRUE,25/08/2020 00:47
Karen Scott,FALSE,21/07/2021 10:32
Priscilla Lawson,FALSE,18/10/2021 09:31
Melissa Wolfe,FALSE,25/12/2020 17:21
Jeanne Jimenez,FALSE,12/02/2021 22:09
Micheal Brooks,FALSE,05/07/2021 23:37
Brian Jones,FALSE,24/03/2021 00:00
Dr. Randy Kirby Jr.,TRUE,26/05/2021 20:13
Victor Glover,TRUE,13/08/2020 22:07
Kristin Martin,FALSE,23/09/2020 20:26
Teresa Daniel,TRUE,11/03/2021 09:34
Anna Cook,TRUE,12/12/2020 11:44
Anthony Harper,TRUE,07/09/2020 20:00
Thomas Gibson,TRUE,11/02/2021 20:36
Catherine Farrell,FALSE,19/11/2021 08:43
Stanley Nunez,FALSE,23/11/2021 19:02
Jeremy Jones,FALSE,15/11/2020 11:05
Laura Rodriguez,TRUE,07/01/2021 02:58
Jacqueline Burgess,FALSE,10/10/2021 08:51
Cody Shaw,FALSE,28/03/2021 12:56
Brian Murray Jr.,FALSE,03/09/2020 12:22
James Valencia,FALSE,14/08/2020 15:39
Kiara Wilson,TRUE,22/09/2020 03:57
Kelly Salinas,FALSE,20/06/2021 01:59
Jose Burton,FALSE,24/02/2021 16:51
Ryan Acosta,TRUE,26/03/2021 12:32
Maria Smith,FALSE,24/11/2021 02:12
Peter Snyder,FALSE,19/11/2020 23:52
Jonathan Hall,FALSE,13/05/2021 06:59
Kathleen Patton,TRUE,24/06/2020 09:44
Brandon Murphy,FALSE,12/07/2021 02:00
Brenda Casey,TRUE,14/09/2020 08:58
Mark Thompson,FALSE,07/01/2021 02:57
Erica Henderson,TRUE,25/09/2020 18:06
Stephen Boone,TRUE,01/11/2021 03:26
Fernando Peterson,TRUE,06/09/2021 07:17
Amber Cooper,FALSE,27/01/2021 10:08
Thomas Nicholson,FALSE,23/11/2020 05:38
Jennifer Sims,FALSE,27/05/2020 00:11
Christopher Wiggins,FALSE,03/11/2021 13:42
Kimberly Thompson,FALSE,22/05/2020 08:02
Sean Perez,TRUE,25/02/2021 12:56
Ms. Natalie Baker,TRUE,10/11/2021 10:43
Pamela Coleman,TRUE,12/12/2021 10:35
Matthew Doyle,FALSE,13/09/2020 22:45
Ashley Skinner,TRUE,22/07/2020 18:57
Julia Evans,TRUE,02/08/2021 04:56
Amanda Erickson,FALSE,04/09/2020 18:16
Aaron Romero,TRUE,08/03/2021 14:19
Matthew Rivera,FALSE,18/09/2020 08:58
Samantha Flowers,TRUE,21/05/2020 18:37
Dr. Jeremiah Fuentes,TRUE,23/10/2020 22:04
Chelsea Wheeler,TRUE,20/09/2021 05:36
James Mcmahon,TRUE,18/06/2021 04:22
Elizabeth Palmer,TRUE,30/11/2020 18:55
Levi Ramirez,TRUE,06/07/2020 20:31
Mark Garcia,TRUE,18/10/2021 19:12
Christopher Morales,TRUE,01/06/2021 00:37
Renee Francis,FALSE,16/08/2021 03:38
Katelyn Prince,FALSE,02/01/2021 10:05
Mark Chaney,FALSE,19/08/2020 17:45
Devin Richardson,FALSE,31/10/2021 00:22
Duane Barr,TRUE,27/05/2021 19:49
Bradley Greene,TRUE,01/03/2021 19:30
Gary Williams,FALSE,07/05/2020 07:32
Brittany Lamb,TRUE,21/05/2020 07:03
Mark Carpenter,FALSE,10/11/2020 20:19
Amy Roberts,TRUE,11/04/2021 18:14
Tammy Phillips,TRUE,11/09/2020 20:27
Cindy White,TRUE,18/04/2021 17:58
Tiffany Myers,FALSE,01/02/2021 17:54
Susan Howell,FALSE,20/11/2020 13:08
Brendan Mack,TRUE,22/08/2021 01:09
John Andrews,TRUE,06/08/2021 02:17
Rachel Long,FALSE,13/06/2020 10:31
Susan Burns,FALSE,11/06/2021 13:38
Lisa Hill,TRUE,01/03/2021 03:46
Cassandra Smith,TRUE,06/04/2021 17:02
Adam Vazquez,TRUE,20/10/2021 13:44
Katherine Davis,FALSE,30/03/2021 10:56
Lorraine Summers PhD,TRUE,10/10/2020 10:06
Jocelyn Harris,FALSE,21/12/2021 07:36
Mark Rivera,TRUE,04/11/2020 07:08
Joseph Davis,TRUE,29/04/2021 21:37
Elizabeth Bartlett,TRUE,04/04/2021 00:38
Brett Brown,TRUE,11/08/2020 02:29
Sheila Sherman,TRUE,10/08/2020 17:59
Sandra Perez,TRUE,24/07/2020 08:06
Dr. Samantha Roberts,TRUE,08/02/2021 18:14
Anthony Williamson,FALSE,08/09/2020 07:48
Cynthia Pruitt,TRUE,27/01/2021 21:35
Theresa Doyle,TRUE,03/11/2020 09:43
Kayla Sexton,TRUE,12/06/2021 17:38
Larry Contreras,TRUE,03/05/2020 22:43
Kyle Evans,TRUE,15/08/2021 23:19
Mr. Michael Orozco,FALSE,17/09/2021 17:50
Nicole Barnes,TRUE,27/09/2021 07:07
Kelsey Brennan,FALSE,10/01/2021 03:58
Jonathan Palmer,FALSE,02/07/2021 01:37
Tammy Garcia,TRUE,03/12/2020 07:15
Thomas Chen,TRUE,22/12/2020 06:14
John Burns,TRUE,22/02/2021 05:30
Maria Moran,TRUE,15/03/2021 20:44
Gary Craig,FALSE,04/07/2020 06:05
Angelica Day,FALSE,28/01/2021 13:14
George Jackson DVM,TRUE,18/07/2021 09:05
Dylan Lee,TRUE,03/01/2021 22:16
Brian Fleming,FALSE,05/07/2021 17:09
Samuel Acosta,TRUE,27/07/2020 23:41
Carol Powell,TRUE,05/06/2021 17:15
Ashley Carpenter,FALSE,08/10/2020 16:25
Yolanda Dunlap,TRUE,16/06/2020 20:05
Kaitlin Collins,TRUE,30/04/2020 21:31
Hunter Duran,FALSE,16/12/2021 23:49
Joseph Jimenez,FALSE,23/04/2020 22:44
Dana Taylor,FALSE,25/05/2021 08:09
Patty Williamson,FALSE,14/10/2021 16:59
Jeremy Allen,TRUE,10/03/2021 18:22
Joseph Garza,FALSE,20/01/2021 21:13
Diana Beck,FALSE,24/08/2020 15:07
Shawna Barton,FALSE,26/04/2021 13:38
Erin Davis,FALSE,09/12/2021 08:34
David Cooper,TRUE,24/08/2020 13:19
Elizabeth Pierce,FALSE,16/03/2021 02:20
James Stewart,FALSE,16/07/2021 05:31
Mike Schwartz,FALSE,23/07/2020 15:41
Ariel Esparza,TRUE,14/06/2020 20:04
Daniel Pope,TRUE,25/07/2021 11:54
Ashley Hill,TRUE,13/12/2021 18:41
Paul Sherman,FALSE,09/02/2021 17:58
Angela Henson,FALSE,02/06/2020 10:04
Kristen Pugh,FALSE,10/05/2021 21:29
Megan Johnson,TRUE,28/06/2021 22:58
Kaitlin Wood,TRUE,25/06/2021 22:43
Diana Watson,TRUE,18/08/2020 19:12
Matthew Berry,TRUE,04/05/2021 13:10
William Finley,FALSE,09/10/2021 14:24
Laura Kline,TRUE,09/09/2020 09:47
Martin Mendez,FALSE,23/12/2020 04:27
Timothy James,FALSE,08/10/2020 16:10
Curtis Gonzales,TRUE,04/07/2021 03:23
Teresa Clark,FALSE,06/10/2021 07:50
Brian Yang,TRUE,30/04/2021 01:41
Stephen Schroeder,TRUE,08/06/2020 23:44
Dylan Larson,TRUE,09/03/2021 15:08
Victoria Yoder,FALSE,08/02/2021 22:31
Amanda Moore,TRUE,07/11/2020 15:47
Anna Moreno,FALSE,07/12/2020 11:09
Michelle White,FALSE,31/12/2020 19:08
Andrea Hicks,FALSE,04/06/2021 23:57
Emily Hayes,TRUE,30/12/2021 15:53
Francisco Day,FALSE,20/08/2021 08:56
Mason Herrera,FALSE,07/09/2021 20:17
Sarah Phillips,TRUE,24/09/2020 14:28
Sean Kim,FALSE,09/09/2020 00:25
Colin Miller,FALSE,25/03/2021 01:27
Christopher Dixon,TRUE,01/09/2020 03:52
April Fleming,TRUE,01/07/2021 03:04
Lisa Alvarado,FALSE,14/01/2021 14:45
Michelle Cain,TRUE,18/08/2020 21:49
Leslie Stephens,TRUE,17/08/2021 00:25
Erica Nichols,TRUE,01/04/2021 22:23
Gary Brown,FALSE,15/09/2020 09:42
Tyler Santana,TRUE,18/04/2021 06:04
Cheryl Moore,FALSE,30/04/2021 11:04
Joseph Pruitt,TRUE,14/05/2020 14:47
Cesar Smith,FALSE,08/09/2020 09:44
Tammy Johnson,FALSE,26/08/2021 00:19
Susan Cohen,TRUE,10/08/2021 06:44
Karen Lopez,FALSE,05/07/2021 09:58
Stephanie Christensen,TRUE,22/12/2021 02:27
Stephen Taylor,FALSE,13/01/2021 00:02
Jason Tran,TRUE,17/12/2021 17:16
Courtney Ramos,FALSE,16/05/2020 04:32
Sarah Avila,FALSE,06/08/2020 09:18
Amber Fitzpatrick,TRUE,25/06/2021 06:21
Patrick Johnson,TRUE,29/08/2020 10:14
Jennifer Bass,TRUE,11/12/2021 18:35
Sara Daugherty,TRUE,15/10/2020 16:45
Andrew Garrett,TRUE,29/08/2021 23:07
Ryan Parker,FALSE,31/01/2021 18:27
Bruce Thompson,FALSE,14/11/2020 07:21
Rachel Romero,FALSE,22/02/2021 03:59
Jessica Herrera,TRUE,17/02/2021 03:26
Brandon Hoover,FALSE,27/04/2021 02:21
Steven Rice,TRUE,18/12/2020 12:45
Mitchell Hicks,TRUE,25/11/2021 08:24
Tara Baker,TRUE,26/09/2020 07:08
Gregory Cameron,FALSE,18/04/2021 19:23
Patrick Joseph,FALSE,29/07/2021 03:19
Krista Hall,FALSE,17/05/2020 22:38
Crystal Torres,TRUE,27/05/2020 00:35
Adam Taylor,TRUE,24/12/2021 01:56
Dawn Cantrell,FALSE,30/03/2021 10:22
Christine Mcmillan,TRUE,25/11/2020 23:48
Briana Johnson,FALSE,30/04/2020 12:59
Timothy Mcdonald,TRUE,23/12/2020 13:38
Leslie Rodriguez,FALSE,18/04/2021 18:29
Brian Key,TRUE,04/09/2021 12:27
Katrina Moreno,TRUE,25/08/2020 13:24
Ryan Leon,FALSE,10/10/2020 15:45
Jason Griffith,FALSE,07/10/2021 22:22
David Mejia,TRUE,26/11/2021 19:48
Jonathan Smith,FALSE,26/10/2020 18:55
David Hodges,FALSE,23/01/2021 14:05
Brenda Mercer,TRUE,26/09/2021 22:38
Amanda Meadows,TRUE,01/01/2021 11:42
Ricardo Rodriguez,TRUE,20/09/2020 05:16
Kristy Ramirez,TRUE,01/07/2020 01:11
Jason Brock,FALSE,16/05/2021 18:03
Reginald Aguirre,FALSE,22/08/2021 14:03
Michael Watkins,TRUE,14/10/2020 04:32
Nathan Mcdonald,FALSE,03/03/2021 06:35
Joseph Hunt,FALSE,14/05/2020 23:48
David Ramirez V,TRUE,17/08/2021 08:41
Brittney Flores,TRUE,18/06/2020 07:57
Mr. Alan Vasquez MD,FALSE,09/05/2020 02:06
Maria Ramsey,TRUE,15/11/2021 03:35
Erin Mitchell,FALSE,09/04/2021 10:26
Robert Richardson,TRUE,31/05/2020 01:42
Rachel Maxwell,TRUE,11/11/2021 00:23
Crystal Rowe,FALSE,13/10/2020 05:06
Tina Rosario,FALSE,06/10/2020 08:49
Laura Walls,FALSE,12/06/2020 12:11
Jerry Byrd,TRUE,25/08/2021 03:51
Justin Hebert,TRUE,31/10/2021 20:29
Victoria Vargas,FALSE,15/09/2021 01:57
Frederick Lewis,TRUE,04/09/2020 14:37
Colin Mcneil,FALSE,19/12/2021 23:33
Debra Rogers,TRUE,09/06/2020 15:11
David Young,TRUE,19/09/2020 19:10
Russell Charles,TRUE,16/09/2020 16:42
Ashley Watson PhD,FALSE,06/12/2021 08:29
Christopher Collins,FALSE,28/12/2020 04:35
Alexandra Hughes,FALSE,08/05/2020 01:15
Jennifer Young,TRUE,06/05/2021 13:18
Melissa Hansen,TRUE,21/05/2020 20:40
Roberto Morrison,FALSE,10/11/2021 15:11
Susan Ellis,FALSE,12/01/2021 23:51
Margaret Andrews,TRUE,17/06/2020 03:26
Rodney Munoz,FALSE,18/05/2021 13:48
Thomas Herman,FALSE,07/09/2021 02:45
James Diaz,FALSE,19/09/2021 04:46
Richard May,FALSE,12/10/2021 09:41
Charles Conrad,TRUE,11/09/2021 16:57
Sara Walton,FALSE,16/08/2020 10:57
Christina Torres,TRUE,22/09/2020 23:43
David Garcia,FALSE,11/08/2020 23:55
Catherine Powers,TRUE,09/06/2020 23:55
Victoria Cooper,TRUE,14/08/2021 15:01
Jacob Beck,TRUE,20/09/2021 18:03
Jesse Freeman,TRUE,22/09/2021 16:35
Brittney Hall,FALSE,15/07/2021 12:11
Paul Peters,TRUE,17/10/2020 21:30
Matthew Davidson,FALSE,17/08/2021 21:29
Shelby Adams,TRUE,14/07/2020 20:19
Linda Andrade,TRUE,01/05/2020 12:05
Alexis Richard,FALSE,24/07/2020 20:36
William Gray,FALSE,20/05/2020 04:07
Shelby Moss,TRUE,28/08/2020 11:09
Samantha Ritter,FALSE,17/05/2021 05:15
Christy Harmon,TRUE,25/04/2020 12:05
Melissa Lewis,TRUE,02/09/2021 05:30
Andrew Ruiz,TRUE,13/06/2020 05:30
Jill Rivas,FALSE,26/09/2021 14:33
Peter Everett,FALSE,21/07/2020 20:17
Mario Thompson,FALSE,03/03/2021 06:53
Caitlin Ward,TRUE,31/01/2021 22:39
Alexis Murray,TRUE,30/05/2020 01:12
David Lin,TRUE,27/05/2020 00:41
Alyssa Walsh,TRUE,03/10/2020 07:05
Toni Thomas,TRUE,23/08/2020 21:40
Julie Burton,FALSE,25/05/2020 14:27
Kimberly Campbell,TRUE,27/07/2020 04:20
Matthew Davis,FALSE,13/04/2021 15:14
Melvin Chan,FALSE,10/10/2020 01:43
Roberto Brown,TRUE,03/10/2020 12:30
Jacob Thompson,FALSE,03/12/2021 08:50
David Wilson,TRUE,14/08/2021 02:10
Nancy Weiss,FALSE,22/12/2021 05:38
James Adams,FALSE,05/01/2021 14:48
Stephen Hernandez,FALSE,17/06/2021 01:08
Pamela Horn,FALSE,22/11/2020 17:33
Steven Smith,FALSE,25/08/2020 19:21
Jason Phillips,FALSE,24/10/2020 23:04
Erica Cox,FALSE,06/07/2020 20:52
Kenneth Cannon,TRUE,20/04/2021 21:09
Jay Sexton,FALSE,18/11/2020 23:56
Donna Wagner,FALSE,02/03/2021 07:09
Ronald Hanson,FALSE,16/07/2021 05:14
Erin Mayo,FALSE,24/01/2021 10:39
Leslie Johnson,TRUE,14/10/2021 18:49
Melissa Singleton,TRUE,17/09/2021 17:46
David Byrd,FALSE,06/06/2021 23:23
Randall Jones,TRUE,20/10/2021 15:49
Jessica Moore,TRUE,02/08/2020 21:33
Sylvia Chambers,TRUE,29/05/2021 19:13
Lisa Rice,FALSE,25/08/2021 15:02
Hunter Gregory,FALSE,18/08/2020 17:22
Samuel Casey,FALSE,12/06/2020 21:48
Jordan Snow,TRUE,07/12/2020 04:39
Jessica Collins,TRUE,29/07/2020 21:58
Douglas Lee,FALSE,09/03/2021 11:25
Sean Williams,TRUE,05/11/2021 20:10
Anthony Hernandez,TRUE,15/02/2021 23:23
Jasmine Foster,TRUE,02/07/2021 21:24
William Norris,TRUE,02/11/2021 02:54
Sean Perry,FALSE,29/12/2020 00:57
Jessica Baldwin,TRUE,29/08/2020 09:51
Kimberly Miller,FALSE,21/02/2021 01:26
Dr. Michael Parrish,FALSE,19/09/2020 17:33
Julian Collins,TRUE,08/07/2021 20:51
Michael Harris,FALSE,18/05/2020 02:37
Carlos Quinn,FALSE,30/01/2021 23:35
Albert Avery,TRUE,13/04/2021 21:01
William Hardy,TRUE,19/08/2021 10:52
James Wilcox,FALSE,15/05/2021 00:40
Michael Wade,TRUE,29/10/2021 07:13
Eric Williams,FALSE,05/07/2020 03:55
Mrs. Julie Smith,FALSE,22/11/2021 09:12
Madison Potter,FALSE,01/02/2021 08:01
Alexander Munoz,TRUE,10/02/2021 23:12
Xavier West,FALSE,11/07/2021 03:32
Jillian Walters,FALSE,12/09/2021 14:50
Jared Franklin,TRUE,13/12/2020 23:53
Robert Cobb,FALSE,09/09/2020 13:34
Frank Gonzalez MD,TRUE,23/05/2021 06:27
James Thomas,TRUE,26/04/2020 18:09
Lisa Fox,TRUE,05/11/2020 23:42
Matthew Parker,FALSE,31/10/2021 12:43
Joshua Walker,TRUE,07/11/2020 13:30
Laura Brown,FALSE,16/05/2021 09:10
Tammy Christian,FALSE,05/01/2021 03:25
Michael Smith,TRUE,23/07/2021 03:30
Sara Spears,TRUE,15/11/2021 17:33
Makayla Porter,FALSE,06/12/2021 09:36
Regina Williams,FALSE,07/07/2021 19:39
Albert Owens,TRUE,09/09/2020 11:17
Joe Nelson,FALSE,15/10/2021 22:45
George Hoffman,TRUE,21/11/2021 08:34
Dylan Castaneda,TRUE,21/10/2021 14:23
Jasmine Young,TRUE,29/07/2021 07:24
Amber Frazier,TRUE,24/03/2021 19:49
Gary Velasquez,TRUE,18/09/2020 21:19
Walter Vazquez,TRUE,24/04/2021 04:23
Kayla Brooks,TRUE,11/07/2020 17:53
Megan Wilkerson,TRUE,19/05/2020 03:45
Morgan Jacobs,TRUE,14/07/2021 09:18
Mark Hall,TRUE,19/03/2021 15:59
Jordan Flores,TRUE,10/09/2020 14:12
Jose Welch,TRUE,25/02/2021 10:39
Kristen Cruz,TRUE,15/07/2021 20:48
John Williams,FALSE,23/03/2021 00:35
Jason Ferrell,TRUE,17/06/2021 01:18
Christine Davis,FALSE,09/06/2020 15:08
Alexandria Curtis,FALSE,05/11/2021 03:41
Kristy Hill,FALSE,16/10/2021 07:46
Loretta Wise MD,FALSE,22/11/2020 00:09
Lauren Robinson,FALSE,16/06/2020 10:42
Sheila Brewer,FALSE,08/11/2020 01:36
Mr. Wayne Pacheco,TRUE,11/08/2021 14:13
Jason Gallagher,TRUE,17/11/2020 23:54
Brent Monroe DDS,FALSE,15/12/2020 23:59
Scott Ryan,TRUE,12/06/2021 14:04
Timothy Munoz,TRUE,30/12/2020 06:50
Craig Snyder,TRUE,07/06/2021 00:05
Christopher Long,FALSE,26/12/2021 02:11
Shannon Miller,TRUE,11/10/2020 13:29
Tina Hanna,TRUE,20/11/2020 16:16
Jennifer Jones,TRUE,30/07/2021 15:52
Steven Rice,TRUE,16/02/2021 03:43
Robert Stephens,FALSE,11/06/2020 04:51
Yolanda Palmer DDS,TRUE,28/03/2021 21:23
Mark Sloan MD,FALSE,25/11/2021 16:25
Gary Sawyer,TRUE,17/04/2021 11:22
Anthony Castillo,TRUE,03/12/2021 03:03
Lindsey Graham,FALSE,18/01/2021 15:33
Chad Logan,TRUE,22/02/2021 15:07
Kelsey Nguyen,FALSE,28/03/2021 19:44
Brian Bryant,TRUE,28/10/2020 23:33
Paul Patrick,FALSE,02/10/2021 07:08
Ricardo Flores,TRUE,18/05/2020 09:29
Gabriel Foster,TRUE,13/01/2021 15:28
Kevin Brown,FALSE,12/09/2020 20:01
Eugene Turner,TRUE,21/06/2020 13:17
Faith Warren,FALSE,30/01/2021 00:05
Patricia Rowe,FALSE,27/12/2020 13:17
Dale Charles,TRUE,29/06/2021 09:47
Alexis Yu,FALSE,22/01/2021 08:31
Taylor Larson,TRUE,18/05/2021 00:20
Robert Chandler,TRUE,01/04/2021 00:00
Cynthia Aguilar,FALSE,08/06/2020 21:05
John Stewart,TRUE,22/11/2021 07:49
Tina Reed,TRUE,18/10/2021 11:07
Lauren Wade,FALSE,20/11/2020 16:23
Joseph Lee,TRUE,27/04/2021 23:09
Gary Townsend,FALSE,24/07/2020 06:59
Catherine Hood,FALSE,27/05/2021 06:44
Cory Hobbs,TRUE,11/03/2021 08:42
Kenneth Martinez,FALSE,05/06/2021 03:06
Anna Taylor,FALSE,09/09/2020 02:03
Sarah Garcia,TRUE,23/10/2021 14:53
Denise Williams,FALSE,22/06/2021 16:13
Dr. Pamela Williams,FALSE,04/08/2021 18:27
Megan Jordan,TRUE,13/12/2021 02:29
James Rosario,FALSE,05/02/2021 22:17
Kevin Martin,FALSE,03/09/2021 11:34
Debra Alvarez,TRUE,05/08/2020 14:37
Rachel Aguilar,TRUE,06/07/2021 04:41
Rachel Skinner,TRUE,19/04/2021 08:56
Erica Johnson,TRUE,15/01/2021 20:42
Jessica Johnston,FALSE,20/06/2020 07:28
Michael Williams,FALSE,09/05/2021 14:08
Susan Jimenez,TRUE,14/05/2021 18:58
Christine Huang,TRUE,24/12/2021 04:53
Joseph Elliott,FALSE,22/12/2020 03:03
Mark Mann,TRUE,04/11/2021 13:02
Amy Clark,FALSE,23/04/2020 13:46
Allison Black,TRUE,08/07/2020 16:16
Christopher Thomas,FALSE,31/10/2021 00:58
Scott Moore,TRUE,15/09/2021 18:01
Christy Lewis,FALSE,22/06/2021 13:36
Kyle Hernandez,TRUE,11/09/2020 13:35
Amanda Smith,TRUE,13/09/2021 23:40
Mary Young,FALSE,27/04/2020 17:36
Christopher Murillo,TRUE,21/09/2021 17:16
Lindsey Paul,FALSE,01/03/2021 00:19
Jordan Miller,TRUE,16/02/2021 04:43
Kathy Carter,TRUE,06/02/2021 20:15
Victor Mcdonald,TRUE,20/12/2020 01:31
William Davis,TRUE,25/12/2021 23:17
Joseph Long,FALSE,02/10/2020 12:28
Theresa Rodriguez,TRUE,01/09/2021 17:16
Caitlin Nichols,TRUE,28/04/2020 19:39
Cheyenne Thomas,TRUE,13/01/2021 15:14
Scott Ferguson,TRUE,12/11/2021 19:19
Steve Roach,FALSE,05/06/2020 15:55
Ronald Dawson,TRUE,15/05/2021 21:53
John Mcdonald,FALSE,24/08/2020 08:00
Kathryn Reed,TRUE,26/04/2021 03:53
Diane Cannon,FALSE,06/01/2021 15:32
Brian Rogers,TRUE,08/03/2021 16:39
Brent Mckenzie,FALSE,27/07/2020 09:10
Richard Trevino,FALSE,27/07/2021 10:04
Edward Carson,TRUE,21/05/2020 04:45
Michelle Gardner,TRUE,23/10/2021 03:37
Michael Shepherd,TRUE,21/04/2021 06:08
Evan Warren,TRUE,13/12/2021 00:55
Matthew Hernandez,FALSE,16/01/2021 01:13
Mr. Timothy Soto,TRUE,28/09/2021 22:36
Kenneth Hancock,FALSE,08/05/2021 22:35
Andrew Rowland,TRUE,29/03/2021 14:19
Jennifer Bell,FALSE,31/10/2021 18:56
Amy Smith,TRUE,27/02/2021 21:42
Jose Johnson,FALSE,10/12/2020 15:58
Joseph Rogers,TRUE,15/10/2020 13:09
Clifford Johnson,FALSE,19/03/2021 02:44
James Nelson,TRUE,12/10/2021 01:11
Janet Miller,FALSE,20/06/2021 13:26
Kevin Chavez,FALSE,16/10/2021 01:51
Danielle Williams,FALSE,22/11/2020 03:08
Kathleen Boyle,TRUE,20/02/2021 04:00
Heather Berry,TRUE,08/11/2021 00:40
Carlos Campbell,TRUE,13/09/2020 13:27
Ryan Francis,FALSE,02/10/2020 18:11
Ronald Ramirez,TRUE,28/08/2020 15:10
Timothy Peters,TRUE,28/04/2021 07:54
Gregory Evans,TRUE,22/11/2021 14:58
Christine Martin,FALSE,28/07/2020 18:16
Todd Graham,TRUE,21/12/2020 21:47
Kelly Montoya DDS,FALSE,03/10/2020 18:34
Susan Young,TRUE,21/10/2021 13:53
Vanessa Griffin,FALSE,28/10/2020 18:41
Jeffrey Adams,TRUE,26/10/2020 20:31
Tara Harrison,TRUE,04/12/2020 02:03
David Tanner,TRUE,13/05/2021 20:19
Timothy Owens,TRUE,31/10/2021 18:54
Robert Reynolds,FALSE,19/02/2021 07:39
Annette Ramirez,FALSE,16/04/2021 20:05
Abigail Pitts,FALSE,31/10/2021 06:51
Michael Nichols,FALSE,28/01/2021 20:24
Margaret Alvarez,FALSE,02/09/2021 07:47
Brenda Gilmore,TRUE,26/04/2020 22:53
Amanda Lindsey,FALSE,27/12/2021 13:48
Jessica Wiggins,FALSE,30/08/2020 18:31
Valerie Wilson,FALSE,03/03/2021 12:01
Frank Thompson,FALSE,13/01/2021 02:11
Danny Goodman,TRUE,14/10/2021 19:47
Cheryl Jensen,TRUE,20/05/2020 04:47
Roy Armstrong,FALSE,07/09/2020 12:31
Brian Flowers,TRUE,15/04/2021 08:13
James Austin,FALSE,21/10/2021 16:43
Shelby Aguilar,TRUE,30/01/2021 07:52
Cynthia Potts,FALSE,12/12/2021 07:28
Tiffany Martin DDS,TRUE,30/09/2020 13:25
Stacey Espinoza,TRUE,23/12/2021 09:03
Diana Shelton,TRUE,22/06/2020 21:37
Tiffany Jimenez PhD,FALSE,30/01/2021 16:10
Juan Schneider,TRUE,13/08/2021 10:16
Latasha Johnson,FALSE,13/11/2020 10:20
Rebecca Williams,FALSE,11/06/2021 00:04
Daniel Nguyen,TRUE,27/03/2021 09:53
Kyle Smith,TRUE,21/05/2020 02:33
Evelyn Hebert,FALSE,28/02/2021 13:07
David Kennedy,TRUE,13/03/2021 06:11
Philip Hurst,FALSE,27/02/2021 05:38
Tammy Brandt,TRUE,23/12/2020 22:42
Michael Conway,FALSE,15/12/2020 15:06
Elizabeth Castro,TRUE,01/10/2020 19:34
Laura Hayes,TRUE,29/10/2020 17:18
Steven Neal,TRUE,08/08/2020 14:41
Kristen Sanford,TRUE,19/08/2021 02:16
Henry Beltran,FALSE,05/07/2020 13:06
Nicole Pratt,TRUE,30/03/2021 08:21
Stacey Frank,FALSE,20/11/2021 20:01
Kenneth Lee,TRUE,13/07/2020 11:28
Jason Smith,FALSE,31/07/2020 12:37
Stephanie Weber,FALSE,25/08/2020 08:16
Alexandra Pham,TRUE,08/09/2021 08:39
Andrea Johnson,FALSE,05/10/2020 14:34
Maria Nguyen,FALSE,14/05/2021 21:17
Sharon Rogers,TRUE,06/11/2020 20:38
Trevor Hughes,TRUE,28/05/2020 13:12
John Lee,FALSE,27/10/2021 20:09
Brian Mathews,TRUE,28/07/2020 23:59
Ashley Cuevas,TRUE,20/12/2021 11:43
Richard Jones,FALSE,04/05/2021 22:13
Anthony Boyle,TRUE,06/05/2020 12:12
Jennifer Caldwell,TRUE,09/11/2020 08:51
Rebecca Calderon,TRUE,22/02/2021 03:44
Joseph Espinoza,TRUE,25/07/2021 07:24
Julie Brown,FALSE,25/08/2021 13:58
Ryan Armstrong,FALSE,01/02/2021 07:58
Rose Murray,FALSE,01/01/2021 00:49
Angel Miller,TRUE,13/12/2020 03:49
Mark Davis,FALSE,19/10/2020 22:28
Terri Pierce,TRUE,01/07/2021 12:19
Gloria Smith,FALSE,26/04/2021 15:47
Debbie Walsh,TRUE,14/06/2021 22:41
Elizabeth Hill,TRUE,02/09/2020 16:09
Colleen Crawford,FALSE,14/05/2020 05:08
Richard Rivera,TRUE,04/11/2020 12:37
Matthew Kennedy,FALSE,30/09/2020 08:33
Thomas Smith,FALSE,28/09/2020 23:22
Eric Green,TRUE,20/12/2021 22:52
Jeffrey Romero,TRUE,02/07/2021 15:53
Tina Smith,TRUE,02/10/2021 10:40
Juan Fleming,FALSE,13/03/2021 12:07
Eric Gordon,TRUE,31/10/2020 16:24
Steven Lester,FALSE,16/10/2020 09:18
Jose Johnson,FALSE,23/10/2021 01:19
Michael Wise,TRUE,02/06/2020 00:18
Michael Lang,TRUE,29/11/2021 14:53
Ebony Arnold,TRUE,07/05/2020 19:47
David Martinez,TRUE,11/06/2020 12:44
Heather Alexander,TRUE,10/06/2020 09:35
William Yang,FALSE,30/12/2021 15:54
Beverly Marsh,FALSE,20/11/2021 04:38
Jean Gibson,FALSE,24/12/2020 19:01
Joshua Salas,FALSE,06/06/2020 11:38
Michael Davis,TRUE,16/10/2020 01:18
Cory Sullivan,TRUE,16/11/2020 22:13
Wesley Simpson,FALSE,01/10/2021 08:25
William Miller,FALSE,01/12/2020 00:34
Justin Mitchell,TRUE,12/06/2020 02:09
William Wall,TRUE,14/06/2021 12:54
Susan Sharp,FALSE,31/07/2020 17:15
Carla Brown,FALSE,08/07/2020 11:35
Samantha Ramos,TRUE,19/03/2021 13:17
Erin Banks,FALSE,14/02/2021 17:51
Duane Pitts,FALSE,07/02/2021 01:30
Cody Atkins,FALSE,15/11/2020 05:03
Shawn Clark,FALSE,19/04/2021 20:15
Melinda Sharp,FALSE,23/04/2021 21:35
Logan Smith,TRUE,01/04/2021 23:23
Matthew Brooks,FALSE,09/12/2020 02:31
