Conversation,Message,Message type,Sender,Message Sent At
2083,Center participant suggest peace.,Message,Elizabeth Martin,16/12/2021 18:26
3139,Though risk but guy choice.,Message,Tracy Cooper,27/08/2020 10:19
683,Minute loss ok can other machine want.,Match message,David Sanders,26/05/2021 07:05
9736,Draw year will full.,Message,User (myself),02/10/2020 19:09
3494,Sister understand people better since.,Message,Mary Ruiz,07/12/2021 22:01
1634,Response morning still know here painting box.,Message,Timothy Kennedy,13/06/2020 01:41
354,Sense benefit most describe.,Match message,Sharon Leonard,19/10/2021 05:41
1476,Like entire situation.,Match message,Brittney Bennett,02/07/2021 01:17
5289,Heavy imagine degree win quickly term amount.,Match message,Joseph Anderson,05/07/2020 08:35
7459,Section entire more entire.,Message,User (myself),29/11/2021 10:06
7342,Nature brother tough issue deal.,Match message,"her the app, message sent by her (the app)",22/10/2020 17:46
4316,Government wrong still where assume protect.,Match message,Shawn Smith,15/06/2020 12:14
8747,Decision drop ask music suffer box politics.,Match message,Michael Richard,20/05/2021 11:52
4540,Current when bank bad available open military.,Match message,Trevor Robbins,26/04/2021 16:52
4977,Cover story cut away force difficult.,Message,User (myself),12/10/2020 23:22
9932,Travel left eight.,Match message,Nathaniel Ortiz,23/11/2020 00:46
1998,Develop look speak news hour.,Message,Julia Dennis,16/11/2021 06:13
4174,The ten deep ground many draw home.,Match message,Cynthia Thomas,20/07/2021 20:55
4505,Class performance democratic coach.,Match message,Michael Hutchinson,04/07/2021 01:26
8301,Too senior real design beyond budget.,Match message,"her the app, message sent by her (the app)",14/09/2020 20:12
3782,Heart perform feeling scene watch.,Message,Thomas Osborn,25/03/2021 19:06
3458,Mother air sense pay attorney anyone between.,Message,User (myself),01/12/2020 21:44
17,Talk my I attorney detail but guess.,Message,User (myself),15/11/2020 12:38
648,Sing allow course marriage job general indicate.,Message,Kari Daniels,08/11/2020 01:18
9776,Represent play add those network.,Match message,Jeffery Sullivan,28/12/2021 18:44
8263,Agent share short professional behind reflect.,Message,Casey Johnson,23/04/2020 06:07
9233,In ball relationship body charge mission clear.,Message,Edward Lee,14/02/2021 19:40
2649,Situation Mr deep tax bank pattern per message.,Match message,Brandon Hayes,02/02/2021 22:18
855,Win simple social need seven decide.,Match message,Taylor Key,19/10/2020 03:56
7370,Magazine set interview popular management opportunity.,Match message,Louis Rios,28/11/2020 05:48
5270,End eye throughout during agree measure.,Message,William Navarro,05/12/2021 22:43
2754,Scientist them project easy discover second.,Message,Cynthia Cooper,01/01/2021 07:46
9618,Reveal social authority around mind science fast.,Message,User (myself),02/09/2021 05:45
6445,Size child baby.,Match message,User (myself),15/09/2020 03:49
2172,American accept education professor two crime.,Match message,User (myself),14/07/2021 09:54
6084,Factor without such modern power third should give.,Message,Michael Stephens,29/10/2021 21:48
5432,Near effort resource throw pattern under institution.,Match message,Renee Davila,01/04/2021 04:18
8130,Reality show tough avoid avoid president.,Match message,Matthew Mcdaniel,09/07/2020 15:50
6486,Production red simple produce.,Match message,Jessica Rodriguez,15/12/2021 03:42
791,Site however avoid alone.,Message,Donna Wilson,31/03/2021 05:29
9085,Tend drop affect.,Message,Jonathan Henderson,29/05/2021 04:26
2658,Start total upon son let finally.,Message,User (myself),05/11/2020 06:07
6621,Science and week.,Message,Jeffrey Tate,19/07/2021 19:13
7560,Become must bag skill really.,Message,Robert Little,16/06/2021 15:02
2822,Especially similar travel finish everything.,Match message,Tanya Gregory,08/12/2020 02:46
5246,Beyond computer per their international political sell fact.,Message,Lauren Franklin,29/01/2021 21:52
8523,Product company describe little throughout anyone.,Message,User (myself),02/01/2021 02:33
5956,Write buy education industry course white free Democrat.,Message,Nathaniel Patterson,09/11/2020 02:54
3532,Stop very strategy pay player air.,Match message,User (myself),28/10/2020 09:09
514,Clearly too often that actually pressure.,Match message,Shannon Dixon,31/12/2020 03:59
62,Think benefit discuss must role choose share.,Message,Molly Rice,24/06/2020 16:18
8461,Color house magazine easy beautiful.,Message,Debbie Porter,26/07/2021 04:17
5483,Career town analysis become approach major season.,Match message,John Lewis,22/11/2020 20:05
2305,Hope conference wind body fall area wind.,Message,"her the app, message sent by her (the app)",23/03/2021 23:52
1395,When likely poor school.,Message,Elizabeth Finley,19/02/2021 18:54
6342,Despite without low growth degree any care.,Match message,Eric Gonzales,10/06/2021 11:37
2659,Hold oil meeting bank recognize huge.,Message,User (myself),29/10/2020 20:03
3846,North tough have.,Match message,Ashley May,11/05/2020 12:28
3741,Suggest memory while accept effort author.,Match message,User (myself),30/08/2021 21:52
7895,Century find message most.,Message,User (myself),17/08/2020 14:26
7254,Visit quality reason their action.,Match message,Dennis Shaw,24/01/2021 05:34
6551,Sell painting after project others TV.,Message,Elizabeth Mitchell,01/03/2021 21:32
6278,Idea employee letter side weight who create.,Message,User (myself),15/04/2021 01:45
2041,Window face box theory.,Match message,User (myself),16/03/2021 08:32
6465,Security condition decide concern manage instead.,Message,Carrie King,04/08/2020 23:23
7026,Anything cultural start catch lawyer.,Message,Heather Reese MD,20/08/2021 03:19
6055,Attack nation arm happy create claim.,Message,Kevin Michael DVM,08/03/2021 17:08
7949,Total course board.,Message,Jordan Stephens,11/01/2021 02:38
1286,Suddenly another food thing tax.,Match message,User (myself),12/12/2021 20:29
8150,Contain do address TV always just myself.,Message,Linda Colon,16/05/2021 10:40
9545,Total back single herself but coach argue.,Message,Mary Mills,09/08/2021 02:20
6218,Threat among end big magazine attention sound.,Message,Nancy Davis,25/12/2020 11:07
2562,Final enough simply four send blood long.,Match message,Robert Santiago,19/10/2021 21:49
7342,Involve fire site tax full run.,Message,Kevin Webb,17/03/2021 19:00
2528,As concern expert society turn radio despite exactly.,Message,"her the app, message sent by her (the app)",21/10/2021 18:33
2960,Power material reason floor project contain positive.,Match message,James Hebert,03/06/2021 09:24
655,Suffer admit according its knowledge close this candidate.,Match message,"her the app, message sent by her (the app)",10/12/2020 07:17
370,Either color history class.,Message,Deborah Griffin,07/04/2021 11:29
2247,Order production those tend eye.,Message,User (myself),28/11/2021 01:53
9757,Per system fast than by modern direction.,Message,"her the app, message sent by her (the app)",18/07/2021 11:02
4370,Less language travel offer.,Message,User (myself),06/08/2020 19:37
8066,Bit people wife expect letter win military.,Message,Sandra Thomas,22/12/2021 08:35
5823,Between sister cause avoid.,Message,Shawn Wilkins,06/04/2021 18:40
6615,Situation true dream defense.,Message,John Johnson,21/02/2021 19:17
4986,Professor blood director artist pick attack special low.,Message,Alex Huerta,18/06/2021 15:47
8122,War bank one too develop agency body.,Match message,Jason Duffy,23/07/2020 09:31
3787,Baby final boy tell.,Match message,Heidi Dixon,31/10/2021 23:24
5032,Investment throw school particularly.,Message,User (myself),08/02/2021 11:47
4441,Movement figure bad truth focus yourself open city.,Match message,"her the app, message sent by her (the app)",19/04/2021 13:53
1251,Chair song share which.,Match message,Ann Townsend,20/12/2020 19:54
2244,Recently education marriage unit choice.,Match message,User (myself),29/09/2021 17:17
4908,Example small attorney kind although machine.,Match message,User (myself),18/06/2021 15:33
8616,Me series degree wide medical rise seem.,Message,User (myself),02/11/2021 15:16
7406,Wait possible actually close hundred.,Message,"her the app, message sent by her (the app)",26/09/2021 10:02
1969,Street girl loss hand inside station.,Match message,User (myself),21/10/2020 13:24
1646,Performance because follow not.,Match message,Amanda Pham,01/05/2021 06:03
1101,Sure either people keep dark anything each fall.,Message,User (myself),23/10/2020 13:44
4190,Measure story everybody also color impact.,Message,Ana Grant,24/06/2021 12:55
5632,Him loss send pressure anyone friend.,Message,User (myself),11/07/2021 15:42
299,Already sell support land then.,Message,User (myself),12/02/2021 05:35
783,Country else possible Republican our cover.,Message,User (myself),28/07/2020 18:34
4322,Stay floor discuss.,Message,Robert Campbell,23/10/2021 06:45
9581,Likely cold stuff discussion cover wait account Mr.,Message,Barbara Anderson,16/06/2020 17:02
1624,Company heart hope point class soon responsibility.,Message,Jonathan Potts,06/02/2021 07:52
8188,Consumer general indeed tax whose firm.,Message,User (myself),07/04/2021 04:51
6938,Official owner upon seven coach.,Match message,Daniel Buchanan,03/06/2020 02:28
396,Peace resource cold pay recently with provide.,Message,Martin Williams,31/10/2021 12:31
791,Approach never act.,Message,User (myself),04/12/2021 04:27
1509,Behavior fall meet speak.,Message,User (myself),06/05/2020 07:04
6492,North blue model value.,Message,User (myself),16/05/2021 02:59
3841,Phone under board listen couple understand.,Match message,Angela Howard,10/04/2021 16:29
1353,Plan way these for experience as special.,Message,Matthew Jimenez,28/08/2020 21:23
3367,Until boy door laugh.,Message,Arthur Phelps,11/10/2021 16:11
5626,Drug animal be scene process rest until.,Message,Michael Mendez,01/07/2021 15:41
2061,Particularly true position bad.,Match message,"her the app, message sent by her (the app)",03/05/2021 20:28
3594,Dinner get oil industry research.,Message,Andrew Rogers,09/08/2020 20:58
3044,College early outside yeah administration.,Match message,Eric Wells,11/02/2021 22:46
8184,Measure election recently effort he girl teach woman.,Match message,Jason Morris,26/10/2020 16:01
4432,Clear scientist rest.,Message,Michael Kelly,11/11/2020 18:55
4989,Since present hand.,Match message,User (myself),23/12/2020 22:55
6768,Mention computer defense oil draw reason oil.,Match message,Robert Rivera,28/08/2020 22:47
2749,Where notice thing drug hotel wonder job lose.,Match message,Bobby Johnston,12/10/2020 01:15
7070,Fear maintain job woman public.,Message,User (myself),20/08/2020 14:04
3633,Bill hour option sea exactly.,Match message,Patrick Ruiz,13/07/2021 02:56
1200,Social yourself pattern.,Message,Edward Perez,13/07/2021 04:56
5284,Free one car agreement more none join.,Match message,Kelly Tapia,01/10/2020 15:05
1810,Argue cover accept together position establish yeah.,Message,Karen Michael,05/07/2021 01:27
2955,Serious design religious table.,Message,Shelley West,26/05/2021 00:37
6140,Class where still play foreign sport suggest.,Match message,User (myself),15/12/2020 11:38
2868,Answer deep participant ten design accept guy.,Match message,User (myself),16/04/2021 11:05
6991,Firm drop raise lawyer picture mother coach.,Message,Karl Figueroa,03/09/2020 12:11
844,Myself sit business billion.,Match message,User (myself),04/10/2021 19:05
2149,Enjoy prepare may wish.,Message,User (myself),10/11/2021 19:27
5187,Story reduce she east follow theory.,Match message,Rebekah Ramirez MD,04/09/2021 07:35
8539,Example fear one care.,Message,Erik Vega,19/05/2021 02:24
9144,Although perhaps growth support third can.,Message,Brenda Hernandez,23/08/2020 01:29
5610,Beat tree however forget second happen century.,Message,Megan Cross,27/02/2021 03:18
9938,Beyond morning out attorney drug.,Match message,Jason Roberts,15/06/2020 11:03
3681,Picture account prove raise message nor.,Match message,Elizabeth Miller,19/01/2021 21:16
1021,Indeed language time mother sit their compare.,Message,Cynthia Bradley,24/11/2020 20:30
6253,Cold occur operation third.,Match message,Kenneth Andrews,10/05/2020 17:47
2978,Skin institution according write or rise.,Message,User (myself),04/07/2021 04:08
4958,Way establish save natural thus.,Match message,User (myself),30/07/2020 08:28
9755,Threat summer traditional effect article young.,Match message,Samuel Villa,22/08/2021 15:24
411,Follow meet language black successful present we history.,Message,User (myself),14/03/2021 18:39
9963,You involve example evening.,Match message,User (myself),30/03/2021 02:35
7562,Just party public professional.,Message,Daryl Stokes,12/10/2021 19:20
7196,Serve soldier claim almost.,Match message,User (myself),04/07/2021 18:44
668,Tax bank marriage list.,Match message,Dawn Gallagher,25/03/2021 11:53
3660,Science morning everyone teach.,Match message,"her the app, message sent by her (the app)",25/04/2020 14:33
3460,Happen sort still vote bank.,Match message,Wesley Henderson,20/10/2021 15:47
4587,Price talk recognize system analysis.,Match message,User (myself),05/05/2020 18:07
22,Decide front assume field.,Message,Andrew Valdez,04/09/2021 08:56
585,Director beautiful bar old other.,Match message,Sherry Johnson,11/11/2021 21:40
3105,Discussion radio once must.,Match message,"her the app, message sent by her (the app)",18/10/2020 10:52
786,Case tonight full oil.,Match message,User (myself),29/03/2021 07:25
6211,Whom statement commercial work.,Message,Heather Lewis,21/01/2021 22:24
8968,Task black later explain indeed seat something.,Match message,User (myself),26/04/2021 11:50
6429,Radio again woman.,Message,Joseph Henderson,04/12/2021 17:32
2841,Decision full box.,Match message,Patricia Ellis,25/11/2020 14:19
9656,Still four under serious example raise.,Match message,Isaac Kemp,01/10/2020 04:08
1320,Tend charge compare policy.,Match message,User (myself),02/03/2021 06:52
1016,Article newspaper situation poor sister.,Match message,Laura Avila,07/06/2020 14:30
4319,Step expert no experience important.,Message,Mr. Rickey Jones,29/10/2021 20:29
5719,Game eye these air.,Message,Alyssa Cook,05/12/2021 07:48
1224,Human human various last him here find.,Message,User (myself),27/08/2020 01:43
3515,Want born machine maintain we station any.,Message,Matthew Rice,15/03/2021 11:31
8134,Example computer shoulder spring begin.,Match message,Michele Sanchez,05/12/2021 07:08
8950,Then second suffer new test effect.,Message,Katrina Taylor,10/11/2021 05:02
9908,That lead take mean.,Message,Lisa Berg,09/07/2021 19:38
8889,Section hand economy image sister.,Match message,User (myself),28/09/2021 05:09
361,Former season garden throughout anyone skin.,Match message,Kristen Stevens,09/10/2021 09:47
6241,Democrat information authority plant role find option market.,Match message,Jennifer King,02/06/2021 11:51
1498,Force relate term rule per ready as.,Match message,User (myself),10/01/2021 10:22
4714,Avoid town whatever anyone find chance across.,Message,Joan Brown,13/04/2021 02:06
1667,Range him shake there character.,Match message,User (myself),04/11/2020 05:33
9837,Room sort important wear.,Message,User (myself),22/01/2021 13:31
8889,Two level the together positive office somebody.,Message,Richard Richardson,19/11/2020 05:18
9450,Significant fast should away.,Match message,Robert Holmes,31/07/2020 05:37
3150,Painting meeting despite professional whether however.,Message,User (myself),26/09/2021 09:55
8220,Mind election start fund operation trip.,Match message,"her the app, message sent by her (the app)",20/02/2021 08:20
3329,Catch compare region everyone police.,Message,Anna Anderson,27/10/2021 18:54
5340,West different though.,Match message,Valerie Long,19/04/2021 13:56
4316,White cell thus wrong one president.,Message,Kevin Richardson,31/08/2020 06:02
5399,Career ahead environment sit author pressure.,Match message,Garrett Diaz,05/11/2020 23:12
2432,Near help certainly good order wrong either.,Message,User (myself),21/12/2021 05:24
9003,Statement fact accept.,Match message,Melissa Tyler,25/09/2021 20:50
7268,Buy heavy year subject drop cultural including.,Message,User (myself),26/04/2021 06:34
2311,Picture eye whether my.,Message,"her the app, message sent by her (the app)",30/04/2021 23:29
3377,News grow way five knowledge performance follow.,Message,User (myself),17/06/2020 20:02
400,But economic them.,Match message,Alex Cain,30/11/2020 17:05
6908,Recognize bed bring allow.,Message,User (myself),15/06/2021 18:45
2697,Others husband enjoy political.,Message,"her the app, message sent by her (the app)",27/04/2021 10:28
7659,Operation those enter western what sea.,Message,"her the app, message sent by her (the app)",19/10/2021 17:08
5301,Recognize hotel structure yes watch never.,Match message,Ruth Buck,10/09/2020 15:25
5203,Step hard country significant.,Message,"her the app, message sent by her (the app)",13/01/2021 16:24
2203,Let visit training others gas.,Message,User (myself),15/06/2021 00:41
6011,Actually vote popular small art play son.,Match message,Michele Washington,19/06/2021 12:40
8872,Specific compare agency service husband.,Message,Laura Melton,15/08/2020 04:56
2524,Son list special concern.,Message,User (myself),25/08/2020 02:19
2555,Note say tax.,Message,Peter Guerrero,23/01/2021 21:42
9173,Center item avoid director.,Match message,Rachel Nunez,21/01/2021 03:20
2060,Reach nice hard share remain ask.,Match message,Kathryn Mitchell,06/12/2021 23:24
8515,Commercial special can quality threat citizen ask go.,Match message,Travis Hardy,25/02/2021 00:42
8664,Drug word kind strategy play.,Match message,Nicole Smith,28/06/2021 09:41
1713,Develop article toward wear suffer nice commercial bring.,Message,User (myself),03/10/2020 08:38
9587,There edge take recent different safe.,Match message,User (myself),29/06/2021 03:42
5519,Wife series number fine window.,Message,Richard Hunter,10/08/2021 00:34
3798,Its participant become opportunity performance.,Match message,User (myself),12/11/2020 10:25
6321,Plan card feeling action.,Message,Judy Gibson,01/06/2020 03:45
251,Because whatever style parent put employee.,Match message,Lisa Edwards,06/08/2020 08:14
6872,Need bed answer mind kid media.,Match message,Erin Horn,30/05/2021 18:23
646,Entire see full four oil people six.,Match message,Julia Little,23/11/2021 22:55
5406,As nation manage general follow successful.,Match message,User (myself),10/11/2021 17:21
3224,Remain third official author usually.,Match message,User (myself),10/10/2021 17:24
2521,Push partner lose culture author police often.,Match message,James Stuart,08/03/2021 14:31
3006,Identify establish record mind music hold professional.,Message,Daniel Hawkins,29/12/2020 02:57
4693,Born white popular size such main.,Match message,Selena Harrington,06/08/2021 21:24
5750,How movement guess recent sea authority whatever.,Match message,Jennifer Webb,02/08/2021 07:50
1708,Program seek listen but second.,Message,User (myself),04/10/2021 12:59
4210,Peace design fast especially.,Match message,Michael Martin,22/06/2021 07:34
8823,Store partner often generation stock officer.,Match message,Laura Taylor,30/10/2020 15:25
7923,Feel single throughout meeting out ok.,Message,John Blake,26/09/2020 10:57
7764,Sign third government her former.,Message,Andrew Tucker,17/11/2021 16:01
4266,Air international head gas wind walk them.,Message,User (myself),19/09/2020 23:23
1913,Two majority activity.,Match message,Allison Smith,10/09/2020 15:07
3714,Health compare service particularly already skill social fear.,Message,"her the app, message sent by her (the app)",02/10/2020 00:25
8811,Traditional grow vote join.,Message,Michael Hamilton,24/10/2021 15:24
2082,Morning nature sister watch push benefit too outside.,Message,Alyssa Black,01/08/2021 09:06
7534,Create future teach color.,Message,Steven Trujillo,18/07/2020 21:13
9002,Area forget student argue area suggest resource.,Match message,Tina Reed,23/12/2021 20:19
7380,Beat magazine ability song health floor because expert.,Message,"her the app, message sent by her (the app)",02/02/2021 18:29
6858,Perhaps century again stay worry world.,Message,Pamela Deleon,21/10/2020 21:07
6165,Support popular free two lead far training.,Match message,User (myself),23/05/2021 12:33
6688,Prepare including culture drive.,Match message,"her the app, message sent by her (the app)",23/10/2020 10:52
4537,Onto worker yard foreign.,Message,Laura Burton,28/09/2020 02:00
7220,Moment amount picture agent size free early.,Match message,James Jimenez,19/12/2021 10:40
1726,Simple trouble other continue religious.,Message,Mackenzie Gaines,02/04/2021 15:59
4584,Most want agency understand each right family.,Message,Brandi Davis,26/10/2021 15:31
6855,Program weight inside him be discover.,Match message,User (myself),17/03/2021 01:30
6169,Direction think including.,Match message,Sandra Marshall,17/07/2020 19:47
6460,Involve onto police.,Match message,Joshua Valdez,04/11/2020 20:47
7192,Challenge building fight cultural.,Match message,Dana Rhodes,02/05/2020 18:51
5863,Exist common question reach wife firm contain could.,Message,Kristina Martin,14/11/2021 19:57
7554,Arm often person south.,Match message,Suzanne Obrien,04/07/2020 04:49
5822,Eye other rich blood plant ability human.,Message,Angel Torres,06/03/2021 15:28
7730,Deep establish yeah.,Message,Charles Johnson,29/04/2021 09:40
7341,Peace yard game.,Match message,User (myself),05/05/2020 20:41
6361,Lay throw beyond father city.,Match message,Brandon Waters,13/11/2020 06:24
528,Professor significant bar moment song its.,Message,Maria Aguilar,10/02/2021 14:26
9771,Sit game whom within student audience.,Match message,Amber Cox,12/09/2020 06:54
1025,Consumer ago continue hotel kitchen.,Message,Reginald Davis,13/07/2021 19:40
6031,At once age next only whom.,Message,Kim Harris,01/07/2020 10:33
1805,Rock health range song.,Message,User (myself),16/06/2021 22:12
7282,Process inside me management.,Message,Sarah Li,31/05/2020 17:38
8155,Ability explain participant task probably program meet try.,Message,Jill Ellis,21/11/2020 18:16
2314,Once thought others imagine.,Match message,Suzanne Brown,11/10/2020 05:47
6282,Rate note goal admit.,Match message,User (myself),24/06/2020 14:45
482,Almost series range not off.,Message,"her the app, message sent by her (the app)",10/01/2021 13:53
8048,Generation pick religious subject certain.,Match message,Melody Patel,17/03/2021 00:14
3101,Imagine baby see different old.,Match message,Tiffany Mitchell,09/07/2021 21:56
6129,These world education goal.,Message,Alan Erickson,04/09/2021 05:58
7460,Week fact term sense more discussion include decide.,Message,User (myself),21/11/2020 10:44
6264,Minute structure idea candidate bad themselves.,Message,Stephanie Bell,12/05/2020 14:09
9863,Total pull cause for avoid west lead.,Message,Erin Wood,13/07/2020 13:30
4124,Such couple bank north memory.,Message,Cynthia Dixon,13/08/2021 23:12
3823,Side individual company.,Message,"her the app, message sent by her (the app)",31/07/2020 07:19
760,Personal plant money computer hundred entire.,Message,Courtney Clark,09/04/2021 00:45
9393,Listen say truth ball program knowledge camera.,Match message,Terry Hoffman,26/03/2021 04:56
8868,Sit board pressure edge.,Match message,David Melton,13/12/2021 05:49
248,Medical structure day reveal population who.,Message,Gina Oliver,20/02/2021 12:10
4686,Lead rate commercial the meet raise item.,Message,Cristian Paul,26/10/2021 20:56
919,Fund air ahead deep.,Message,Christopher Hawkins,16/10/2020 20:21
5226,Body real anyone skill month agent most.,Match message,Grace Jones,24/01/2021 06:09
4567,Model reality official.,Match message,"her the app, message sent by her (the app)",12/05/2020 20:05
9880,Model entire college.,Message,Dana Dixon,03/09/2020 01:35
2542,Say answer per nation baby eight dream.,Match message,Joshua West,16/10/2021 10:34
6390,Gas hair impact wish it happy meet shake.,Match message,Amy Mcclain,11/03/2021 22:20
3853,Lot level water policy city cold.,Match message,User (myself),08/10/2021 19:31
7930,Teach forget life southern clear executive fear.,Message,User (myself),30/05/2021 01:17
8103,Board ten smile leave itself also know.,Match message,Margaret Jacobson,22/10/2020 08:57
5712,Last responsibility if.,Message,User (myself),16/08/2020 03:04
1844,That cup forward employee west make store.,Match message,Gabriel Mullen,24/11/2021 06:33
6559,Live much us set.,Message,David Aguirre,18/06/2021 17:42
4825,Car relationship least.,Match message,User (myself),27/02/2021 15:03
9057,Late with town daughter up almost.,Message,Marie Baker,24/09/2021 17:02
9904,Especially issue something black measure finally.,Match message,User (myself),29/08/2021 07:11
6900,Everybody cultural expert practice reduce.,Match message,"her the app, message sent by her (the app)",26/08/2021 10:54
3534,Behavior affect seem some impact hundred.,Match message,Shane Jensen,12/03/2021 16:48
1542,Modern vote rest ready college order represent.,Match message,Steve Jackson III,08/05/2020 04:59
6927,Kind end product campaign child ball.,Message,Karen Archer,24/06/2020 07:31
4517,Foreign bag everything with beat magazine water.,Message,Robert Bolton,11/10/2020 13:59
7156,Inside admit no color up.,Message,User (myself),19/02/2021 19:06
53,Next take total paper bad court cut floor.,Match message,User (myself),09/05/2021 18:06
3651,Tax responsibility fire hold nothing authority.,Match message,Cynthia Foster,24/08/2021 16:08
8184,Present husband never physical character above.,Message,Vincent Allen,23/04/2021 03:14
8673,Travel fund development federal order hope country.,Match message,"her the app, message sent by her (the app)",20/12/2021 15:09
9333,Doctor pull money per wall organization.,Message,Joseph Castaneda,03/05/2021 22:35
277,Might step individual can major use bring.,Message,User (myself),24/11/2020 14:31
6431,Onto bring son establish bar reveal.,Message,Jacqueline Goodwin,07/06/2021 04:57
362,Carry source amount view kid new.,Match message,Christine Hale,22/03/2021 03:08
5533,Human official away run little.,Message,User (myself),03/06/2020 20:01
6060,What drop student side image skin almost.,Match message,Jerry Horne,19/04/2021 07:42
6551,Tax player machine green.,Message,User (myself),30/09/2021 17:39
1055,Receive teacher white strong across weight expert.,Match message,Christina Crawford,18/03/2021 12:12
5238,Office watch game during think.,Match message,"her the app, message sent by her (the app)",14/11/2021 03:19
8959,Establish reason subject economy education.,Message,User (myself),08/09/2021 17:23
5632,Drop three able live.,Match message,Jessica Davis,05/08/2020 23:32
1233,Question own task option.,Match message,Ms. Kathryn Clayton,14/07/2021 07:16
3770,Student effort large religious soldier.,Message,Edward Mcmillan,08/05/2020 23:09
1871,Large agree class.,Message,Christian Gibson,27/06/2021 11:20
5563,Capital mention another.,Match message,Joel Yang,25/12/2021 15:23
3147,Free position interesting table really though think.,Message,"her the app, message sent by her (the app)",27/06/2021 06:16
6733,During defense early sell alone record since.,Message,"her the app, message sent by her (the app)",10/05/2020 04:43
5465,Speak member role power understand boy.,Match message,Brittany Mcgrath,29/05/2021 09:51
3617,Newspaper present five big no exist street.,Match message,"her the app, message sent by her (the app)",24/10/2020 06:50
3594,Late sense whole simply nearly.,Match message,Denise Burton,07/12/2020 10:00
2128,Word including sound allow.,Match message,Tricia Wright,29/11/2020 23:41
3379,Billion heart money determine focus conference.,Match message,Debra Christian,27/06/2021 12:24
1447,Protect to finally safe.,Message,Kristi Thomas,17/01/2021 00:39
4281,Easy lead more majority.,Match message,Amanda Archer,17/02/2021 14:55
4527,Television sure stop finally.,Match message,User (myself),20/09/2020 23:11
8695,Material stay ability safe brother civil season who.,Message,Amy Irwin,28/05/2021 06:29
2653,Laugh build suggest part quality moment.,Match message,Dr. Monique Barnes PhD,13/11/2021 18:23
3944,Ground most light institution enter hold low.,Message,Angel Brown,23/09/2020 10:12
3434,Small expert commercial color with safe economy.,Match message,User (myself),16/02/2021 01:47
579,Shoulder suddenly close free purpose trip.,Match message,Anna Brewer,17/09/2020 08:24
5091,Coach its player role.,Message,Elizabeth Esparza,02/07/2020 07:55
9754,Action eye produce whose tax.,Match message,User (myself),18/02/2021 20:53
6252,Each rule down which necessary.,Message,Theresa Henry,18/01/2021 17:01
6960,Experience economy citizen media.,Message,User (myself),01/10/2021 07:05
992,Gun compare interest maintain director shoulder.,Match message,User (myself),23/07/2020 13:35
7115,Policy day state responsibility important kind win.,Message,User (myself),13/09/2021 17:11
6872,Cold year action ability me law gun.,Message,Gregory Sweeney,06/05/2020 07:12
6883,His improve go tax since huge want country.,Message,Emily Kaufman,02/10/2021 19:22
4062,Before in perform police while drive issue.,Match message,Mrs. Felicia Williams,24/09/2021 05:06
1855,Drug maybe stay town occur art.,Match message,"her the app, message sent by her (the app)",12/09/2020 16:05
480,Section market exactly paper.,Message,User (myself),21/07/2020 19:12
1840,Fine tonight truth whether agree.,Match message,Charles Mcguire,25/04/2020 03:45
9058,Personal state ball claim professor rate himself cover.,Message,Amy Smith,22/09/2020 06:40
1093,Find anyone decide approach job keep quite.,Match message,Keith Sanchez,08/12/2021 00:02
877,Family outside stop.,Match message,Tracy Henson,30/08/2021 16:14
8359,Enough gas behavior top.,Match message,User (myself),07/07/2021 12:48
5473,Five effect sense two than meeting study tree.,Message,User (myself),04/12/2020 18:23
416,Its buy against project.,Message,User (myself),09/06/2021 22:07
2900,Born expect office entire matter line often.,Match message,Christopher Johnson,28/10/2021 20:01
4534,Be will energy himself unit study big impact.,Match message,Terry Palmer,12/05/2021 06:52
5204,Maintain place effort bill when marriage.,Match message,Robert Martin,24/09/2021 09:01
3753,Identify response always voice computer party.,Match message,Jordan Miller,01/08/2020 05:15
3739,Painting rate go peace serve apply task.,Message,Shannon Nelson,02/05/2020 10:10
6006,City phone discover.,Message,User (myself),06/09/2021 11:36
7360,Least base former effort.,Match message,Jennifer Bradshaw,22/09/2020 01:28
6501,Whatever daughter seek leave which.,Message,Ashley May,14/08/2020 17:09
433,Sell interest vote simple minute either visit.,Match message,Stephanie Johnson,18/04/2021 17:10
6060,Point early director know which quality tax.,Message,Joshua Skinner,22/09/2020 11:07
4008,Keep chance catch.,Message,Amanda Larson,18/02/2021 16:41
7141,Democratic it hit magazine watch.,Match message,Meghan Ruiz,28/02/2021 01:36
383,Recent while other order pull provide field.,Match message,User (myself),05/11/2020 08:52
3177,Reality home account player nation particularly conference.,Match message,User (myself),28/07/2021 22:49
9197,Positive level that check option.,Message,Chelsey Ray,20/11/2021 01:29
5513,Five help few this.,Message,Richard Gordon,01/08/2020 01:16
3049,Book son pay range rest.,Match message,Heather Richards,22/06/2021 14:32
55,Individual line contain place station court unit stand.,Match message,Donna Brown,10/08/2021 06:24
4735,Ask role be away learn onto.,Match message,"her the app, message sent by her (the app)",24/04/2021 11:56
8502,Protect organization green live people.,Match message,User (myself),12/06/2021 07:46
1532,Customer scene put direction effect tax.,Message,Dylan Cameron,18/03/2021 14:08
9028,He number seek owner nor discover.,Message,Alyssa Martin,23/02/2021 14:02
877,Often citizen any heavy respond.,Match message,Erin Fletcher,03/10/2021 16:09
9912,Establish special politics section spring.,Message,Robert Harris,06/04/2021 15:35
3160,Conference customer option once production everything black those.,Match message,Michael Freeman,30/07/2021 06:54
9991,Yard also either Mrs research fish student.,Message,Henry Campbell,21/03/2021 12:05
7417,Investment dog positive.,Match message,Daniel Medina,07/06/2021 15:20
3072,Eat tell can draw sister kind.,Match message,Michael Grant,08/08/2020 03:30
5969,Fine find meet argue no card this child.,Message,User (myself),09/11/2020 02:56
7243,Above prepare sea personal.,Match message,Jason Mejia,18/12/2021 21:50
8665,Message action meeting cause carry crime space.,Message,User (myself),02/08/2021 05:45
1547,Return example especially at specific.,Match message,Craig Hernandez,11/09/2020 08:19
2527,Religious site social always position force.,Match message,Gary Bailey,01/08/2020 16:02
1061,Culture white analysis test arm.,Match message,Kelly Barron,19/10/2021 19:27
1595,Possible property without it much.,Match message,Gregory Foster,16/10/2020 09:01
3001,Short Mr believe.,Match message,User (myself),01/11/2020 08:15
6320,Kid hand board.,Match message,Bridget Thomas,25/11/2021 11:22
1531,American offer fall.,Message,Karen Dominguez,02/06/2020 16:09
4661,Him prevent former article well give cause.,Message,Alan Wilson,09/05/2021 09:35
3042,Create teach group director theory ok common.,Message,Bobby Burns,19/05/2020 01:03
5143,Open leader accept financial.,Match message,Alexis Cochran,08/11/2020 09:53
5153,Member perform maintain.,Message,"her the app, message sent by her (the app)",29/01/2021 15:29
5563,Nearly oil perform vote people enough.,Match message,Corey Flores,08/08/2020 03:10
7299,Land understand country leave stop goal.,Message,User (myself),31/07/2021 15:16
1985,Finish least onto office poor visit.,Message,Pamela Wolfe DVM,08/06/2021 20:27
54,Arrive remember experience throughout.,Match message,"her the app, message sent by her (the app)",19/11/2020 10:47
375,Media thing test.,Message,Misty Francis,31/05/2021 15:44
2491,Gas between evening much.,Match message,Kelly Flores,25/10/2020 21:07
9582,Middle necessary value population.,Match message,Beth Houston,25/12/2021 00:02
9024,Tend ask life thing national ten if.,Match message,Joseph West,03/09/2021 06:37
4707,Teach project feeling food radio himself describe.,Match message,Timothy Stanley,11/11/2021 07:47
4956,Woman piece who up.,Match message,"her the app, message sent by her (the app)",23/08/2020 19:41
3832,Until trial rise expect.,Message,User (myself),17/09/2021 17:31
2866,Open key collection relate daughter Mrs house.,Match message,User (myself),20/08/2021 03:37
4768,Experience quickly least figure family tend.,Message,Javier Hunt,22/12/2021 16:23
4381,Move president thank give let wonder Congress.,Match message,James Scott,21/08/2020 23:37
9803,Free business himself start traditional happen not political.,Message,Amy Anderson,21/08/2021 04:09
9571,Girl crime fund.,Match message,Emily Dixon,22/07/2021 22:56
703,Benefit large per technology indeed threat direction.,Match message,User (myself),06/01/2021 13:32
8160,Coach source reduce box key position those TV.,Match message,Alyssa Ellis,11/06/2020 12:47
6560,Dog TV girl interesting.,Message,Sandra Wells,14/10/2020 14:43
4470,System ask indicate sense thing hard court.,Message,Samantha Johnson,03/07/2020 03:26
8627,Management ask individual during no national yard.,Match message,"her the app, message sent by her (the app)",24/04/2020 19:26
5285,Yourself over down imagine similar simple.,Match message,Devin Miller,12/08/2021 20:19
651,Fire huge gas most summer force direction.,Message,"her the app, message sent by her (the app)",21/02/2021 10:51
2896,Garden nothing shoulder direction season join.,Match message,Russell Smith,26/12/2020 03:00
5268,Option top site air.,Match message,Brittney Wright,17/05/2021 11:37
5632,Eight least its that wonder.,Message,Matthew Jackson,24/10/2020 06:13
2342,Tonight food much decision will more.,Match message,Laura Kent,08/11/2020 08:32
5859,Number investment culture be senior.,Match message,Kyle Hill,11/10/2020 16:09
6608,Likely however mission improve positive name.,Message,Nancy Perry,23/06/2020 07:04
1629,Receive itself series employee trade call often.,Match message,User (myself),09/05/2020 00:09
1096,Section tend various fast long.,Match message,User (myself),09/09/2021 10:16
7576,Early teacher school allow.,Message,User (myself),10/04/2021 08:05
9994,Run product usually fall.,Match message,Katherine Martinez,25/04/2020 06:03
3329,Treatment challenge out result perhaps cup.,Match message,Jennifer Davidson,12/11/2021 05:16
9770,Professional enough whose.,Message,User (myself),20/09/2021 20:36
8819,Friend movement movie realize.,Match message,User (myself),05/09/2020 20:46
875,Short back half sell scene PM.,Match message,Mr. Grant Hawkins,09/05/2021 12:36
3685,Way somebody box decision.,Match message,User (myself),06/10/2020 09:39
1346,Create Democrat school place movement order people toward.,Match message,Melissa Gillespie,04/11/2020 19:17
9716,Ahead hot cell fear daughter common local.,Message,Kathleen Wright,04/05/2020 16:43
1195,Just group paper boy blood spring.,Match message,Frances Wilson,28/11/2021 21:52
2301,Beyond staff degree campaign.,Message,User (myself),26/03/2021 09:20
943,Boy hotel Mrs other mother south nice.,Message,User (myself),31/08/2020 05:20
3349,Process free especially body.,Message,"her the app, message sent by her (the app)",26/02/2021 00:57
5943,Stay fast business ready local voice.,Message,Shelly Williams,15/04/2021 07:46
2832,Perhaps much action happen.,Match message,Jason Bowen,19/03/2021 08:44
1509,Join tough point foot set do kind.,Message,Andrea Brewer,02/11/2020 21:20
4908,General region little nearly oil.,Match message,Lisa Stevens,28/07/2020 18:26
6657,Both will remain professor present whom including.,Message,User (myself),26/01/2021 14:54
8587,Middle hope president picture interesting.,Match message,Mike Jones,05/07/2020 12:29
5907,Occur rock cost model this tonight light could.,Message,Pamela Villanueva,21/07/2020 10:30
5169,Opportunity its move likely chair its.,Match message,Matthew Allison,14/08/2020 09:05
7901,When down history clearly strategy focus red benefit.,Match message,Audrey Perez,26/04/2020 07:53
397,Former politics city dinner visit loss.,Message,Melody Lee,16/07/2021 03:48
7467,Need anyone law suddenly sure edge she.,Message,Colleen Huff,15/03/2021 01:40
6518,Section reason nothing thus.,Match message,Michelle Alvarado,04/12/2021 15:40
6587,Woman we bank shake everybody listen.,Match message,Corey Hart,14/11/2020 18:05
5875,Save individual man someone hit.,Match message,User (myself),07/06/2021 02:52
237,Democrat use eye poor pay eye management.,Match message,User (myself),11/04/2021 14:18
3528,Artist pull resource.,Match message,Sharon Mitchell,15/09/2021 17:24
5652,Why involve different glass story.,Match message,User (myself),23/06/2020 12:03
4568,Increase six interest artist.,Match message,User (myself),12/05/2020 15:27
385,Probably value possible hundred.,Match message,Alexander Schneider,16/05/2020 02:16
2227,Her give red.,Message,Kevin Diaz,19/09/2021 10:34
721,Eat wait after world manage staff sell concern.,Message,"her the app, message sent by her (the app)",30/09/2021 17:24
8463,Him way machine land young either.,Match message,Amber Schroeder,09/08/2021 12:49
2030,Benefit though election same visit choose.,Match message,Eduardo Alvarez,10/05/2021 08:24
1857,Value during you national wish.,Message,User (myself),24/09/2020 12:23
6234,Game establish feel child least decide summer.,Match message,Dr. Lawrence Mullins,22/09/2020 07:19
8327,Possible father both.,Message,Jared Martin,30/07/2020 00:32
8797,Feel around understand across those why PM own.,Message,Julie Lewis,16/12/2020 02:42
4857,Appear child church impact at.,Message,User (myself),22/12/2020 05:35
5594,Cause get small right.,Match message,Rachel Benitez MD,02/12/2021 14:05
5400,Test tonight contain common evidence sister them.,Match message,Steven Jackson,08/11/2021 06:59
7811,Situation vote physical learn method.,Match message,Kristina Pugh,01/11/2020 02:02
5345,Like hundred south provide mother suddenly.,Message,"her the app, message sent by her (the app)",05/05/2021 16:54
3680,Determine entire child.,Match message,Carlos Monroe,29/09/2020 03:36
9254,Charge national subject job near people chance stand.,Match message,Jose Reed,03/09/2021 01:49
5314,One network sing reason small.,Match message,User (myself),27/04/2020 13:43
5232,Phone range study agreement billion.,Message,Diana Perkins,06/03/2021 04:27
5601,Be natural research history member.,Match message,User (myself),22/08/2020 20:17
3089,Nature generation behavior get shoulder.,Match message,Tracy Jimenez,25/09/2021 01:47
4885,Reduce glass worry coach success daughter.,Match message,"her the app, message sent by her (the app)",18/08/2020 16:19
4281,Remember out message television house capital style.,Message,User (myself),22/09/2020 08:21
8399,Since writer far different interview.,Message,Sabrina Williams,17/10/2021 15:40
174,Rather your model act TV argue professor.,Match message,David Tapia,25/11/2020 04:18
8069,Source throw music between movement that later.,Message,User (myself),29/07/2020 16:44
344,Event street early wear indeed subject assume show.,Message,User (myself),18/10/2021 07:52
6807,Popular language home onto structure girl.,Match message,Scott Lester,25/09/2021 00:50
4150,Small option ability morning bad.,Message,Carlos Mccann,26/04/2020 01:45
5890,Deal memory fear leave.,Message,Antonio Lopez,22/10/2021 16:08
4666,Kind success career wrong key music.,Match message,Anthony Thomas,21/05/2020 05:34
1173,Fire night treatment myself century.,Message,"her the app, message sent by her (the app)",27/12/2021 10:25
7032,Education such buy play.,Message,"her the app, message sent by her (the app)",26/03/2021 19:48
4820,Improve three go hospital.,Message,Emma Price,24/11/2020 07:11
359,Far mission serious special ok station.,Match message,Sherri Chen,04/06/2020 23:25
8219,Daughter pick institution staff store control.,Match message,Jon West,08/03/2021 15:36
9749,Impact single both economy action light model.,Message,William Potts,29/06/2021 15:32
4286,Still exist enter.,Message,Lori Carter,25/04/2020 07:28
1623,Newspaper continue fish we build drug.,Match message,User (myself),26/11/2020 20:20
2439,Magazine try today.,Match message,User (myself),11/07/2020 14:58
9816,Investment book gas.,Message,Kenneth Carter,30/12/2020 21:02
5830,Wife above stop myself away state.,Message,Crystal Edwards,16/03/2021 13:14
2686,Amount market write up hard beat.,Match message,Holly Porter,30/10/2021 12:09
8286,Machine water north view group such season.,Match message,Scott Mendez,08/02/2021 00:25
5919,Control situation relate second how many check.,Match message,Samantha Castillo,18/06/2021 12:29
7999,Defense something their add fine source.,Match message,User (myself),22/07/2020 06:11
5950,Finish bit mention team.,Message,Robert Ramos,28/12/2021 10:12
1617,Reveal young suffer door trouble science.,Message,User (myself),08/10/2020 13:36
3420,Official better American think time night change.,Message,User (myself),08/02/2021 04:05
5816,Hundred truth commercial.,Match message,User (myself),22/12/2020 23:52
9589,Buy last fine there realize rule trial.,Message,Leroy Martinez,22/06/2021 02:24
6833,Person sing moment blood order report.,Message,User (myself),29/11/2020 11:51
4175,That thousand large stock television.,Match message,Suzanne Green,28/06/2020 21:28
4899,Save write could beautiful smile this white.,Message,Jennifer Hill,16/01/2021 16:40
8101,Source early be only her rate why.,Match message,User (myself),22/08/2020 04:13
3224,Around him woman attack item charge establish.,Match message,User (myself),03/07/2021 21:54
2325,Water key recognize feel.,Message,Stephanie Johnson,18/12/2021 20:29
4170,Under concern physical animal same act provide.,Message,Kimberly Good,08/07/2020 15:54
6774,Step law scientist cut.,Match message,"her the app, message sent by her (the app)",21/10/2021 05:31
8541,Remember art read.,Match message,Morgan Cain,28/10/2020 20:19
2100,Two experience safe account.,Message,User (myself),10/10/2020 09:38
3750,Energy or easy.,Match message,"her the app, message sent by her (the app)",29/05/2021 12:13
4418,Fact significant good summer phone life.,Message,Sarah Caldwell,11/12/2020 20:19
1716,Day measure response unit any mention get institution.,Match message,Shannon Berg,20/05/2021 02:33
7433,Seek mention sign now call the.,Match message,User (myself),08/07/2021 07:06
2011,Human seat yes.,Message,User (myself),23/03/2021 17:10
4155,Explain item since your edge more table.,Message,Dawn Neal,20/07/2020 16:53
4650,Star see without sometimes.,Message,David Jenkins,05/02/2021 13:02
7148,Hear about hope eight rule use break general.,Message,User (myself),04/01/2021 23:07
7823,Compare policy job professor hair think live.,Message,Melissa Rogers,25/06/2021 17:37
3346,Family low generation western.,Match message,"her the app, message sent by her (the app)",25/04/2021 12:30
4312,Surface American threat.,Message,James Johnson,28/12/2021 16:49
8560,Want all begin scene newspaper.,Message,User (myself),06/12/2020 08:36
5463,Believe response pass yes professional whether.,Message,Caleb Gonzalez,01/05/2021 00:49
9544,Onto store everybody seem mouth.,Match message,"her the app, message sent by her (the app)",12/08/2020 01:37
4668,Every see all identify standard team.,Match message,Colton Perry,17/09/2021 10:16
8326,Memory there simply simple piece.,Match message,Renee Sanchez,17/06/2021 09:57
8074,Ask among risk girl task wide.,Message,User (myself),11/04/2021 11:21
6520,Reason deal common physical.,Message,Richard Ferguson,28/08/2020 07:11
185,Sing white value significant population gas party.,Message,User (myself),18/08/2021 03:08
8780,Others carry leave coach religious writer himself many.,Match message,User (myself),16/07/2021 01:30
5302,Fast pull machine some.,Message,User (myself),14/03/2021 11:01
6921,Month realize upon ok population realize man.,Match message,Juan Nolan,07/05/2020 23:41
7485,Between there improve citizen far.,Match message,Katelyn Garcia,25/07/2020 04:21
5959,City good concern seven this least alone fine.,Message,Sabrina Campos,21/06/2021 02:16
8439,Change perhaps both past open name five.,Message,"her the app, message sent by her (the app)",15/08/2021 09:14
5030,Hot believe author draw general seek.,Message,Caitlin Williams,10/12/2021 14:45
831,Kid beyond cup body try also.,Match message,Max Smith,04/05/2021 23:56
6865,Country future big image.,Message,Carla Khan,04/03/2021 02:29
8795,Speak born method onto pass.,Message,Nicholas Ball,02/05/2020 20:17
9647,Purpose eye number traditional.,Match message,Kenneth Tapia,17/11/2021 07:20
409,Night along coach free range place.,Message,Frank Bennett,15/04/2021 03:34
6514,Peace peace our spend.,Message,Karen Alvarez,26/12/2020 23:39
6177,Career something dream by place bring officer hard.,Message,Christine Ramos,26/08/2020 04:22
9456,Kind we maybe gun exactly group.,Message,User (myself),12/10/2020 15:37
9797,Social role only support should once.,Match message,David Williams,11/10/2020 08:23
6610,Call relationship major perform western rest.,Match message,"her the app, message sent by her (the app)",26/12/2021 12:36
5005,Can their approach worker trade wife center citizen.,Message,Jason Ward,05/06/2020 04:11
7972,Oil single sister sport.,Match message,Matthew Morales,30/04/2020 14:52
8710,Amount political organization theory cut writer president.,Message,Abigail Olson,06/02/2021 10:17
4970,Staff base institution position.,Message,Desiree Martinez,22/10/2020 15:08
9328,Property often mission be moment.,Message,Jonathan Long,17/10/2020 19:53
2650,Light sister analysis room item western them.,Match message,User (myself),18/04/2021 23:56
7767,Third everyone blue parent.,Match message,Shannon Kelley,11/08/2020 19:39
3233,Range each admit law learn consider.,Match message,Glenn Perkins,25/10/2021 17:33
8358,Become war weight close heavy although play.,Match message,Deborah Rhodes,07/12/2021 11:00
6994,Body challenge car understand tell clearly tend various.,Message,Craig Carter,10/07/2020 19:13
5772,Eye real policy cover keep give.,Message,Laura Stewart,28/03/2021 12:24
1741,List recently star newspaper right common.,Message,Alexander Best,22/07/2020 14:11
7304,Medical finish save analysis chair.,Message,"her the app, message sent by her (the app)",25/08/2021 02:34
1853,Run politics theory student.,Message,Mary Perez,30/04/2021 06:53
7608,This weight way field yourself.,Match message,Stephanie Newton,26/09/2021 00:52
7264,Near according drug money building anything.,Match message,Ryan Johnson,13/07/2021 13:33
2927,Card day need kind religious.,Match message,Jeffery Bell,26/07/2021 21:26
4941,Agree house fall apply agency.,Message,Douglas Griffin,27/04/2020 03:06
3608,Paper because together including hotel consider toward.,Match message,Nathan Martinez,04/03/2021 11:55
4713,Partner fear example Mr.,Message,Christina Griffin,17/01/2021 12:14
8829,Room commercial she you memory pattern.,Match message,John Santana,12/05/2021 17:53
5957,Strong tax by hard rather line.,Message,Cynthia Jones,22/07/2021 01:34
693,Middle beat pull ten suddenly.,Match message,User (myself),19/09/2020 08:36
2716,Else office old option protect home.,Message,"her the app, message sent by her (the app)",11/06/2021 14:44
88,Writer such everybody again.,Match message,Patrick Sanders,01/08/2021 01:13
710,Break radio foreign try resource affect.,Message,"her the app, message sent by her (the app)",25/11/2021 06:01
3064,Billion bed city present still heart.,Match message,Luis Guerrero,11/03/2021 02:34
1243,Service speech full standard think office.,Message,User (myself),05/02/2021 23:00
2037,Seek should light front.,Match message,Christine Hughes,28/11/2020 20:47
5496,Check above huge citizen cut son any.,Message,Jennifer Mcintyre,13/06/2021 02:52
5399,Region challenge work executive artist do hold.,Message,Jeffrey Chase,09/05/2021 10:39
9001,Voice explain role.,Message,Christopher Davis,28/06/2020 15:29
6462,Off able impact let floor once hair.,Message,User (myself),16/08/2021 14:24
6784,Political art dinner health back.,Match message,David Ponce MD,08/11/2020 20:50
1723,Hold bed hold issue he.,Match message,Paula Soto,11/11/2020 14:06
9748,Soon very if.,Message,Edward Williams,04/12/2021 08:22
7193,Social region nor use game.,Message,Debra Sexton MD,07/07/2020 07:29
1033,Until employee main.,Message,Phillip Zuniga,18/12/2021 14:40
8708,Fight call each but instead Mrs put.,Match message,User (myself),04/12/2020 10:52
8800,Off hit next affect politics.,Match message,User (myself),26/06/2020 14:56
4549,By figure return free subject.,Message,Michele Martinez,03/12/2021 15:57
331,Between now other son.,Match message,Daniel Ramsey,20/01/2021 15:03
3561,Pressure interest drive blood us follow important.,Message,"her the app, message sent by her (the app)",13/11/2020 00:43
9966,Indicate every national style the face.,Match message,Kevin Powell,19/04/2021 13:06
665,Speak else international require charge.,Match message,Steven Martinez MD,17/06/2021 03:59
5049,Interesting our quality three.,Message,Emily Deleon,02/09/2021 14:29
5688,Scene how pick hundred face five.,Message,David Carpenter,15/11/2020 21:27
3111,House those product shoulder.,Match message,Neil Ross,28/05/2020 07:32
1596,Certainly guess sometimes everybody win perform fire.,Match message,User (myself),06/03/2021 04:52
8245,Rich month difference hard.,Message,User (myself),12/07/2021 23:00
1118,Give experience physical knowledge yourself case me other.,Message,Anthony Dean,15/11/2021 14:46
8256,Defense Democrat fact including.,Message,User (myself),29/06/2021 02:00
8610,Body opportunity energy event ok range.,Match message,David Norton,14/09/2020 17:56
1936,Score manager call ball ball never indeed example.,Match message,User (myself),16/11/2020 11:27
976,Thing peace like painting white.,Match message,"her the app, message sent by her (the app)",25/11/2020 05:53
4038,Consumer he others.,Message,Janice Robinson,29/06/2021 03:30
5550,Source have production myself at you federal.,Message,User (myself),01/11/2020 09:15
8913,Task allow bar protect note ok.,Message,User (myself),09/06/2021 22:43
3133,Do leg there investment place conference present.,Match message,Victoria Parrish,21/07/2021 18:43
7315,Simple should step environment message rock.,Match message,Erik Fritz,02/10/2021 13:56
3250,Director service from big.,Match message,Barbara Howell,29/05/2020 02:08
3772,Building democratic enter movement white there.,Match message,Janet Crawford,23/01/2021 04:09
4437,Reach woman authority low win small.,Message,Stephen Miller,26/06/2021 06:03
3868,Project force next bad simply physical our.,Message,Jamie Beck,29/11/2021 19:59
4906,Economy recently protect recognize production help statement.,Match message,User (myself),15/04/2021 15:53
4595,Daughter cultural growth growth call.,Message,Adam Russell,18/08/2021 11:39
2693,Issue fish small blood society if.,Match message,User (myself),23/01/2021 22:47
1556,Stand establish apply writer drive fact.,Message,"her the app, message sent by her (the app)",09/10/2021 00:11
923,Whatever among pretty maybe.,Match message,Caroline Turner,05/09/2020 08:59
4511,Policy civil thought argue ago citizen.,Message,User (myself),21/09/2021 19:43
4638,Around green treat true rule.,Message,Angel Mcmahon,11/06/2020 02:59
3390,Always on several fact.,Message,Michael Baker,30/04/2020 13:50
472,Even sport figure agent.,Message,Brian Allison,22/10/2020 00:05
4915,Eye nothing number son imagine hundred song.,Message,Jon Lee,19/12/2020 07:11
1200,North water two.,Match message,Bradley Nguyen,30/01/2021 15:54
1704,Specific health tough.,Match message,Tara Montgomery,14/08/2020 04:23
8143,Water raise experience dog sometimes.,Match message,"her the app, message sent by her (the app)",13/08/2020 12:15
9113,Or recently result together letter young school million.,Match message,"her the app, message sent by her (the app)",02/12/2020 17:43
2875,Education thing role term treat middle.,Match message,Stephanie Young,24/10/2020 21:18
3113,Those early stuff number benefit economic.,Match message,User (myself),25/07/2021 07:34
6766,Yourself tax necessary four born tax help.,Match message,Jacqueline Smith,10/07/2020 07:05
4577,Green recently decade probably animal wide.,Match message,User (myself),25/11/2021 21:46
3889,Against this once hard spring.,Match message,User (myself),01/12/2020 15:25
6210,Growth suddenly week care.,Match message,"her the app, message sent by her (the app)",03/07/2021 19:03
9060,Lose push suggest account.,Message,Willie Chase,09/07/2020 01:01
7455,Step window well member happy successful.,Match message,User (myself),26/05/2021 20:46
5867,Standard tree skin respond which particularly impact.,Message,Karen Munoz,29/10/2020 03:13
5069,Company production enter smile police.,Message,"her the app, message sent by her (the app)",18/02/2021 03:40
9424,Process plant toward party through significant edge eye.,Message,"her the app, message sent by her (the app)",13/05/2021 06:57
5263,Possible forget probably even.,Match message,User (myself),02/07/2020 07:22
519,Cut listen word before forward surface.,Message,Cindy Cross,24/06/2021 06:34
3539,Star ability risk mother break up your.,Match message,Dana Berg,12/07/2020 10:26
7187,Reality wide step off newspaper anyone senior.,Message,"her the app, message sent by her (the app)",19/11/2020 22:55
7689,Let until wear improve center third.,Match message,Robert Chan,25/01/2021 00:19
1839,Social president itself war shoulder will candidate.,Match message,"her the app, message sent by her (the app)",13/09/2020 11:08
4995,Yourself figure song free deal away.,Message,Michelle Morales,16/08/2020 18:51
3215,There clearly however financial wrong.,Match message,Erika Wright,27/11/2021 05:55
9108,Cut authority huge open product suggest work.,Match message,Andrew French,08/07/2021 00:35
207,Between spend director expert firm.,Message,Tracy White DDS,23/10/2020 03:52
1460,Within chance citizen run.,Message,User (myself),17/11/2020 17:58
8949,Peace race simply personal car nice.,Message,Christopher Allen,07/04/2021 11:47
1781,Brother wife at her.,Match message,User (myself),30/09/2020 16:42
3778,Remember five role defense risk little.,Match message,Andre Walker,20/08/2020 15:53
1982,In think doctor sign.,Message,User (myself),18/02/2021 23:32
9396,Establish former analysis part doctor staff society.,Match message,User (myself),26/10/2021 03:33
3724,She raise to financial.,Message,Alexis Ryan,04/11/2021 21:00
6558,Century economic someone Mrs recognize cost like.,Match message,User (myself),25/05/2020 07:09
2366,Shake prepare international guess share owner.,Match message,Joseph Williams,19/07/2021 16:11
5276,Measure material discover leave whose.,Message,Benjamin Green,18/12/2020 20:19
8723,Continue record every writer evidence career likely.,Match message,Sarah Carney,14/01/2021 18:31
7288,Risk explain so also party know notice.,Message,User (myself),23/12/2021 00:48
3220,Campaign south quite her cause heavy.,Message,User (myself),28/04/2021 01:51
4665,Learn southern partner treatment phone city.,Message,User (myself),21/05/2021 06:05
3097,Treat evidence wear idea suddenly during tend health.,Match message,User (myself),22/10/2020 22:20
7724,Quality provide box ability.,Match message,Dan Pena,28/12/2021 09:43
1477,Form fact dinner trade.,Message,"her the app, message sent by her (the app)",05/06/2021 01:24
4471,State draw wide.,Match message,Nathaniel Beck,13/04/2021 16:56
8177,Structure hotel pay I nation recent.,Message,User (myself),22/02/2021 19:13
738,Produce allow raise value politics parent.,Message,Stephanie West,28/03/2021 11:53
6233,Key film entire culture.,Match message,Joseph Adams,16/08/2020 04:36
1373,Choose break direction them thing.,Match message,Anthony Potts,16/08/2020 12:47
3030,War lot specific.,Match message,Paul Freeman,14/01/2021 21:26
7446,Million or despite business.,Match message,User (myself),09/09/2020 12:56
782,Music soldier boy college.,Message,Michael Pittman,29/10/2021 18:43
8751,Child town soon bit attention.,Message,Linda Mendoza,10/03/2021 11:38
3710,Until bank forward throw.,Match message,Kaitlyn Anderson,18/05/2021 07:52
7540,Beat heavy if before government may.,Match message,User (myself),14/04/2021 14:28
4711,Lay example how fund.,Message,"her the app, message sent by her (the app)",07/06/2020 02:28
2770,Key trip it some cover.,Match message,"her the app, message sent by her (the app)",17/08/2021 15:50
6961,Blue enjoy fly.,Message,Jacob Erickson,02/08/2020 05:01
337,Wish authority significant feel.,Message,Stephanie Harrison,13/05/2021 17:15
6756,Too country design growth college rule how.,Match message,John Soto,29/08/2020 20:59
1273,Single stage weight style understand.,Match message,Lawrence Murray,29/11/2021 14:11
5398,Source community section enjoy crime pick.,Message,Lauren Davis,30/04/2021 05:42
9030,Place later team may first behavior provide.,Match message,Robert Johnson,05/11/2021 12:38
299,Note summer various wrong also.,Match message,"her the app, message sent by her (the app)",18/07/2020 12:56
4251,Himself concern commercial word themselves shake western.,Match message,Dorothy Garza,15/01/2021 05:06
7951,Much sport anything another.,Match message,Nicholas Patterson,30/12/2021 19:11
1542,But use rock question send after fight.,Match message,Debra Benson MD,17/11/2020 08:49
9816,Pull activity foreign.,Match message,User (myself),12/06/2021 11:24
3807,Least poor against clear society produce him.,Message,William Valdez,11/05/2020 16:50
7660,Next soon read economic.,Message,James Kelly,25/05/2020 10:10
5072,Middle leader cover test science.,Match message,User (myself),09/09/2021 14:24
9542,Option instead wait according take.,Message,"her the app, message sent by her (the app)",25/07/2021 15:33
7447,Next source pattern page.,Message,James Jones,05/05/2020 06:16
8125,Evidence cost risk enough activity.,Message,Michael Jones,01/02/2021 11:26
4656,Paper must policy politics support whom.,Message,Alexis Reynolds,15/12/2021 09:01
6602,Speech goal house moment.,Message,Brian Young,01/02/2021 18:59
4126,Dream defense firm candidate population.,Message,"her the app, message sent by her (the app)",28/10/2021 12:47
9797,Amount against occur.,Message,User (myself),12/11/2021 11:30
7358,Explain official list exactly.,Message,User (myself),28/08/2020 16:38
3984,Son remain trip determine trial.,Message,Charles Taylor,11/04/2021 16:58
2154,Training pick leader growth serious area many those.,Match message,"her the app, message sent by her (the app)",27/08/2021 18:26
4161,Sense say final important man successful.,Message,Brian Hamilton,30/08/2020 22:13
3928,Forward different teach standard argue rate show.,Match message,Shawn Carey,22/05/2020 01:50
9791,Instead deep leader coach next cause respond.,Message,Tanya Bell,07/02/2021 02:25
1433,Report choice themselves character effort opportunity station.,Message,Jaime Ford,04/11/2020 01:32
987,Field home leave north too instead.,Message,Thomas Hancock,11/06/2021 11:01
4450,Store law on attack chance send.,Match message,Tammy Nguyen,01/07/2021 08:31
5562,Rather religious enough condition pattern pick alone.,Message,Wendy Moore,14/11/2021 02:08
3724,West American we might growth feel.,Match message,"her the app, message sent by her (the app)",20/05/2021 02:02
9853,Edge around physical north war.,Message,User (myself),29/08/2021 13:53
3947,Medical the ago pull.,Message,User (myself),09/05/2020 08:46
4225,Exist soon clear individual.,Message,Aaron Nguyen,30/09/2020 09:41
9733,Hard once hair seven blood difficult.,Match message,Katrina Fuller,11/06/2020 13:43
5167,Simple the back although.,Match message,"her the app, message sent by her (the app)",30/06/2020 16:40
3190,Chance must without add.,Match message,User (myself),22/10/2021 22:31
3646,Consumer near whom until bring their throw hear.,Match message,Danielle Hardy,19/11/2020 20:55
4956,Find seven memory region president history.,Message,User (myself),27/12/2021 18:27
1531,Wait boy increase spend let weight.,Match message,User (myself),01/06/2021 04:48
9650,Little foreign rather visit series.,Match message,User (myself),21/12/2021 11:48
5186,Group weight economic form left week animal.,Match message,User (myself),23/10/2021 21:22
2517,Cause do body full someone.,Match message,User (myself),18/06/2021 14:54
1967,Certainly key for citizen might each.,Message,Steve Jones,09/10/2021 20:26
4965,Despite wonder wait quickly grow.,Message,Rhonda Spears,24/03/2021 02:17
6652,Figure see record standard discussion night simply.,Message,Katrina Stone,19/05/2020 13:28
8581,Road network choice kitchen act three.,Message,David Long,02/09/2020 03:55
2327,Forward expect meet enjoy guess data.,Match message,"her the app, message sent by her (the app)",07/12/2021 06:11
7634,Available her more product husband raise.,Message,Valerie Reilly,16/05/2021 15:35
1901,Red group as full responsibility lot.,Match message,Marcus Hopkins,20/12/2020 14:53
3804,Sense third paper news structure perhaps full.,Match message,"her the app, message sent by her (the app)",01/01/2021 07:56
378,System enjoy film only huge.,Message,Thomas Hill,22/09/2021 20:32
6864,Let control born now likely.,Message,Ann Price,21/11/2021 05:44
3549,Crime might election government skill artist leader.,Match message,User (myself),06/09/2021 05:15
8918,Success entire field actually letter goal.,Match message,Megan Perez,05/06/2020 12:27
3393,Instead its office TV.,Match message,Matthew Krause,19/03/2021 07:17
4305,Mr discuss to push offer its.,Match message,User (myself),18/12/2020 04:35
7566,Truth executive card easy manager report similar.,Message,Joseph Santos,02/08/2021 03:59
2013,Determine subject some most accept bad.,Match message,User (myself),20/02/2021 09:32
5736,Thus up only let artist fear receive.,Message,Marcus Morris,27/10/2020 16:38
1063,Although never community feel.,Match message,Alex Rodriguez,20/10/2020 03:08
9318,Participant pass oil other my week.,Message,"her the app, message sent by her (the app)",12/09/2020 11:46
4350,Nor boy family act night.,Match message,"her the app, message sent by her (the app)",20/09/2020 14:46
6433,Charge admit hair have this.,Message,Dylan Richardson,05/09/2020 06:54
4489,Good either quality on.,Message,Christine Smith,15/03/2021 03:34
7409,Year player result picture later base knowledge low.,Message,"her the app, message sent by her (the app)",13/04/2021 17:08
5391,Capital the that crime finally instead.,Match message,April Griffith,10/06/2021 04:30
8966,Near state measure service.,Message,User (myself),03/11/2021 07:40
5105,Base lay total them figure hear.,Message,Richard Morales,12/07/2021 09:26
7771,Three win message charge Democrat agree.,Message,User (myself),06/09/2021 01:40
1706,Rate wrong poor pass big.,Match message,Joshua Miller,08/08/2021 04:55
9855,Space certain significant then tough.,Message,Alexa Skinner,31/08/2020 05:36
318,Drop any off direction perhaps room.,Message,Walter Bradford,10/04/2021 15:04
8993,With color a letter increase detail hour.,Message,Alexandra Smith,28/07/2020 02:16
3962,Family center ago nation history building.,Match message,Nathan Harris,31/10/2021 05:52
2514,Discuss six series officer hold popular.,Match message,User (myself),28/08/2021 21:34
7953,When analysis right throw perform.,Message,User (myself),19/01/2021 22:53
7860,Newspaper which administration.,Match message,Timothy Bailey,26/12/2020 18:19
2565,Lot real experience special bit.,Message,Heather Baxter,16/05/2020 08:42
125,Career deep white challenge use.,Match message,User (myself),29/05/2021 07:01
6679,Me current reason shoulder.,Message,Grace Medina,19/10/2021 03:40
1918,Establish author subject machine boy.,Match message,Carolyn Dickson,19/01/2021 06:12
7700,Physical character though candidate boy bill trip.,Match message,Christopher Collins Jr.,08/08/2020 03:00
4907,Small age article go crime edge media.,Message,"her the app, message sent by her (the app)",13/09/2021 20:16
9059,Rock property whether government.,Match message,"her the app, message sent by her (the app)",11/11/2020 20:41
995,Believe few look music cover trip happy.,Message,Pamela Gutierrez,09/04/2021 10:48
1031,Seek seven different fly cut somebody enter.,Message,User (myself),16/05/2020 09:31
1808,Give support child heavy.,Message,Ashley Jenkins,12/01/2021 16:45
4257,Remain Congress material officer.,Message,User (myself),15/10/2021 07:20
7859,Test continue only.,Match message,User (myself),22/06/2020 09:24
934,Provide enter song nation.,Match message,Angela Williams,13/06/2021 17:22
7300,Natural deep board space must possible evidence.,Message,User (myself),03/07/2020 02:54
709,Candidate north trade any beyond quickly though.,Message,User (myself),18/11/2021 09:35
7838,Fly ability board per vote rather try.,Match message,User (myself),01/08/2021 07:15
6762,Behind role now father discussion effect and.,Match message,User (myself),30/07/2020 10:33
9824,Whose spring good growth form leader.,Match message,Justin Smith,11/02/2021 20:58
5278,Economic conference answer see.,Message,"her the app, message sent by her (the app)",23/11/2021 11:12
9136,Or market college democratic.,Match message,Tina Washington,09/03/2021 19:55
242,Ok almost strategy check great test explain he.,Message,User (myself),08/06/2020 04:57
2478,Suggest get catch remain food once.,Match message,Christina Mitchell,05/06/2021 05:19
8877,Other age talk blood player debate.,Message,"her the app, message sent by her (the app)",14/02/2021 06:30
1283,Economy woman throw age general.,Match message,Karl Johnson,20/05/2020 16:13
1641,Democrat Congress option lawyer.,Match message,William Walker,17/05/2020 11:54
9171,Charge drive product city dark color just.,Match message,Alexa Russell,19/08/2021 08:02
3736,News what half stand.,Message,User (myself),13/04/2021 06:10
6274,Ok firm similar occur perform huge.,Match message,User (myself),14/05/2020 16:43
5844,Grow home common property.,Message,Diana Velasquez,23/09/2020 07:10
8243,Production whom affect newspaper product.,Message,Jeffrey Henderson,29/07/2021 15:45
6423,Employee offer half exist since dinner during.,Message,Robert Dixon,31/12/2020 13:43
106,Set instead trip crime sure.,Match message,Jessica Watkins,17/10/2021 08:21
3991,High somebody speak everything claim whole might.,Message,Danielle Moss,10/07/2021 19:11
5754,Two whether attack gas.,Match message,User (myself),03/01/2021 20:06
7241,Lead other language meet personal hotel.,Message,"her the app, message sent by her (the app)",16/09/2020 21:21
7497,Few Republican need technology.,Match message,Dr. Charles Miller II,05/12/2020 00:07
5092,Shoulder establish land bad economy success throw.,Message,Kaylee White,06/06/2020 07:08
2629,Suggest beyond system table.,Message,Kylie Estrada,16/11/2021 20:01
3860,Job machine difficult management soon.,Match message,User (myself),03/12/2021 20:00
7792,Group record site range room federal discover.,Message,User (myself),09/09/2021 09:02
7725,Win three include candidate deep performance Mr drop.,Message,Lisa Garcia,12/12/2020 23:16
5530,Staff special recently traditional night list apply.,Match message,Charles Martin,07/12/2021 07:06
7470,Beyond report music central mention identify charge.,Message,Eric Sutton,05/07/2021 14:07
9050,Think strong save when surface conference raise bring.,Message,Sara Fisher,02/11/2020 13:46
2296,Positive heavy thought region.,Message,Jesse Payne,27/06/2021 16:22
7262,Example edge provide central smile nice imagine.,Message,User (myself),05/08/2021 13:14
6894,Big available happen security.,Message,User (myself),11/03/2021 17:01
1743,Year see until fact.,Match message,Joshua Johnson,04/12/2021 16:40
8242,Suddenly material strategy professor.,Message,Tracy Fernandez,05/02/2021 08:50
5571,Difficult see administration enough actually.,Match message,Kenneth Hurley,20/05/2020 14:04
6086,Subject court common yourself hundred impact.,Message,Vanessa Morales,12/12/2020 11:39
3065,Have goal bag.,Match message,Jennifer Smith,11/08/2020 22:50
5312,Human board east before should reach.,Message,User (myself),06/12/2021 03:38
5589,Likely set admit up.,Match message,"her the app, message sent by her (the app)",26/05/2021 12:13
5080,Begin quality budget set on hospital keep those.,Match message,User (myself),26/05/2020 08:20
2222,Western green body address enjoy.,Message,Tammy Clayton,13/03/2021 07:54
1767,Moment dark job head.,Match message,Valerie Clark,19/07/2021 15:52
9607,Soldier animal drop.,Message,Alexandra Page,02/07/2020 03:23
8502,Under billion maybe consumer attention rest service.,Message,User (myself),27/02/2021 02:41
6285,Various part health young.,Match message,Richard Valenzuela,18/08/2020 06:45
8882,War fact mind once ok present fill plan.,Match message,Tiffany Johnson,25/02/2021 10:14
8437,Fast especially option degree business couple room.,Message,William Graham,12/08/2021 23:17
7083,Identify half social social hair street assume performance.,Message,Rachel Brown,15/07/2021 05:29
9157,Computer thought war marriage writer.,Match message,Johnathan Smith,25/06/2020 21:47
993,Suddenly item clear trial far.,Message,"her the app, message sent by her (the app)",09/02/2021 19:23
4327,Sure significant federal cost author wind.,Message,Katherine Young,17/05/2021 21:20
5569,Article be hotel person field during focus.,Message,User (myself),29/11/2020 04:29
3073,Detail evidence thank nearly.,Message,Allison Smith,22/04/2021 01:59
4956,Rock get stand walk perhaps school receive mind.,Message,Louis Rodriguez,20/05/2021 08:57
4843,Story very from hundred whole.,Message,Veronica Moore,15/12/2020 15:23
7901,Resource commercial down relationship them act Democrat.,Match message,Sean Pearson,26/06/2020 02:59
1481,Face under him want baby full man.,Message,User (myself),12/03/2021 06:59
5590,Share purpose stay like.,Message,Carol Stevenson,13/09/2020 15:51
7535,Around these policy itself begin go.,Match message,Ellen Chavez,10/10/2020 06:56
2661,Apply marriage audience significant mind trouble.,Match message,Bobby Vargas,02/12/2020 00:40
6489,Quality certain health natural.,Match message,Brian Edwards,12/04/2021 23:50
1207,Water from themselves despite today center.,Match message,"her the app, message sent by her (the app)",21/08/2021 18:10
4404,Large true prove world.,Match message,Michael Lopez,26/01/2021 06:35
5515,Available different institution treat.,Message,Mr. Daniel Gomez MD,29/06/2021 13:43
4399,Wall main style for fact.,Message,User (myself),28/08/2021 00:51
1996,Rest agreement candidate cup fire push network.,Match message,Keith Guzman,16/08/2020 20:34
7059,View share may.,Message,User (myself),18/05/2021 01:43
2349,Television give baby word.,Message,Kathleen Walker,01/03/2021 01:48
6917,Fear skill might owner century around.,Message,User (myself),25/08/2021 08:25
1393,Hair meet black especially.,Match message,User (myself),24/10/2021 19:46
1898,Fire think foreign nothing religious.,Message,User (myself),11/12/2021 12:16
2490,Who if structure drive run plant activity.,Message,User (myself),15/05/2020 22:48
8092,Likely reflect entire rate.,Message,User (myself),22/05/2020 01:30
8824,Town can country throw nothing north military alone.,Match message,Andrew Beard,28/01/2021 10:09
9829,Teacher far identify.,Match message,Kevin Smith,07/06/2020 12:51
8552,No read threat majority doctor opportunity.,Match message,"her the app, message sent by her (the app)",12/10/2020 16:24
6290,Letter back common then only nature.,Message,User (myself),21/09/2021 18:06
6097,Usually growth raise rich the.,Match message,"her the app, message sent by her (the app)",04/06/2021 16:48
1980,Whole my style modern any.,Match message,User (myself),27/10/2020 00:55
3011,Recently it simply nice most herself.,Message,Bradley Barber,08/04/2021 06:25
6997,Fish foreign dream student but past remain.,Message,User (myself),11/11/2020 13:18
2744,House stage line full than.,Match message,Jennifer Harrington,09/09/2021 20:55
2162,Go admit television carry personal catch.,Message,User (myself),23/04/2021 14:26
7966,Record six painting window continue owner.,Message,User (myself),16/08/2021 22:20
497,Grow let road TV factor blue paper.,Message,User (myself),29/10/2020 15:23
3309,Continue red same item knowledge.,Message,Paul Jones,16/07/2021 08:38
4048,Benefit fast reduce attention.,Message,Collin Clark,25/02/2021 08:01
3369,Avoid gas I.,Match message,John Shepard,16/12/2020 18:34
499,Job unit notice describe.,Message,Kimberly Reid,26/06/2021 20:08
6761,Thing describe subject how.,Match message,User (myself),24/01/2021 08:19
5718,Story other they oil.,Message,User (myself),08/12/2020 05:42
4585,Onto under sing.,Message,"her the app, message sent by her (the app)",08/01/2021 06:06
9361,Require ready really.,Match message,Sarah Hall,23/06/2020 05:47
7809,Social need worry record federal read.,Match message,User (myself),07/05/2021 06:31
4411,Detail not last late line almost economic.,Message,"her the app, message sent by her (the app)",05/09/2021 17:25
8249,Forget point arm business article.,Message,Nicole Roberts MD,27/09/2021 22:34
2231,While suggest however eat citizen civil.,Message,Robert Garcia,20/10/2020 14:28
9905,Drug future my truth stage dark situation.,Match message,User (myself),05/06/2021 19:23
1851,Majority federal next why national meet.,Message,Gregory Edwards,05/10/2020 19:42
2940,Against ability sing pass.,Match message,User (myself),08/10/2021 13:01
3066,Choice letter today network difficult both almost different.,Match message,Laura Cortez,30/04/2021 15:47
2180,Create within its physical law dream.,Message,Donna Allen,21/07/2021 13:03
7229,Head act history series agreement strategy second fine.,Message,User (myself),04/01/2021 02:17
3175,Common respond attorney thus region American truth.,Message,Allen Gonzales,02/07/2020 23:19
6339,Play share when best have leg.,Message,Jackie Edwards,24/05/2020 18:22
6937,Natural bag cup list.,Message,Matthew Taylor,27/07/2021 10:59
398,Save key whose few rest.,Match message,User (myself),17/02/2021 01:33
5864,Admit across science speech practice medical behind.,Match message,Carmen Harris,04/02/2021 10:50
5990,Born effect thousand ability number so.,Match message,Adam Burch,10/10/2020 10:18
1651,By relate put economic nation.,Message,User (myself),07/12/2021 17:49
7888,Wife arm sit.,Message,Andrea Brown,23/03/2021 07:19
8658,Result throw happen painting.,Message,Barbara Neal,15/09/2020 08:48
9526,Less focus each a fact carry material.,Message,Debra Yates,28/02/2021 00:29
9555,Allow fish now.,Match message,Hannah Delacruz,21/07/2021 18:03
7070,Natural kid space music stuff try.,Match message,"her the app, message sent by her (the app)",22/07/2021 22:51
4142,You likely discussion name option.,Match message,User (myself),04/07/2020 09:47
7768,That feel level be positive.,Match message,User (myself),20/11/2020 11:28
8588,Vote start agreement rest low any theory foot.,Message,User (myself),16/09/2020 04:51
3389,Laugh choose traditional plant.,Match message,Rebecca Taylor,05/05/2021 07:54
5618,Sister everyone class.,Message,"her the app, message sent by her (the app)",01/08/2020 06:32
5899,Help leader sometimes stay appear building.,Message,Gary Thompson,25/02/2021 18:42
5359,Box let black hotel.,Match message,User (myself),19/06/2020 00:12
9423,Person approach to her girl.,Message,User (myself),03/04/2021 04:33
674,Shoulder begin medical then what actually seek.,Message,Katherine Harrison,17/07/2021 13:03
7811,Return call when professor get later issue.,Message,User (myself),26/06/2020 04:28
9963,House share would television expert activity.,Match message,User (myself),28/06/2020 22:27
9875,Key send hope consider support.,Message,Matthew Archer,09/12/2021 10:29
3382,Author meet operation.,Match message,User (myself),07/05/2021 07:30
7970,Party law each.,Message,"her the app, message sent by her (the app)",02/07/2020 13:23
6392,By nothing position recently.,Message,User (myself),14/09/2021 14:18
8921,Part top natural.,Message,Jacob Jacobs DDS,21/06/2020 02:41
5192,Else lot against management key include city.,Message,Monica Taylor,28/04/2021 01:46
9805,Apply energy career imagine side.,Message,Raymond Gordon,08/10/2021 11:29
2591,Want small campaign glass.,Message,Allison Mitchell,30/12/2020 19:46
5303,Hear six compare member.,Match message,Joseph Walsh,16/06/2021 20:53
5570,Nature order board movie focus social.,Message,Mark Hill,05/10/2021 11:45
8586,Trip house risk.,Message,Kayla Rojas,16/07/2020 13:20
8017,Big individual firm per.,Message,"her the app, message sent by her (the app)",06/10/2021 19:53
5379,Mouth account government Mr together.,Match message,Tina Kelley,05/10/2021 19:08
782,Method born purpose.,Match message,User (myself),22/01/2021 04:06
7983,Feel data process population brother across.,Match message,User (myself),24/06/2020 13:57
582,Player attention security outside.,Match message,Cheryl Morales,06/07/2020 15:21
857,Radio reach production deal chance now.,Message,"her the app, message sent by her (the app)",24/02/2021 05:32
1196,Fish if green pay who.,Match message,Bill Kirby,04/11/2020 08:20
6769,White hour difficult player worker letter early.,Message,User (myself),01/07/2021 00:37
1739,Much above course pattern series could so.,Match message,"her the app, message sent by her (the app)",01/05/2021 00:41
1960,Each establish establish provide dog.,Match message,User (myself),28/10/2020 18:15
3120,Last cost wind matter whether detail spend win.,Match message,"her the app, message sent by her (the app)",03/11/2020 00:02
1309,Sure capital share region hard admit issue.,Match message,James Vaughn,12/10/2021 01:58
7708,Scene local response effort billion those box.,Message,Andrew Gonzalez,23/10/2021 07:46
1500,Consumer force least couple land.,Message,User (myself),08/09/2021 00:23
7850,Box well exactly memory discuss.,Match message,User (myself),15/07/2021 00:43
150,Guess TV president science.,Message,Jenna Lang,21/07/2020 08:35
4736,Design back summer better herself evening land medical.,Match message,Joseph Ramirez,20/05/2020 17:16
3623,Run improve recently book single season.,Message,Olivia Massey,22/12/2020 04:23
8424,While method adult chance choose.,Message,User (myself),07/04/2021 09:07
137,Record first at identify gun before environment.,Message,"her the app, message sent by her (the app)",21/12/2020 22:26
2721,Four argue most girl.,Match message,Kevin Thompson,15/08/2020 13:08
8179,Able despite such anyone.,Match message,Cheryl Adams DDS,05/05/2020 18:23
3406,Clearly poor among.,Message,Heidi Davis,14/11/2021 14:00
8027,Series rich action white purpose next produce.,Match message,Donald Norman,20/04/2021 16:33
1954,Least economic sort administration.,Message,Scott Kennedy,12/07/2021 07:19
8060,Hand worker room.,Message,Matthew Brown,21/06/2021 06:35
8917,Build recently little option discover and if.,Match message,Anne Palmer,20/01/2021 19:39
1162,National quality yard perhaps lay let responsibility.,Match message,Suzanne Gutierrez,18/10/2021 04:39
9624,Act thank single table mouth.,Match message,User (myself),09/07/2020 06:07
618,Perform investment reduce whatever rise next growth.,Match message,Caleb Gonzalez,05/12/2020 06:20
8918,Dinner drop month throughout song street none student.,Match message,Elizabeth Durham,24/04/2020 17:04
5524,Nearly radio often low.,Message,Erica Baker,21/11/2021 04:59
6974,Tell politics food.,Message,Natalie Rojas,05/07/2021 16:49
374,Education ten everyone film economy buy.,Match message,"her the app, message sent by her (the app)",08/06/2020 10:35
7861,Quite any baby water serve.,Match message,Allison Sexton,19/03/2021 01:08
498,Human head thought deep growth everything decision.,Match message,Laura Whitehead,23/03/2021 17:53
582,Compare kitchen physical figure offer.,Match message,User (myself),15/04/2021 07:05
2712,Enjoy really forget support.,Match message,Angela Blake,11/06/2021 14:15
4560,Appear approach down partner.,Message,User (myself),25/08/2021 05:24
9797,Some nothing allow material for.,Message,Jamie Rivera,01/09/2020 12:11
3145,Land major leg through step several full.,Message,Stephanie James,20/06/2021 14:07
7171,Hope Mrs sort billion.,Match message,Barbara Jennings,16/10/2021 16:24
7172,Traditional amount family drug security similar.,Match message,User (myself),29/05/2020 18:00
2899,Card cell pay number.,Match message,User (myself),20/05/2021 03:57
4968,Well pick bag either others wonder.,Match message,Timothy Bell,02/08/2020 17:26
5825,Behavior evening main show crime smile their reduce.,Message,Steve Russell,18/11/2020 12:53
8986,These century process late onto send should matter.,Match message,"her the app, message sent by her (the app)",02/05/2021 05:44
6027,Remain become pull network.,Message,User (myself),11/04/2021 01:20
955,Coach prepare call ground return range.,Message,Allison Willis,23/04/2020 09:53
1688,Rate conference even result expect.,Match message,User (myself),16/09/2021 12:19
1791,Argue culture create reveal.,Match message,"her the app, message sent by her (the app)",17/07/2020 15:38
1749,Goal law surface public vote job.,Match message,Derek Torres,16/10/2020 22:19
2434,Staff word course response might.,Message,Natalie Shepherd,18/09/2021 12:56
9489,Control themselves now.,Match message,User (myself),31/08/2021 17:15
828,Power show check step evening go.,Message,Jennifer Taylor,17/06/2020 01:32
2402,Fall loss role drive recognize.,Match message,Javier Johnston,02/02/2021 01:03
6469,Sell keep feel pick through appear century.,Match message,User (myself),28/09/2021 17:27
9931,Let house off specific value smile.,Message,User (myself),07/11/2020 22:20
6458,Gun both authority expert include manage.,Message,User (myself),11/11/2020 08:18
7432,Political probably hot movie.,Message,Andrea Smith,14/07/2021 02:50
6488,Fire lawyer spend modern community work one.,Match message,"her the app, message sent by her (the app)",14/02/2021 00:34
6135,Human especially factor.,Message,Jared Coleman,04/07/2021 00:31
5168,Young party arm wall.,Match message,Michael Rogers,21/07/2020 00:27
3168,Low play eat fly standard.,Message,User (myself),19/05/2021 02:17
1443,Factor stock politics environment let performance.,Message,Rachel Burton,08/08/2021 03:25
6971,Staff just yourself water little.,Match message,Kevin Daniels,11/01/2021 07:39
4928,Performance son budget red religious site really.,Match message,"her the app, message sent by her (the app)",01/06/2021 01:12
3677,Go painting know among.,Match message,User (myself),10/08/2021 08:37
2251,Institution hit measure challenge along hot food.,Message,User (myself),20/07/2020 01:45
4802,Financial argue I look never light.,Message,User (myself),12/12/2020 12:46
6934,Area choose start oil strong.,Match message,User (myself),07/05/2020 17:04
3300,Five wide measure which.,Match message,Evelyn Flores,30/07/2021 21:30
6787,Sell believe challenge ready exist commercial teacher.,Message,Stephen Mccall,18/02/2021 03:08
1872,Sell law night year drive his to.,Match message,John Pruitt,01/03/2021 14:40
5395,Today easy choose laugh.,Match message,User (myself),13/06/2020 08:52
8344,Beyond end daughter summer.,Match message,"her the app, message sent by her (the app)",17/03/2021 22:12
2669,North energy science without positive can hope.,Match message,Eric Keller,02/11/2021 05:04
8897,Field use often government.,Message,Erica Garcia,25/08/2020 16:48
7785,Nature play prove start.,Message,Kevin Lopez,08/09/2020 17:24
4722,I artist guess myself of check type.,Message,User (myself),01/05/2020 19:12
6710,Plant happy while option apply fall front.,Match message,Thomas Jacobs,29/10/2021 21:49
2559,Check ball catch.,Message,Phillip Harper,27/02/2021 03:06
2409,Bank thing interesting suffer view.,Match message,User (myself),23/11/2021 13:13
3127,Record two community fall mouth report relate.,Match message,User (myself),08/12/2021 08:10
3171,Out small along.,Match message,Sheri Robertson,14/12/2020 01:59
8634,Still citizen dream middle Mr meeting.,Match message,User (myself),11/12/2021 19:29
4618,Choice arrive science meet.,Match message,User (myself),24/09/2021 16:26
1422,Report health common test nor.,Match message,Ricky Singh,08/09/2020 06:41
824,Window game ability night five coach.,Message,Jacob Santiago,06/09/2020 08:04
3577,Friend research trial front long.,Match message,Amy Gonzalez,16/08/2020 04:52
6955,Laugh national condition physical Mr phone.,Match message,Michelle Pearson,14/01/2021 16:21
9302,Third once prevent.,Match message,Elizabeth Mcguire,29/11/2021 04:24
3170,Feeling analysis page.,Match message,Arthur Smith,03/07/2020 00:21
4175,Method piece Mr age always look.,Message,Jordan Taylor,07/05/2021 01:56
8735,Whose section lose girl show actually ok arm.,Message,Patricia Rosales,19/10/2021 22:47
