Sender,Notification type,Notifcation sent at
Brenda Morales,liked_you,09/10/2021 06:19
Christina Jackson,friend,30/04/2020 10:45
Kyle Bender,liked_you,26/02/2021 02:20
Michael Reilly,friend,27/01/2021 22:34
Michelle Stafford,liked_you,16/05/2021 03:18
Curtis Cain,liked_you,18/11/2021 05:21
Vickie Bailey,liked_you,15/07/2021 03:33
Adam Calderon,liked_you,14/09/2021 18:19
Cynthia Smith,liked_you,31/08/2021 04:25
Lawrence Osborne,friend,24/05/2020 20:09
Stephanie Osborne,friend,24/06/2020 00:24
Bryce Clark,liked_you,05/05/2020 20:39
Micheal Hatfield,liked_you,22/07/2021 14:50
Lisa Hansen,friend,08/08/2021 21:05
Micheal Newton,liked_you,30/05/2020 15:07
Nicole Smith,liked_you,03/07/2021 13:07
Dwayne Davis,liked_you,26/03/2021 11:39
Benjamin Gonzalez,liked_you,04/09/2021 15:32
Vincent Gonzales,friend,04/10/2020 16:21
Lisa Adams,liked_you,22/09/2021 03:48
Daniel Hernandez,liked_you,10/06/2021 20:48
Eric Trevino,friend,23/12/2021 14:18
Pedro Bauer,friend,07/09/2021 03:19
Monique Beasley,liked_you,22/12/2020 01:16
Ashley Schroeder,liked_you,24/08/2020 02:51
Katrina Anderson DDS,friend,03/09/2021 19:12
Stephen Cooke,friend,01/12/2021 15:18
Katherine Brock,friend,09/09/2020 16:52
Jamie Preston,liked_you,22/08/2020 03:52
Thomas Cox,friend,24/08/2020 06:06
Alicia Walker,liked_you,19/05/2020 14:18
Sarah Bray,liked_you,05/08/2020 17:32
Jared Sellers,friend,22/04/2020 12:46
Amanda Larsen,liked_you,20/11/2020 13:16
Amanda Martinez,liked_you,11/06/2021 04:12
Dana Watkins,liked_you,30/07/2021 06:35
Kristine Lopez,friend,06/05/2020 08:08
Phillip Kennedy,friend,14/01/2021 23:17
Cesar Daniels,liked_you,15/08/2021 14:31
Jennifer Cox,friend,02/07/2020 00:52
Rachel Alexander,friend,16/09/2020 23:31
Kimberly Butler,friend,28/01/2021 04:58
David Noble,friend,05/08/2021 10:25
Kelly Mcdonald,liked_you,08/09/2020 08:19
Bryan Taylor,friend,28/07/2021 16:16
Rebecca Esparza,friend,21/01/2021 21:04
Nancy Walsh,liked_you,11/12/2021 14:15
Amber Jones,liked_you,24/10/2021 09:09
Mr. Edward Carroll,friend,09/12/2020 09:23
Adam Miller,liked_you,20/05/2021 11:24
Richard Glass,friend,09/08/2021 01:31
Tommy Kennedy,liked_you,16/10/2021 14:08
Christian Acosta,liked_you,05/05/2020 01:00
Sara King,friend,05/04/2021 18:39
Michael Melton,friend,05/03/2021 10:46
Laurie Floyd,liked_you,30/09/2021 20:04
David Rodriguez,liked_you,25/11/2020 16:22
James Brooks,liked_you,17/04/2021 06:56
Jerome Woodard,liked_you,10/06/2021 10:32
Jessica Christensen,liked_you,25/08/2020 00:50
Wendy Rice,liked_you,13/06/2020 00:54
Casey Davis,friend,05/12/2021 21:31
Kelly Fox,friend,02/08/2020 20:49
Timothy Brady,liked_you,25/06/2020 00:51
Mr. Edwin Skinner,liked_you,15/08/2021 00:54
Bradley Sweeney,friend,05/07/2021 22:21
Kimberly Boone,liked_you,27/10/2021 16:50
Marie Rodriguez,liked_you,10/11/2020 00:12
John Watts,liked_you,31/10/2020 17:04
Melissa Wise,friend,20/05/2021 23:56
Christina Rodriguez MD,liked_you,17/08/2020 01:21
Morgan Hart,friend,28/04/2021 01:27
Mrs. Angela Preston,liked_you,23/02/2021 18:02
Beverly Hancock,liked_you,04/05/2020 21:14
Alyssa Stevens,friend,25/07/2021 01:03
Darlene Diaz,friend,07/11/2021 07:52
Ryan Carrillo,friend,28/12/2020 05:34
Stephanie Smith,friend,20/09/2020 08:59
Jack Mathews,liked_you,13/01/2021 03:58
Brandon Francis,friend,30/06/2020 13:23
Dominique Ballard,friend,12/03/2021 16:14
Jeffrey Shannon,liked_you,16/11/2020 10:17
Alan Scott,liked_you,24/10/2020 19:34
Nicole Torres MD,friend,18/03/2021 06:00
Rhonda Hensley,liked_you,27/04/2021 18:41
Natalie Brown,friend,03/07/2021 09:10
Joseph Sanchez,friend,10/07/2021 09:30
Amber Adams,friend,25/05/2020 19:17
Laura Harris,liked_you,25/07/2020 11:24
Rachel Costa,liked_you,23/07/2021 19:34
Joseph Campbell,liked_you,24/12/2021 10:10
Michael Perry,liked_you,25/09/2021 21:33
Joseph Rodriguez,friend,05/08/2020 20:18
Tommy Morales,friend,19/09/2020 04:03
Tammy Durham,friend,20/11/2020 09:44
Jennifer Davis,liked_you,21/12/2020 22:22
Benjamin Calderon,liked_you,21/11/2021 06:43
Thomas Sanders,liked_you,03/11/2021 09:32
Kelly Brown,liked_you,30/10/2021 17:34
Randall Nichols,liked_you,25/04/2021 08:08
Amanda Carter,friend,30/12/2021 08:29
Adam Schwartz,liked_you,15/10/2020 14:18
Michelle Guzman,friend,25/06/2020 04:26
Jennifer Scott,friend,20/08/2021 00:09
Kyle Baldwin,liked_you,21/09/2021 18:20
Stephanie Maynard,friend,30/10/2021 18:45
Michael Wolf,liked_you,30/09/2020 06:46
Kathleen Kirk,friend,28/10/2021 12:43
Christopher Jones,liked_you,13/10/2020 15:18
Anne Hahn,friend,09/04/2021 02:59
Haley Diaz,friend,28/02/2021 23:37
Destiny Vargas,friend,25/10/2021 04:07
Christopher Ingram,liked_you,25/01/2021 17:33
Jason Ferguson,liked_you,24/07/2021 06:17
Brandi Hernandez,friend,21/04/2021 07:00
Margaret Campbell,liked_you,30/06/2021 17:11
Cassandra Burch,liked_you,08/08/2021 03:48
Carlos Jones,friend,30/04/2020 15:18
Sabrina Brown,friend,25/05/2020 22:10
Colleen Cook,friend,23/11/2020 00:16
Emily David,friend,17/06/2021 10:22
Cindy Jones,friend,09/09/2020 19:58
Jamie Sanchez,friend,26/09/2021 04:01
Angela Brown,liked_you,17/11/2021 17:01
Kristy Miller,friend,21/10/2020 03:08
Patricia Nunez,friend,17/07/2021 03:36
James Lloyd,liked_you,19/01/2021 15:30
Daniel Duke,liked_you,09/07/2021 08:11
Amy Richard,liked_you,25/09/2020 06:45
Brandon Smith,friend,26/05/2020 05:12
Kevin Alexander,friend,29/09/2020 19:06
Paul Myers,liked_you,31/10/2020 04:50
Scott Hodges,friend,11/05/2020 12:29
Dana Brown,friend,12/12/2021 03:00
Vernon Ochoa,liked_you,01/07/2020 02:52
Julie Atkinson,friend,20/05/2020 07:50
Joanne Robinson,friend,05/10/2020 19:30
William Patel,liked_you,27/02/2021 20:25
Katie Davenport,liked_you,28/05/2020 21:07
Sarah Daniel,friend,23/05/2020 20:20
Justin Frost,friend,19/10/2021 10:37
James Smith,liked_you,05/07/2021 01:19
Jessica Fowler,liked_you,06/06/2020 11:39
Sharon Avery,liked_you,10/05/2021 02:40
Margaret Lynch,liked_you,15/01/2021 01:34
Joseph Colon,liked_you,31/05/2020 14:15
Jocelyn Garcia,friend,08/12/2020 05:17
Roberto Burgess,friend,09/11/2021 23:25
Michael Reed,friend,03/07/2021 01:06
Christopher Gonzales,friend,03/10/2021 08:47
Vanessa Lewis,liked_you,10/07/2020 11:31
Ronald Cox,friend,24/11/2020 22:15
Richard Green,liked_you,21/12/2021 13:32
Whitney Taylor,liked_you,07/06/2020 00:38
Tammy Rasmussen,friend,07/05/2021 08:58
Kathryn Myers,liked_you,10/12/2020 04:03
Caitlin Marsh,liked_you,11/11/2020 10:53
James Gates,liked_you,15/08/2021 22:37
Robert Yoder,liked_you,15/11/2021 10:41
Duane Wade,liked_you,03/06/2021 10:22
Nicholas Mack,liked_you,29/03/2021 04:14
Julie Richardson,liked_you,10/05/2020 15:59
Herbert Miller,liked_you,13/10/2020 17:33
Michael Cortez,friend,15/02/2021 09:54
John Clark,friend,03/07/2021 12:32
Jeremy Morgan,liked_you,25/07/2021 01:26
Vincent Holt,friend,23/11/2020 21:51
Nicholas Martin,friend,13/10/2020 08:56
Marissa Schmidt,friend,10/12/2021 08:10
Kathleen Alexander,liked_you,14/09/2021 02:45
Melanie Willis,liked_you,02/05/2021 11:17
Tiffany Whitehead,liked_you,27/12/2021 07:37
Lucas Burgess,friend,16/02/2021 10:03
Mark West,liked_you,21/09/2020 02:34
David Carter,friend,19/05/2020 12:57
Jennifer Howell,liked_you,08/04/2021 15:41
Joshua Morrison,liked_you,15/04/2021 11:48
Jason Gallagher,friend,21/04/2021 09:35
Joy Kelly,friend,24/09/2020 16:27
Bonnie Paul,friend,19/10/2021 01:49
Jennifer Alexander,friend,02/06/2021 18:47
Ryan Barry,friend,01/07/2021 21:07
Blake Acosta,liked_you,21/10/2020 08:38
Kathryn Kerr,friend,08/06/2020 14:51
Matthew Marshall,friend,08/12/2020 14:36
Michelle Hunter,liked_you,18/10/2021 13:35
Ms. Tracey Morrison,friend,29/10/2021 00:35
James Adkins,friend,15/12/2020 23:42
Andrea Sherman,liked_you,29/04/2020 14:29
Melissa Fry,liked_you,22/02/2021 20:43
David Gonzalez,liked_you,24/12/2020 12:18
Derek Riley,liked_you,02/08/2020 10:52
James Lewis,friend,18/03/2021 13:28
Leah Cowan,liked_you,01/11/2020 11:39
Angela Ewing,friend,08/08/2021 02:05
George Watson,friend,29/06/2020 18:13
Nicholas Fox,friend,31/03/2021 20:21
Brandi Henderson,friend,19/07/2021 23:59
Crystal Johnson,liked_you,28/08/2020 21:05
Kimberly Warren,friend,01/04/2021 13:08
Jesus Moore,friend,09/12/2021 07:13
James Benitez,friend,30/07/2021 13:54
Jonathan Green,liked_you,01/08/2020 11:33
Jon Garrett,liked_you,02/05/2021 08:37
Brandon Lyons,liked_you,12/09/2020 15:38
Stephanie Harrison,friend,09/06/2021 04:16
Ian Franklin,friend,14/12/2020 15:52
Anthony Mendoza,liked_you,24/09/2021 13:35
Amy Miller,liked_you,20/11/2021 17:55
Brian Hill,friend,09/07/2021 18:04
Austin Neal,liked_you,03/02/2021 22:25
Jennifer Hayden,friend,08/05/2020 19:56
Laura Fleming,friend,30/12/2021 10:18
Amanda Villegas,liked_you,19/11/2021 21:54
Bobby Long,friend,10/07/2020 04:59
Julie Garcia,friend,03/01/2021 18:54
Kerry Pham,friend,17/07/2021 21:46
Jennifer Garner,liked_you,17/12/2020 11:58
Jennifer Jones,friend,05/12/2021 16:04
Tamara Rose,friend,15/04/2021 04:11
Christopher Martinez III,friend,25/08/2020 17:20
Allison Mason,liked_you,21/04/2021 05:19
Jeremy Abbott,liked_you,19/09/2020 09:27
Kelly Jones,friend,13/05/2020 01:15
Sharon Roberts,friend,14/11/2020 12:38
Nicholas Lam,friend,18/06/2020 18:43
Jennifer Wilson,friend,20/02/2021 11:42
Jessica Schneider,liked_you,31/10/2021 14:17
Spencer Powell,liked_you,16/08/2021 15:11
Hayden Wong,liked_you,29/10/2021 10:30
Sarah Harvey,liked_you,11/10/2020 03:50
Nathan Smith,friend,05/12/2020 09:21
Michelle Shelton,friend,26/06/2021 20:22
Shaun Gomez,liked_you,26/08/2021 23:09
Kathryn Calderon,friend,26/10/2021 22:16
Ashley Osborn,friend,29/04/2021 05:17
Christopher Cooley,friend,11/09/2021 02:07
Paul Baker,liked_you,13/08/2021 11:02
Mrs. Chelsea Lam,liked_you,10/09/2020 16:41
Michelle Costa,friend,16/05/2021 17:51
Andrew Mason,liked_you,15/03/2021 00:09
Paul Gutierrez,friend,12/08/2020 18:04
James Hendrix,friend,28/04/2021 01:54
Amy Willis,liked_you,25/05/2020 13:56
Matthew Beard,friend,29/12/2020 21:37
Tammy Price,friend,10/06/2021 04:22
William Heath,friend,03/05/2021 23:05
Dale Cox,liked_you,09/12/2020 12:11
John Turner,friend,13/07/2020 09:41
Monica Davidson,liked_you,17/08/2020 17:37
Aaron Stone,liked_you,24/11/2020 14:10
Billy Grimes,liked_you,10/10/2021 00:22
Nicole Martin,liked_you,19/06/2021 11:25
Harry Lindsey,liked_you,01/03/2021 01:49
Joanna Miller,friend,30/11/2020 18:16
Henry Herrera,liked_you,05/11/2021 14:38
David Cantrell,liked_you,25/05/2021 20:31
Jose Richardson,friend,23/04/2021 09:15
Lauren Johns,friend,13/06/2020 17:33
Emily Skinner,liked_you,28/04/2021 09:10
Jason Crawford,liked_you,12/12/2020 11:21
Benjamin Murray,liked_you,27/08/2021 00:21
Jennifer Wright,liked_you,01/06/2021 05:09
David Williams,friend,01/12/2020 01:42
Michael Wilkerson,friend,28/03/2021 16:46
Edward Aguirre,friend,04/06/2021 06:21
Mary Stone,friend,05/11/2021 22:35
Trevor Hodges,liked_you,10/05/2020 10:13
Christine Salas,liked_you,07/09/2021 17:08
Kimberly Jacobs,friend,11/06/2021 20:58
Bailey Ferguson,liked_you,01/07/2020 09:00
Matthew Garcia,liked_you,11/05/2020 21:49
Leslie Henderson,liked_you,08/01/2021 09:54
Michael Wright,friend,07/01/2021 18:56
Joshua Campbell,liked_you,23/07/2021 18:30
Jose Bishop,liked_you,04/05/2021 15:40
Ronald Young,friend,24/07/2021 00:53
Richard Gray,friend,12/05/2021 09:15
Shannon Wilson,friend,17/05/2020 20:20
Mrs. Pamela Jenkins,friend,27/09/2020 19:43
Vanessa Hunt,friend,14/09/2021 15:37
Kyle Orozco,friend,21/03/2021 02:07
Robyn Ellis,friend,24/12/2021 09:30
Selena Romero,friend,30/06/2021 17:19
Benjamin Ward,friend,26/07/2021 00:51
Steven Morgan,liked_you,14/11/2021 06:48
Timothy Williamson,friend,17/05/2020 14:18
Suzanne Smith,liked_you,05/05/2020 16:35
Stacy Williams,friend,01/05/2021 01:29
Taylor Miller,liked_you,22/07/2021 13:33
Jonathan Vasquez,liked_you,25/06/2021 07:03
Alan Savage,liked_you,30/10/2021 21:07
Susan Adams,friend,04/06/2020 05:54
Pamela Zamora,friend,08/09/2020 10:52
Jane Miller,liked_you,25/06/2020 16:41
Timothy Jones,liked_you,27/05/2021 09:41
Christine Taylor,friend,09/07/2020 03:01
Mark Hall,liked_you,21/12/2021 05:08
Emily Cruz,liked_you,12/06/2020 21:21
Jose Russell,liked_you,07/05/2021 07:52
Justin Wolf,liked_you,22/12/2021 05:52
Brittany Jones,liked_you,08/08/2021 15:42
Paula Mendez,friend,02/11/2020 19:21
Joseph Harris,liked_you,14/10/2020 16:45
Eric Taylor,liked_you,29/12/2021 22:41
Travis King,friend,22/07/2021 21:22
Terry Turner,liked_you,19/02/2021 05:02
Jose Ballard,liked_you,15/09/2020 03:55
Lindsey Johnson,liked_you,03/09/2020 06:45
Susan Johnson,liked_you,02/05/2020 09:14
Stephen Garrett,liked_you,18/01/2021 17:18
Erika Willis,liked_you,02/10/2020 07:38
Beth Moss,friend,13/01/2021 16:12
Jenny Brown,friend,27/07/2020 07:47
Anthony Walker,friend,22/05/2021 20:53
Jason Kaiser,liked_you,21/05/2020 12:57
Mr. Nicholas Bishop,liked_you,27/12/2021 18:53
Edward Sanchez,friend,20/04/2021 16:31
Katie Brooks MD,friend,13/04/2021 21:39
Ellen Russell,friend,25/08/2020 00:50
Thomas Carr,friend,28/06/2021 09:07
Rickey Mills,friend,12/03/2021 00:25
Erica Robbins,friend,28/06/2021 02:59
Joshua Wilson,liked_you,01/08/2021 21:14
Denise Hendricks,friend,03/09/2021 06:29
Antonio Alvarez,friend,24/10/2021 14:46
Terri Dean,liked_you,05/06/2020 11:14
Lisa Navarro,friend,10/09/2020 21:13
Ronald Perez,friend,06/09/2020 15:22
Dr. Briana Parker,liked_you,17/10/2020 01:42
Joshua Turner,liked_you,08/05/2021 21:47
Alexis Coleman,friend,22/01/2021 01:48
Christine Lopez,friend,20/06/2021 07:58
Jonathan Larson,liked_you,30/08/2020 04:42
David Flowers,friend,22/10/2021 03:49
Renee Ray,liked_you,11/10/2021 05:04
Mrs. Sarah Gamble,liked_you,23/12/2020 11:28
Michael Diaz,friend,27/07/2021 00:28
Karen Silva,liked_you,01/03/2021 07:31
Christine Carroll,liked_you,12/07/2021 10:40
Kelly Jones,liked_you,21/07/2021 01:52
Jack Hodges,liked_you,17/12/2021 02:30
Paul Sandoval,liked_you,18/09/2021 21:27
Kyle Watkins,liked_you,06/03/2021 11:44
Wayne Carpenter,friend,10/04/2021 20:53
Luke King,liked_you,25/04/2020 23:42
Nathan Stephens,liked_you,24/06/2021 21:22
Jonathan Fisher,liked_you,24/11/2021 08:16
Marc Alexander,liked_you,09/12/2020 17:37
Paul Hernandez,liked_you,14/11/2020 05:15
Jennifer Best,liked_you,09/09/2020 00:41
Dwayne Merritt,friend,22/04/2021 05:01
Jon Newton,friend,09/05/2021 09:39
Jordan Miller,friend,19/11/2021 13:12
Kristen Patton PhD,friend,09/12/2020 12:52
Laura Weeks,liked_you,29/05/2020 06:20
Breanna Doyle,liked_you,14/05/2020 03:33
Dr. Cindy Wright,liked_you,24/06/2021 01:06
Nicholas Thomas,friend,22/12/2020 06:10
Brittany Avila,friend,10/03/2021 05:54
William Peterson,liked_you,07/01/2021 18:31
Megan Jones,liked_you,29/10/2020 15:23
Lisa Diaz,friend,28/08/2021 13:31
David Medina,liked_you,31/05/2020 21:09
Shannon Hayes,friend,15/05/2021 16:11
Donna Green,friend,16/03/2021 00:53
Chad Lewis,liked_you,13/06/2020 08:50
Daniel Lara,friend,04/04/2021 18:10
Robert White,liked_you,28/09/2020 05:48
Daniel Walker,friend,11/09/2021 00:20
David Floyd,friend,25/09/2021 23:45
Nicholas Shepherd,friend,27/02/2021 17:09
Christopher Pierce,liked_you,19/12/2020 00:28
Heather Olson,liked_you,12/02/2021 14:36
Steven Perez,friend,24/12/2021 09:14
Antonio Willis,liked_you,17/09/2021 09:07
James Greene,liked_you,25/09/2021 06:05
Michael King,liked_you,20/01/2021 05:40
Brandon Rogers,liked_you,03/06/2021 12:44
Kayla Newton,liked_you,29/03/2021 06:54
Lee Simon,liked_you,19/03/2021 16:09
Todd Anderson,friend,09/08/2021 15:36
John Flores,liked_you,22/05/2021 18:32
Richard Rose,liked_you,26/02/2021 13:08
Jonathan Matthews,liked_you,20/10/2020 18:32
Brooke Decker,liked_you,15/07/2020 17:08
Stephen Moyer,liked_you,02/12/2020 00:38
Caleb Walker,friend,11/06/2020 03:08
Michelle Fox,friend,06/11/2020 17:00
Joseph Goodwin,friend,17/03/2021 15:22
Victoria Miranda,liked_you,02/09/2020 16:35
Taylor Jackson,friend,23/01/2021 04:57
William Keller,liked_you,25/04/2020 23:23
Jerry Williams,liked_you,03/10/2020 22:43
Daniel Clark,friend,22/06/2020 15:03
William Edwards,liked_you,12/10/2020 09:23
Emily Hicks,liked_you,20/11/2020 14:43
Kerry Clark,liked_you,03/09/2020 06:10
Joe Robinson,liked_you,09/10/2021 22:09
Austin White,friend,27/08/2021 11:37
Amy James,liked_you,05/12/2020 04:19
Steven Willis,liked_you,07/12/2020 21:32
Robert Leon,friend,11/05/2020 08:07
Lisa Lyons,liked_you,17/06/2021 16:41
Peter Bradshaw,liked_you,26/10/2021 22:52
Jaime Watkins,friend,13/09/2020 03:18
Mark Fernandez,liked_you,30/11/2021 08:57
Patricia Taylor,friend,13/09/2020 13:22
Christopher Davenport,friend,26/06/2021 05:28
Wendy Roberts,liked_you,11/05/2020 14:47
Veronica Bowman,friend,22/04/2020 06:55
Jason Gilbert,liked_you,21/12/2021 18:19
Paul Dominguez,liked_you,03/06/2021 23:25
Brittany Oneill,friend,12/07/2021 10:32
Sarah Higgins,friend,12/06/2021 11:50
Todd Novak,friend,26/01/2021 13:46
John Rogers,liked_you,26/09/2020 22:30
Justin Whitehead,friend,05/06/2021 02:01
Laura Thomas,liked_you,13/09/2020 07:16
Darlene Miller,liked_you,31/10/2020 23:19
Alexander Johnson,liked_you,15/09/2021 19:10
Maria Moore,friend,27/02/2021 22:42
Angela Harvey,liked_you,01/09/2020 08:15
Jennifer Rodriguez,liked_you,02/07/2021 09:47
Phillip Nelson,friend,09/04/2021 04:55
Samantha Newman,liked_you,02/06/2020 11:38
Ariel Powers DDS,liked_you,01/05/2021 11:06
Krista Reyes,friend,03/10/2021 21:52
Thomas Randolph,liked_you,16/11/2021 11:33
Judy Henderson,liked_you,05/07/2020 04:40
Collin Davila,liked_you,08/04/2021 18:48
Max Morales,liked_you,30/10/2020 21:50
Eric Black,friend,13/04/2021 19:02
Joshua Berry,friend,21/01/2021 14:29
Michelle Reyes,friend,30/09/2020 23:39
Jennifer Morris,friend,24/12/2021 16:11
Jeffrey Gonzalez,liked_you,25/08/2021 08:44
Derrick Sims,friend,19/02/2021 11:42
Paul Williams,liked_you,16/03/2021 11:12
Megan Mullins,friend,27/11/2020 06:12
Christopher Waters,friend,11/03/2021 20:56
David Colon,friend,31/05/2020 13:17
John Johnson,friend,25/10/2021 04:17
Lindsey Smith,friend,22/06/2020 14:17
Diane Novak,liked_you,16/08/2020 02:28
Megan Lopez,liked_you,12/06/2021 07:56
Jermaine Sanchez,liked_you,04/05/2020 07:34
Alan Allison,liked_you,01/12/2021 19:37
Timothy Cameron DVM,friend,06/12/2020 02:28
James Bailey,liked_you,17/08/2021 06:46
Scott Evans,friend,25/09/2021 16:34
Todd Hogan,liked_you,22/12/2021 02:04
Connie Hanson,friend,14/01/2021 12:47
Brendan Todd,liked_you,01/11/2021 01:41
Kevin Jennings,friend,04/12/2020 16:48
Shelby Lopez,friend,22/08/2021 02:27
Holly Herrera,liked_you,29/12/2021 22:29
Mr. Bryan Allen,friend,03/06/2020 23:47
Adam Thompson,friend,30/12/2020 03:28
Carla Thomas,friend,02/11/2020 17:13
Elizabeth Bradley,liked_you,16/07/2021 21:42
Jonathan Johnson,liked_you,21/09/2021 12:54
Kimberly Parker,friend,17/01/2021 22:27
Rebecca Heath,liked_you,25/12/2020 08:07
Susan Ross,friend,01/08/2020 08:24
Christopher Fuller,friend,30/07/2021 15:46
Debra Fernandez,liked_you,01/11/2020 09:43
Elijah Potts,liked_you,28/11/2021 00:01
Bridget Perry,liked_you,28/10/2021 05:02
Rebecca Huang,liked_you,25/09/2021 11:59
Patrick Jordan,liked_you,16/11/2021 09:09
Eugene Burton Jr.,liked_you,25/05/2021 11:52
Brian Murray,liked_you,30/11/2021 11:47
Karen Hoover,liked_you,07/09/2021 18:12
Nicholas Goodman,liked_you,01/09/2020 19:51
Louis Fisher,friend,25/02/2021 03:02
Courtney Gomez,liked_you,17/04/2021 10:53
Ariel Salinas,liked_you,05/01/2021 02:51
Samantha Wright,friend,02/05/2021 23:54
Richard Lester,friend,05/06/2020 01:15
Harold Williams,liked_you,30/04/2020 09:16
Michael Stokes,friend,09/06/2020 01:44
Nathan Ryan,friend,11/11/2020 03:11
Sean West,liked_you,23/02/2021 14:57
Cheryl Fox,liked_you,20/04/2021 11:37
Michael Lin,liked_you,11/08/2021 09:14
Toni Alvarado,friend,12/08/2020 05:07
Kelly Taylor,liked_you,22/11/2021 19:07
Richard Moore,friend,10/10/2021 12:02
Steven Wagner,liked_you,14/03/2021 06:08
Ronnie Lyons,liked_you,07/02/2021 00:45
Michael Evans,friend,03/10/2021 18:29
Dr. Willie Burgess,liked_you,28/06/2021 13:29
Dale Parker,friend,30/09/2021 09:26
Tina Smith,friend,23/11/2021 15:08
Steven Combs,liked_you,07/07/2020 13:25
Donald Jones,friend,28/04/2020 13:37
Kimberly Hill,friend,11/06/2020 18:17
Dalton Alvarez,liked_you,23/08/2020 18:20
Joseph Page,friend,27/04/2021 05:16
Debra Brown,friend,17/09/2021 00:29
Ivan Trevino,friend,03/12/2021 23:13
Katie Barber,friend,10/07/2021 04:44
Derrick Ewing,friend,03/10/2020 05:20
Nicole Mckay,liked_you,09/11/2021 12:35
Erika Romero,liked_you,25/12/2021 12:48
Cynthia Luna,liked_you,01/08/2020 11:22
Yolanda Smith,liked_you,28/06/2020 23:14
Clifford Robinson DDS,liked_you,31/07/2021 22:28
Jason Roberts,friend,16/05/2020 03:20
Chelsea Becker,liked_you,28/03/2021 09:30
Kimberly Davis,friend,01/11/2020 11:52
Joseph Taylor,liked_you,06/06/2021 02:38
Carolyn Hill,liked_you,11/09/2020 20:36
Cameron Boyd,friend,14/06/2020 04:18
Mrs. Lynn Roberts,friend,14/07/2020 08:45
Tami Campbell,liked_you,22/10/2020 19:31
Sharon Wright,liked_you,31/05/2020 14:28
Jason Horton,friend,03/05/2021 20:34
Stephen Romero,friend,30/12/2020 07:04
Raymond Young,liked_you,06/03/2021 22:10
James Ford,liked_you,26/06/2021 03:12
Jay Reid,friend,25/07/2020 18:54
Maxwell Stone,liked_you,25/02/2021 02:33
Anna Nguyen,liked_you,26/02/2021 13:22
Hannah Collier,liked_you,04/07/2021 11:03
Anthony Gallegos,liked_you,21/09/2021 07:07
Kenneth Olsen,friend,13/03/2021 12:35
George Cantrell,liked_you,28/01/2021 08:07
Susan Ross,liked_you,25/09/2020 04:22
Donna Tapia DVM,friend,09/10/2021 16:54
Benjamin Hicks,liked_you,11/05/2021 06:36
Christopher Trujillo,friend,06/04/2021 07:07
Rachel Ayers,liked_you,04/01/2021 14:33
Krystal Duke,liked_you,07/05/2020 05:16
Linda Livingston,friend,15/09/2020 11:24
Ryan Casey,liked_you,23/10/2021 13:45
Mr. Glen Sharp,liked_you,30/05/2020 01:12
Kelly Gilbert,friend,13/05/2021 00:52
Mr. Derek Baker Jr.,friend,18/08/2021 15:14
Jordan Gutierrez,friend,06/03/2021 02:06
David Elliott,liked_you,18/06/2020 08:05
Jared Jackson,friend,21/11/2021 11:00
Emily Adams,friend,02/05/2021 15:45
Christine Nelson,friend,02/02/2021 05:51
Randall Cortez,friend,19/07/2020 02:59
Mary Cobb,liked_you,17/11/2020 02:11
Matthew Lewis,friend,05/07/2021 11:40
Margaret Smith,friend,15/06/2020 15:27
Lee Rodriguez,friend,28/01/2021 09:51
Allison Marshall,liked_you,20/09/2020 07:58
Denise Lopez,liked_you,03/05/2020 20:43
Mary Fitzgerald,liked_you,10/08/2020 12:12
Olivia Bailey,liked_you,09/11/2020 03:42
Antonio Parsons,liked_you,31/10/2021 22:00
Matthew Mcmillan,friend,18/08/2021 16:10
Aaron Campbell,friend,29/10/2021 04:47
Nicole Gonzalez,friend,18/11/2020 18:15
Autumn Carlson,liked_you,11/05/2020 09:54
Betty Hayes,friend,28/09/2020 12:52
Mr. Travis Castro,liked_you,13/08/2021 19:32
Courtney Sanders,liked_you,12/07/2021 00:25
Kathy Rodriguez,friend,29/05/2021 04:00
Chad Juarez,friend,20/06/2021 08:32
John Hill,friend,21/10/2021 05:40
Billy Chambers,liked_you,06/02/2021 05:06
Anthony Rivera,friend,02/09/2021 03:13
Kevin Hunter,friend,09/02/2021 15:23
Lauren Sutton,liked_you,02/10/2020 09:19
David Bennett,friend,16/06/2021 14:03
Michele Garcia,liked_you,19/07/2021 18:35
Logan Sharp,friend,07/10/2020 20:32
Kenneth Farrell,liked_you,10/10/2020 09:57
Ana Johnson,liked_you,13/07/2021 22:30
Richard West,friend,13/10/2020 03:37
Jessica Brown,friend,30/07/2020 00:01
Jimmy Young,liked_you,07/05/2020 08:58
Jason Smith,friend,08/10/2020 23:38
Christine Sanchez,friend,25/12/2021 05:07
Terry Middleton,liked_you,26/08/2020 06:04
Terry James,liked_you,04/06/2021 17:44
Michelle Poole,liked_you,20/10/2020 21:43
Julia Gill,friend,18/09/2020 03:11
Patrick Hardin,liked_you,05/05/2020 20:35
Jon Herring,friend,01/10/2021 04:23
Tim Garcia,liked_you,13/06/2020 08:12
Sarah Lang,friend,18/04/2021 16:18
Erika Kane,friend,27/04/2021 22:01
James Watson,liked_you,17/10/2021 13:19
Brittney Ortega,liked_you,30/01/2021 12:50
Laura Lucas,friend,29/12/2020 19:43
James Love,friend,18/06/2020 23:22
Samuel Davis,friend,30/04/2020 03:58
Christopher Green,friend,25/07/2021 14:30
Bradley Salinas,liked_you,05/12/2021 05:22
Jessica Glenn,liked_you,30/05/2021 10:17
Sarah Stein,friend,08/03/2021 08:29
Kevin Buckley,liked_you,03/10/2020 08:31
Larry Stark,friend,04/07/2020 13:06
Scott Randall,friend,28/07/2020 03:40
Danielle Anderson,liked_you,24/08/2020 07:40
Jenna Wilson,friend,07/06/2020 20:41
Mitchell Bradley,friend,14/05/2021 08:50
Patrick Richardson,friend,17/06/2021 01:11
Sylvia Cruz,friend,26/04/2020 17:15
Jordan Stevens,friend,01/10/2020 09:32
Jason Patterson,liked_you,27/12/2021 11:31
Lindsey Romero,friend,30/04/2020 11:05
Jessica Martinez,friend,23/09/2021 12:34
Kevin Bruce,liked_you,14/03/2021 01:00
Allen Spence,liked_you,09/04/2021 10:19
Chad Owen,liked_you,14/08/2020 19:58
Rachel Taylor,friend,21/08/2021 01:24
Beverly Washington,friend,15/02/2021 07:47
Amber Wilson,friend,11/07/2020 19:12
Christopher Patterson,friend,29/07/2020 06:44
Anthony Reyes,liked_you,10/09/2020 09:16
Tiffany Mcbride DVM,liked_you,15/09/2020 11:55
Zachary Murphy,liked_you,21/08/2021 02:43
Kelsey Price,liked_you,12/01/2021 05:11
William Stone,liked_you,07/12/2020 08:56
Bobby Patterson,friend,21/11/2021 12:44
Mark Collins,friend,10/06/2020 18:52
Margaret Bennett,friend,01/01/2021 21:51
David Rhodes,liked_you,21/12/2021 08:48
William Santos,friend,31/03/2021 08:54
Tony Day,liked_you,21/11/2021 12:33
Benjamin Randolph,liked_you,08/02/2021 17:42
Amy Lee,friend,21/08/2021 05:37
Kristen King,friend,14/07/2021 23:58
Brooke Foley,liked_you,10/10/2020 14:01
Shannon Baker,friend,23/08/2021 02:10
Clifford Fisher,friend,21/04/2021 19:27
Erica Roberts,liked_you,14/04/2021 05:55
Monique Williams,friend,23/10/2020 05:33
Ernest Lewis,liked_you,04/02/2021 02:26
Sean Williams,liked_you,18/11/2021 00:54
David Mitchell,friend,04/12/2021 20:23
Laura Hardy,liked_you,05/11/2021 09:47
Alexis Harper,liked_you,16/11/2020 16:24
Monica Hunt,liked_you,03/01/2021 02:13
Brandi Hartman,friend,29/09/2021 11:34
Reginald Steele,friend,06/12/2020 22:59
Amber Fry,friend,05/02/2021 02:31
Joseph Chapman,friend,19/05/2020 18:36
Andrea Hernandez,liked_you,05/10/2020 21:49
Nicholas Klein,friend,17/08/2021 02:39
Amy Williams,liked_you,05/07/2021 02:48
Robin Lewis,friend,31/10/2020 21:39
John Perkins,liked_you,28/12/2021 20:27
Daniel Schmidt,liked_you,15/04/2021 16:47
Karen Garcia,liked_you,18/09/2020 13:32
Kevin Lee,liked_you,01/09/2021 05:50
Emily Osborne,liked_you,18/12/2020 23:48
Stephen Wolfe,friend,10/01/2021 14:33
Michael Oconnor,friend,14/03/2021 04:22
Jordan Stewart,friend,27/09/2021 07:36
Donna Harris,liked_you,24/09/2021 10:50
Joshua Marshall,friend,17/01/2021 23:08
Jessica Coleman,liked_you,14/12/2021 19:17
David Thomas,friend,18/04/2021 11:01
William Dunn,friend,20/09/2021 06:03
Penny Parker,friend,19/01/2021 21:49
Mariah Williams,friend,17/12/2021 11:38
Katelyn Blair,friend,28/03/2021 13:28
Jesse Stanley,liked_you,15/12/2021 08:45
Keith Montgomery,liked_you,18/06/2020 04:29
Brian West MD,liked_you,14/03/2021 11:43
Patricia Blair,friend,27/06/2021 14:30
Isaac Miller,friend,29/08/2021 23:03
Alicia Larson,liked_you,29/01/2021 08:10
Janice Blair,liked_you,11/11/2021 15:42
Thomas Campbell,liked_you,29/06/2021 03:32
Joshua Robinson,liked_you,29/07/2020 02:51
Keith Murphy,liked_you,28/09/2020 03:36
Jennifer Cordova,liked_you,21/09/2021 14:06
Deborah Whitaker,liked_you,11/10/2021 17:57
Cassandra Serrano,friend,23/11/2021 23:48
Wyatt Casey,friend,08/04/2021 17:00
Kelly Greene,liked_you,20/06/2020 19:18
Brittney Nelson,friend,25/06/2021 16:41
Michelle Khan,friend,09/12/2020 17:10
Kelly Watson,friend,26/04/2021 12:06
Susan Valenzuela MD,liked_you,17/03/2021 22:50
Christopher Jensen,friend,09/08/2020 01:19
Belinda Allen,friend,12/10/2021 18:12
Lydia Sandoval,liked_you,04/11/2021 12:23
Ronald Taylor,liked_you,12/11/2021 16:03
Brad Gordon,friend,09/09/2021 18:21
Cody Harrison,friend,26/05/2020 03:05
Patricia Baldwin,friend,12/10/2020 03:25
Michael Miller,friend,14/06/2021 10:52
Christopher Hernandez,liked_you,21/09/2021 12:33
Devin Johnson,friend,24/12/2021 12:42
Johnny Lewis,friend,02/06/2021 04:15
Lisa Charles,liked_you,04/02/2021 10:33
Bridget Smith,friend,16/07/2020 04:58
Ethan Martinez,liked_you,16/09/2021 12:11
Stephen Daniels,friend,15/06/2020 16:11
Peter Hines,liked_you,02/12/2020 14:15
Laurie Jones,friend,30/12/2021 06:05
Michael Turner,liked_you,07/08/2020 03:14
Tanya Jacobs,liked_you,04/08/2020 16:10
Jackie Pham,liked_you,15/08/2020 05:13
Dylan Booker,friend,25/01/2021 14:21
Julie Walker,friend,16/02/2021 08:09
Eric Kennedy,friend,21/12/2020 18:17
Vincent Miller,friend,28/10/2020 12:34
James Howell,liked_you,05/06/2021 17:43
John Pearson,friend,28/12/2020 05:13
Grace Becker,liked_you,04/12/2020 22:56
Dr. Sarah James MD,liked_you,22/11/2021 13:59
Antonio Horn,friend,07/05/2021 10:39
Kristy Stanley,friend,26/09/2021 10:28
Mary Cannon,friend,20/05/2021 09:53
Allison Moore,friend,06/09/2021 23:12
Brandy Dalton,friend,09/11/2021 22:43
Elizabeth Patterson DVM,friend,28/06/2020 09:36
Angela Gordon,liked_you,02/02/2021 08:38
Cathy Gutierrez,liked_you,07/07/2021 14:31
Danielle Smith,liked_you,23/11/2021 13:10
Kenneth Daniels,friend,13/10/2021 03:45
Kelli Garcia,liked_you,22/09/2020 08:54
Michael Wilson,liked_you,25/05/2021 07:47
Janet Walker,friend,08/09/2021 13:09
Glenn Hall,friend,19/04/2021 04:56
Timothy Morales MD,liked_you,11/09/2020 15:02
Alison Dennis,liked_you,11/11/2021 11:28
Timothy Griffin,friend,31/08/2021 14:49
Michael Cook,liked_you,20/04/2021 21:07
James Jackson,liked_you,25/11/2021 03:50
Michael Walker,friend,21/12/2020 13:05
Darlene Marsh,friend,13/03/2021 14:20
Shawn Black,liked_you,22/01/2021 19:35
Scott Johnson,liked_you,11/08/2020 14:05
Kaylee Boyd,liked_you,29/09/2021 18:31
Stephen Lee,friend,13/07/2021 06:09
Sean Marquez,liked_you,16/11/2021 09:05
William James,friend,04/07/2020 17:55
Justin Oneal,liked_you,09/09/2020 21:30
Terri Lindsey,friend,18/11/2021 06:13
Connor Chang,liked_you,26/08/2021 19:00
Sonya Johnson,liked_you,29/04/2021 17:21
Jessica Rivera DVM,friend,16/08/2021 05:18
Yolanda Valentine,friend,12/10/2020 15:09
Collin Wilson,friend,04/12/2021 07:58
Carl Lopez,friend,08/02/2021 18:52
Sheila Woods,friend,05/12/2020 21:49
Timothy Romero,friend,02/05/2020 14:13
Karen Nunez,friend,04/08/2021 01:15
Mrs. Tammy Booth,friend,06/09/2020 11:03
Emily Allen,liked_you,08/09/2021 07:42
Brian Hess,liked_you,29/04/2020 01:27
Julie Bates,liked_you,29/06/2021 17:59
Matthew Orozco,friend,18/10/2021 15:11
Brett Thompson,liked_you,28/06/2021 07:43
Linda Ray,friend,06/10/2021 13:32
Derek Wood,liked_you,08/11/2021 06:09
Richard Wright,friend,11/07/2020 22:43
Kathy Russo,friend,13/11/2020 06:05
John Bryant,friend,27/08/2021 05:16
Adam Sullivan,liked_you,24/07/2021 19:52
Heather Hendrix,friend,30/10/2021 14:47
Robert Raymond,liked_you,21/02/2021 16:06
Rachel Chandler,friend,22/04/2021 15:00
Deanna Walker,liked_you,13/06/2021 06:09
Justin Brandt,liked_you,22/08/2021 00:05
Taylor Nichols,liked_you,28/02/2021 06:37
Kimberly Weaver,liked_you,15/11/2020 19:48
Shawn Bennett,liked_you,04/12/2021 18:36
Justin Scott,friend,16/11/2021 08:37
Dr. Cheryl Martinez,friend,25/11/2020 16:07
William Clark,liked_you,11/03/2021 14:23
Michael Allen,liked_you,13/06/2021 07:37
Audrey Kelly,friend,13/09/2020 21:56
Patrick Hicks,liked_you,23/06/2021 02:40
Jamie Morales,liked_you,26/07/2020 22:43
Angela Estrada,liked_you,16/03/2021 20:39
Gary Pham,liked_you,11/09/2021 15:26
Amy Mercer,liked_you,25/04/2021 10:18
Barbara Robertson,friend,25/11/2021 04:48
Karen Brown,friend,12/02/2021 23:45
Michael Marquez,friend,24/08/2020 17:45
Courtney Davis,friend,23/05/2021 21:26
Chris Chapman,friend,12/07/2021 10:11
Jennifer Martinez,liked_you,19/07/2021 05:18
Melissa Valenzuela,liked_you,03/05/2021 15:35
Charles Humphrey,friend,02/03/2021 16:15
Karen Mills,friend,22/06/2021 10:20
Stacy Johnson,liked_you,08/01/2021 23:47
Curtis Perez,friend,01/04/2021 09:25
Jordan Rangel,liked_you,08/12/2021 22:34
Jamie Garza,friend,23/07/2021 23:16
Michelle Rogers,friend,06/07/2021 15:44
Kara Cole,liked_you,11/06/2020 19:37
Sean Anderson,friend,02/04/2021 04:46
Kristine Rojas,friend,27/03/2021 16:19
Corey Wood,friend,22/05/2021 22:52
Patrick Fox,friend,01/05/2020 21:09
Keith Wolfe,friend,19/11/2020 20:07
Desiree Stevenson,liked_you,06/03/2021 08:56
Teresa Tate,friend,17/10/2021 03:49
Loretta Conway,friend,19/07/2021 22:34
Susan Reed,friend,28/06/2021 02:45
Kari Hunt,friend,12/12/2020 18:52
Mia Green,friend,28/12/2021 21:51
Zachary Green,liked_you,01/02/2021 13:48
Jonathan Kennedy,friend,02/07/2020 02:24
Alyssa Ray,liked_you,29/01/2021 04:22
Julie Miller,liked_you,20/05/2021 15:32
Timothy Smith,liked_you,02/09/2020 05:04
Matthew Marshall,liked_you,25/07/2021 06:11
Eileen Lynch,friend,25/05/2020 15:46
Shelly Morgan,friend,27/06/2020 00:23
Robert Roman,liked_you,18/09/2021 09:00
Michele Mora DDS,friend,23/03/2021 11:32
Michael Walton,liked_you,16/05/2020 23:01
Zachary Johnson,friend,24/01/2021 14:46
Christopher Odonnell,friend,10/05/2020 03:46
Jennifer Gomez,friend,10/08/2021 11:47
John Stone MD,friend,29/05/2021 12:20
Brent Richards,friend,17/03/2021 12:32
Abigail Flores,friend,24/08/2021 14:11
Tonya Villanueva,liked_you,14/09/2020 22:14
Tina Freeman,liked_you,15/06/2021 15:15
Terri Walker,friend,25/10/2020 13:56
Dr. Lisa Mccoy,liked_you,13/08/2020 12:31
Nichole Garrett,liked_you,24/12/2020 04:23
Stephanie Nguyen,liked_you,13/01/2021 23:04
Lori Anderson,liked_you,20/04/2021 18:37
Mary Bush,friend,23/03/2021 13:07
Bridget Rivera,liked_you,15/04/2021 08:20
John Pittman,liked_you,17/02/2021 01:20
Sean Burch,liked_you,22/06/2020 22:08
Sandra Frank,liked_you,27/12/2020 20:44
Jason Wiggins,friend,02/07/2021 19:05
Joseph Mathews,friend,18/11/2020 13:46
Mike Murphy,liked_you,08/09/2021 13:10
Diane Owen,friend,19/08/2021 13:28
Nicholas Martin,liked_you,10/07/2020 15:21
Gina Williams,friend,19/04/2021 14:57
Dylan Garcia,liked_you,22/10/2021 19:56
James Johnson,liked_you,29/04/2020 15:35
Heather Wood,liked_you,26/10/2021 03:30
Lynn Hammond,liked_you,23/06/2020 15:02
David Lam,friend,27/10/2021 02:44
Maria Harris,liked_you,06/12/2021 23:08
Katherine Graham,friend,23/08/2021 06:26
Brian Wu,friend,21/12/2020 17:54
Rose Suarez,liked_you,23/05/2020 10:11
Michael Rogers,friend,16/06/2021 19:14
Christine Benson,liked_you,10/10/2020 08:21
John Gutierrez,liked_you,19/02/2021 13:58
Carol Pham,liked_you,13/01/2021 17:24
Alexander Davis,friend,29/07/2021 08:36
Randall Cruz,liked_you,30/08/2021 16:06
Traci Sampson,friend,02/02/2021 00:25
Mark Smith,liked_you,02/05/2020 15:15
Stacey Pugh,liked_you,27/12/2020 23:51
Joseph Weber,friend,02/04/2021 06:28
Peggy Perez,liked_you,22/04/2021 04:24
Mr. Mark Jackson,liked_you,22/11/2020 19:23
Christina Gordon,liked_you,20/11/2020 15:13
Mark Bernard,liked_you,06/06/2021 03:58
Steven Anderson,friend,14/01/2021 01:09
Steven Adkins MD,friend,20/10/2021 17:02
Krista York,liked_you,27/12/2021 22:59
Jeremy Gutierrez,liked_you,11/08/2021 18:58
Cheryl Martinez,liked_you,01/07/2020 16:56
Mariah Nelson,liked_you,10/10/2020 06:48
John Jones,liked_you,27/12/2021 13:45
Lauren Oliver,liked_you,22/10/2021 20:43
Kevin Johnson,friend,17/12/2021 15:39
Philip Vasquez,liked_you,30/04/2021 12:55
Melissa Morrison,liked_you,06/06/2020 01:59
Stephanie Schwartz,liked_you,30/11/2021 15:17
Kristin Evans,liked_you,21/12/2020 18:08
Timothy Cruz MD,friend,11/03/2021 22:49
Carol Wilson,liked_you,03/07/2020 05:18
Timothy Clark,friend,24/11/2020 08:05
Jeffery Duncan,friend,09/05/2020 11:08
Susan Rodriguez,liked_you,25/11/2021 07:28
Adrian Olsen,friend,12/06/2020 13:56
Thomas King,friend,19/10/2021 08:52
Karen Jones,liked_you,29/09/2021 15:03
Rachel Bruce,friend,29/12/2020 19:39
Mark Carson,friend,12/06/2020 19:52
Mr. Jesse Brown IV,friend,07/07/2020 22:26
Gregg Wallace,liked_you,13/01/2021 05:10
Brian Cobb,friend,12/07/2020 16:47
Molly Kaufman,liked_you,20/01/2021 23:16
Jessica Allen,friend,16/07/2021 07:28
Dawn Ramos,friend,25/09/2021 13:54
Larry Green,liked_you,01/08/2021 21:09
Angel Rosario,liked_you,22/11/2021 17:08
Sarah Joseph,friend,14/03/2021 08:06
Lisa Carter,liked_you,06/07/2021 07:52
Andre Smith,friend,09/09/2021 10:27
Adam Hanson,friend,27/12/2020 15:32
Nicole Powers,liked_you,19/12/2021 05:04
Megan Gay,liked_you,20/04/2021 04:45
Richard Conley,liked_you,23/02/2021 07:57
Kristina Fields,friend,19/03/2021 08:54
Carl Riggs,liked_you,12/12/2020 14:41
Gabriel Day,liked_you,23/06/2020 06:45
Tommy Hogan,liked_you,19/02/2021 23:42
Zachary Lynch,liked_you,11/05/2021 20:12
Aaron Friedman,friend,03/02/2021 06:56
Emma Hood,liked_you,11/10/2021 17:52
Theresa Thompson,friend,07/01/2021 02:36
Dana King,friend,28/04/2020 13:48
Kendra Rice,friend,05/01/2021 18:55
Derek Carpenter,friend,05/10/2021 22:42
Stephen Warren,liked_you,08/08/2021 03:16
Frances Jordan,friend,26/11/2020 00:08
Jacob Byrd,friend,05/06/2021 10:53
Megan Allen,liked_you,06/10/2020 12:06
Terry Chan,friend,20/06/2020 03:12
Jack Simmons,friend,08/09/2021 19:33
Dennis Webster,liked_you,11/10/2020 22:05
Lauren Hanna,liked_you,28/04/2020 12:15
Christina Cooper,friend,13/09/2020 09:36
Sheila Day,liked_you,25/06/2021 10:53
David Blankenship,friend,26/06/2021 18:19
Edward Wright,liked_you,03/09/2020 19:34
Ricardo Diaz,friend,03/07/2021 20:33
Justin Marshall,friend,10/12/2020 22:47
Cheryl Green,friend,08/02/2021 07:45
William Rosales,liked_you,19/08/2020 13:17
Cameron Mcguire,friend,20/12/2021 20:52
Ronald Carter,friend,21/10/2020 07:35
Donald Taylor,friend,28/11/2021 16:54
Rose Brown,friend,08/04/2021 16:42
Joshua Lee,liked_you,10/11/2020 22:18
Pamela Rasmussen,friend,15/04/2021 06:03
Jeff Kim,liked_you,12/01/2021 04:29
Crystal Lopez,liked_you,22/08/2020 22:36
Miss Angela Hancock,friend,28/12/2020 05:09
Richard Coleman,liked_you,29/06/2020 09:53
Katie Allen,liked_you,07/12/2021 20:59
Virginia Webb,liked_you,11/02/2021 12:33
Connie Davila,liked_you,25/08/2021 10:19
Damon Rodriguez,friend,27/11/2020 23:19
Joyce Crawford,liked_you,02/05/2020 06:04
Chad Gonzalez,liked_you,07/04/2021 07:27
Gina Moody,friend,02/12/2020 20:08
Leslie Smith,liked_you,30/11/2021 10:07
Alan Ruiz,friend,06/08/2020 23:24
Michael Wagner,liked_you,26/01/2021 23:23
Justin Simmons,friend,21/10/2020 03:32
Grant Olson,liked_you,11/05/2020 08:58
Stephanie Wilson,friend,17/01/2021 11:30
Melissa Anderson,liked_you,24/08/2020 21:40
Donald Carr,friend,24/08/2021 10:01
Kimberly Martinez,liked_you,15/11/2020 18:38
Michelle Brown,friend,30/01/2021 23:36
Alexis Medina,liked_you,15/12/2021 15:05
Kevin Fowler,liked_you,26/11/2021 18:37
Amanda Smith,friend,03/05/2020 23:44
Casey Carson,friend,28/11/2021 12:40
Shawn Long,liked_you,04/05/2021 23:52
James Brady,friend,29/06/2020 05:41
Mary Herrera,liked_you,22/04/2020 14:05
Bruce Roberts,liked_you,31/03/2021 11:41
Richard Mills,liked_you,17/05/2020 04:10
Jennifer Taylor,liked_you,10/06/2021 15:36
William Hernandez,liked_you,06/10/2020 11:40
Benjamin Ross,liked_you,15/06/2020 22:13
Mr. Andrew Blanchard DDS,friend,19/09/2021 11:34
Jennifer Munoz,friend,06/08/2021 09:19
Brittany Calderon,liked_you,23/05/2020 20:44
Stefanie Johnston,friend,14/06/2021 06:02
Kathleen Morgan,liked_you,05/09/2020 15:00
Richard Harris,friend,13/09/2020 10:31
Joseph Taylor,friend,13/08/2021 00:22
Miranda Mendez,friend,06/06/2021 08:45
Jasmine Andrews DDS,liked_you,01/05/2021 06:12
Jason Winters,friend,11/07/2021 00:35
Chad Garcia,friend,09/12/2020 15:01
Lisa Bennett,friend,29/12/2021 16:56
Robert Wells,friend,07/10/2021 07:40
Timothy Phelps,liked_you,06/07/2020 16:38
Jeffery Harvey,liked_you,30/06/2021 15:03
Cynthia Williams,liked_you,08/09/2020 02:20
Christopher Richardson,liked_you,29/11/2020 13:18
Melanie Sanchez,liked_you,12/06/2020 19:47
Kristen Haynes,friend,08/02/2021 11:09
Jessica Romero,liked_you,10/01/2021 03:42
Sheila Jones,liked_you,06/07/2021 13:51
John Miller,friend,11/12/2021 13:56
Hannah Garcia,liked_you,18/10/2020 06:49
Susan Castillo,liked_you,01/10/2020 23:12
Andrew Rice,liked_you,01/11/2021 02:18
Raymond Gould,friend,06/08/2021 14:06
James Blackburn,liked_you,01/09/2021 09:40
Mary Anderson,friend,17/09/2021 10:24
Douglas Brown,liked_you,09/05/2021 02:45
Jerome Gregory,friend,07/05/2021 14:12
James Lee,liked_you,27/12/2020 09:12
Kelly Lewis,friend,15/01/2021 14:52
