Name,Skipped at
David Thompson,17/12/2020 21:55
Jerry Meyers,04/07/2021 06:42
Raymond Munoz,02/09/2021 14:46
Brandon Lane,26/01/2021 12:26
Rachel Sloan,28/09/2020 10:56
Melissa Sanders,31/08/2020 04:41
Michael Sparks,08/10/2021 19:29
Daniel Guzman,27/05/2021 17:51
William Moore PhD,12/06/2020 02:27
Wesley Woods,26/12/2020 22:57
Bradley Barton,14/05/2021 17:44
Nicholas Walker,15/02/2021 16:14
Brad Oliver,19/01/2021 23:01
Edward Kim,03/07/2021 05:21
Kristine Allen,11/08/2021 06:43
Allison Brown,25/07/2020 19:37
Andre Evans,07/10/2020 17:55
Steven Adams,20/06/2021 19:10
Julie Ortiz,29/05/2020 07:41
Lauren Hall,05/09/2021 21:34
Nathan Vazquez,30/10/2020 10:15
Ivan Ruiz,25/11/2020 11:18
Dawn White,29/09/2020 15:44
Thomas Watkins,23/02/2021 23:25
Karen Dickson,27/08/2020 17:16
Kevin Salazar,29/06/2020 19:00
Michael Williams,10/11/2020 01:50
Mathew Freeman,26/05/2020 07:27
Renee Garza,05/03/2021 06:31
James Williams,14/03/2021 04:35
Christina Craig,06/03/2021 13:24
Melissa Lewis,07/07/2020 05:23
Gregory Wilson,29/09/2021 06:04
Garrett Thomas,19/11/2020 06:42
William Le,10/12/2020 09:41
Jessica Baker,22/10/2021 05:44
Aaron Bentley,25/08/2020 22:31
Brian Williamson,30/12/2021 11:23
Savannah Torres,11/08/2020 09:05
Steven Espinoza,28/06/2021 04:38
Gregory Moody,13/03/2021 04:01
Adam Pena,27/05/2020 13:12
Joseph Baldwin,13/12/2021 09:37
Christopher Anderson,30/06/2021 20:58
Mike Smith,09/07/2020 13:50
Ashley Barrera,14/03/2021 11:04
Jenny Newman,23/07/2021 10:30
Thomas Joseph,25/05/2021 03:17
Jonathan Smith,17/11/2021 19:08
David Hubbard,15/11/2020 10:53
Emily Jones,16/07/2020 10:21
Jonathan White,14/07/2020 03:37
Madison Martin,07/09/2020 15:23
Michael Alexander,08/01/2021 06:04
Kayla Schmidt,25/03/2021 16:19
Lauren Brown,22/10/2020 21:36
Victor Boyd,18/11/2020 16:37
Richard Simmons,18/02/2021 17:02
Darlene Braun,10/03/2021 16:45
Tracy Rice,19/05/2021 23:45
Maria Rush,02/07/2021 05:19
Steven Mccall,07/04/2021 20:54
Michael Mann,04/05/2021 19:54
Latoya Coffey,25/05/2020 14:32
Mary Williams,22/10/2021 07:10
Nathan Dalton,08/11/2020 23:19
David Gomez,13/10/2020 02:07
Laura Davis,19/12/2021 12:35
Amy Long,21/09/2021 13:03
Lucas Hopkins,02/06/2020 02:52
Brenda Mendez,20/10/2021 04:55
Anna Clements,09/09/2020 15:25
Brian Anderson,17/06/2021 23:57
Jacqueline Garza,07/04/2021 11:14
Samantha Beard,30/10/2021 10:49
Heather Castillo,02/05/2021 10:14
Laura Roman PhD,24/12/2020 18:11
Heather Jennings,26/04/2020 03:00
Tina Patel,30/05/2020 21:13
Jennifer Baker,07/08/2020 16:21
Brandon Holmes,28/12/2021 20:52
Brandon Douglas,31/10/2021 18:57
Darin Benitez,29/12/2021 08:25
Autumn Gibson,26/05/2021 00:17
Thomas Cooper,10/06/2021 03:50
David Bailey,23/11/2020 21:50
Gloria Roberts,03/07/2020 12:31
Dr. Eugene Stevens,27/03/2021 16:37
Mr. Darin Atkins,22/10/2020 14:24
Michael Evans,01/01/2021 11:17
Michelle Gonzalez,18/10/2021 22:05
Angela Thomas,10/07/2020 00:19
Amy Burgess,05/10/2021 12:02
Linda Dunlap,08/02/2021 20:55
Teresa Davis,02/03/2021 12:12
Christine Nelson,13/03/2021 05:16
Jennifer Braun,13/11/2021 14:17
Cheryl Montoya,11/03/2021 11:29
Emily Willis,09/09/2021 05:25
Joseph Smith,02/09/2020 05:32
Patricia Vaughan,28/07/2020 12:47
Alison Brown,11/08/2020 09:27
Rebecca Smith,07/05/2020 07:13
Jamie Harris,27/11/2020 22:01
Anna Williams,20/10/2021 11:55
Melvin Lewis,13/07/2020 19:48
Diana Lawson,31/05/2020 22:46
Justin White,20/07/2021 22:22
Cynthia Patton,15/09/2020 08:51
Kyle Lee,24/06/2020 21:08
Kimberly Salazar,09/07/2020 01:45
Patrick Burton,19/08/2021 08:42
Darin Larson,12/05/2021 22:47
Jasmine Cline,13/07/2021 23:05
Justin Spencer,07/02/2021 14:49
Eric Atkins,18/07/2020 14:10
Rebecca Hall,28/03/2021 05:30
Bradley Henderson,15/10/2021 17:02
Douglas Boyd,08/09/2020 11:39
Cory Morales,06/04/2021 21:35
Melissa Powell,09/07/2020 01:47
Andrew Rodgers,12/08/2020 19:22
Shaun Hartman,06/12/2021 23:59
Jamie Palmer,05/11/2020 16:16
Nicholas Lopez,13/07/2020 08:58
Randy Owens,23/07/2020 07:21
Mr. Rodney Love,03/04/2021 10:02
Kara Cook,05/08/2020 06:10
Michael Williamson,04/10/2020 23:15
Craig Haney,28/03/2021 19:15
Wendy Smith,21/08/2021 19:17
David Reese,31/07/2021 07:20
Calvin Phillips,08/12/2020 23:03
Karen King,31/03/2021 13:25
Harold Murillo,20/12/2021 05:51
Kristopher Miles,12/08/2020 06:13
William Chandler,29/08/2020 13:06
Joan Miller,11/04/2021 20:25
Leonard Levine,02/06/2021 13:35
Brent Garcia,17/03/2021 06:03
Brian Davis,13/08/2021 12:11
Monique Hall,02/10/2020 09:11
Micheal Andrews,30/07/2021 04:16
Steven Douglas,09/02/2021 01:57
Sharon Hunt,27/12/2021 11:07
Lawrence Sexton,30/06/2020 22:45
John Wyatt,26/01/2021 18:11
Matthew Greene,08/07/2021 23:19
Cameron Jones,17/10/2021 02:14
Scott Glover,11/06/2020 13:39
Lindsay Gonzalez,14/09/2020 18:06
Holly Coleman,23/01/2021 01:40
Ryan Foster,07/03/2021 19:27
Juan Johnson,01/09/2021 08:48
Jason Weeks,01/03/2021 08:16
Laura Ellis,16/06/2021 20:36
Patrick Simmons,24/09/2020 08:11
Teresa Valdez,25/05/2020 11:01
Eric Gregory,12/01/2021 01:33
Brittany Garza,26/09/2020 14:10
Paul Long,22/11/2021 08:04
Willie Johnson,16/10/2021 06:12
Dustin Santana,04/06/2020 22:18
Jenna Lopez,19/08/2020 06:09
Jessica Shaffer,29/07/2021 04:19
Robert Morgan,19/03/2021 22:40
Thomas Huang,19/09/2021 17:19
Rodney Henderson,11/04/2021 02:01
Sharon Walker,27/07/2020 06:01
Steven Irwin,21/06/2020 16:00
Matthew Patel,03/09/2020 18:03
Ashley Potter,01/09/2021 05:20
Andrew Nguyen,06/04/2021 09:27
Emily Adams,24/01/2021 08:03
David Caldwell,05/12/2021 09:43
Aaron Hernandez,14/02/2021 00:40
Amber Wright,13/03/2021 01:07
Connie Roberts,21/10/2021 19:05
Kristen Lloyd,29/04/2020 01:26
Kimberly Bell,11/03/2021 17:17
Samuel Sandoval,01/07/2020 11:43
Jennifer Patel,10/06/2020 17:33
Mrs. Allison Hurst,14/05/2020 17:41
Cynthia Richards,18/06/2021 20:13
Nicole Whitney,25/07/2020 15:24
Pamela Murphy,01/06/2021 01:19
John White,17/12/2021 22:36
Kathryn Rogers,04/08/2020 18:53
Amber Webster,04/01/2021 07:00
Monica Oconnor,26/02/2021 02:44
Julie Fleming,04/02/2021 05:25
Ryan Foster,02/11/2020 15:01
Jamie Baker,26/02/2021 17:30
Sabrina Ramos,17/03/2021 14:38
Marcia Gardner,24/10/2021 06:41
Justin Cummings,15/03/2021 01:33
Michele Robinson,27/12/2021 17:25
Ashley Edwards,15/06/2021 09:42
Elizabeth Brown,01/08/2021 13:33
Logan Greene,24/09/2020 02:22
Nicole Lee,29/08/2020 00:37
Ronald Davis,12/11/2021 02:13
Emily Wilson,21/09/2021 09:54
Crystal Johnson,10/06/2021 04:50
Mary Rich,11/06/2021 06:15
Patricia Pugh,28/12/2020 09:14
Sarah Stone,07/11/2021 21:44
Chad Franco,22/08/2020 03:10
Joe Jones,15/09/2021 22:51
Angela Meyer,05/06/2021 14:42
Regina Ellis,15/05/2021 13:43
Robert Clark,29/01/2021 20:43
Joseph Stein,28/07/2021 20:21
Jacob Haynes,24/12/2021 21:38
Danielle White,27/11/2020 04:04
Derrick Vaughn,19/10/2020 21:56
Amber Anderson,01/12/2020 15:48
Susan Heath,28/10/2020 17:57
James Joseph,17/06/2021 15:36
Tina Villa,14/11/2021 19:45
Lorraine Smith,08/01/2021 00:19
David Burton,15/10/2021 18:09
Michael Gonzalez,07/12/2021 13:43
Grace Taylor,05/10/2020 08:38
Samantha Baird,02/12/2020 01:53
Candace Cooper,04/10/2020 11:11
James Chapman,04/12/2021 04:25
Kevin Harper,18/06/2021 17:54
Brandon Bryant PhD,16/06/2021 13:37
Wanda Grimes,10/01/2021 05:30
Jill Marks,03/06/2021 01:38
Kathy Terry,28/06/2020 14:43
Andrea Miller,30/04/2020 01:05
Darryl Williams,23/11/2021 18:17
Cynthia Casey,03/12/2020 11:32
Tammy Bailey,19/05/2021 12:02
Rhonda Morgan,04/11/2020 08:09
Renee Holmes,03/12/2020 10:19
Jennifer Miller,23/10/2020 03:22
Paula Torres,29/09/2021 09:38
Michelle Morse,18/09/2021 21:03
Mr. Brandon Hopkins,16/08/2020 06:54
Alexander White,21/10/2021 19:12
Michael Mills,05/10/2020 15:34
Jessica Rios,17/06/2021 10:51
Christine Williams,17/05/2020 20:27
Lisa Harris,07/07/2020 01:33
Bethany Wilson,15/07/2021 09:21
Margaret Cox,23/05/2021 07:47
Gregory Mcfarland,25/09/2021 10:03
Lisa Mcdaniel,05/08/2021 14:19
Sydney Perry,23/11/2020 10:15
Gary Shaffer,06/06/2021 01:00
Anthony Stewart,22/12/2021 15:18
Blake Harmon,01/11/2021 08:25
Taylor Carr,07/06/2020 18:40
Eric Smith,22/11/2020 06:16
David West,27/04/2020 21:40
Katrina Prince,07/12/2021 04:50
Mikayla George,12/03/2021 18:27
Lori Johns,21/02/2021 12:40
James Martin,17/02/2021 22:35
Sandy Anderson,24/04/2021 08:33
Bryan Hunt,20/09/2020 22:33
Sandra Thompson,28/08/2021 08:43
Mr. Dakota Green,31/07/2021 06:23
Jacqueline Gray,26/05/2021 05:31
Martin Stout,04/11/2020 20:33
Regina Peterson,07/07/2020 18:15
James Kerr,07/01/2021 04:01
Austin Li,24/12/2021 17:35
Sherri Daniels,15/10/2020 01:23
David Rodriguez,03/09/2020 10:44
Rachel Howell,03/09/2021 20:59
Jennifer Watts,01/02/2021 19:09
Sandra Edwards,21/06/2021 22:18
Vanessa Allen,22/12/2020 05:28
Claire Walker,29/09/2020 17:25
Stacy Sharp,18/11/2021 17:04
Todd Villarreal,21/08/2020 02:32
Amanda Jensen,23/12/2020 10:25
Mark Nelson,07/07/2020 13:42
Tracy Williams,29/11/2020 07:02
Timothy Parker,18/06/2021 09:59
Michele Dudley,30/08/2020 12:41
Peter Hicks,26/04/2020 02:20
Spencer Perez,01/10/2021 18:10
George Valencia,10/02/2021 22:32
David Williams,18/01/2021 00:33
David Clark,19/12/2020 10:58
Dr. Anthony Thompson,03/04/2021 04:26
Matthew Vega,05/08/2020 08:31
Alexis Whitehead,06/01/2021 12:48
Darren Hernandez,25/10/2020 07:57
Sarah Baker,21/07/2021 16:52
Lucas Johnson,17/07/2020 09:43
Jacqueline Morrison,24/11/2020 05:56
Derrick Anderson,29/12/2020 01:19
Charles Cunningham,08/06/2021 21:48
Mallory Chapman,08/09/2020 15:36
Crystal Mcneil,27/07/2020 05:03
Mary Dudley,08/02/2021 05:51
Wanda Coffey,15/02/2021 05:10
Tammy Moore,26/04/2020 19:25
Brian Peterson,04/05/2021 11:02
Jennifer Rodriguez MD,07/08/2021 08:35
Bradley Hickman,30/11/2021 08:45
Sara Prince,03/09/2021 04:46
Michael Valdez,13/10/2021 13:03
Kenneth Hernandez,18/03/2021 09:33
Paula Pham,01/08/2021 22:44
Michael Reid,01/11/2020 00:13
George Moore,15/08/2021 07:59
Daniel Burns,26/12/2021 19:21
Elizabeth Rowe,03/01/2021 20:31
Adam Montgomery,01/06/2021 12:31
Chloe Harding,11/11/2021 01:22
John Gutierrez,15/05/2021 16:15
Maria Martin,01/08/2021 12:08
Kimberly Perez,28/08/2021 20:51
Jean Powell,26/04/2021 02:47
Jason Knox,11/10/2021 18:49
Patricia Scott,29/12/2021 09:06
Samantha Hayes,07/08/2021 11:32
Keith Moore,20/02/2021 11:48
James Conrad,08/10/2020 23:37
Gregory Dunn,14/11/2020 09:48
William Ortega,11/11/2020 02:47
Cody Mills,27/06/2020 12:22
Stephanie Powers,25/08/2021 13:57
Joseph Jackson,14/07/2020 23:37
Jeffrey Ballard,08/08/2021 09:56
Toni Williams,14/07/2021 16:30
Rebecca Malone,28/09/2020 19:33
Daniel Vaughn,08/12/2020 05:48
Denise Wilson,19/06/2021 15:48
James Lucero,16/09/2021 23:02
Ronald Arnold,31/05/2021 16:49
Brandon Williams,31/05/2021 20:03
Brandon Davis,18/09/2021 17:40
Mark Conner,17/07/2020 14:57
Nicole Lane,05/11/2021 09:36
Heather Welch,11/09/2021 12:14
Chelsea Dillon,25/06/2020 20:55
Jennifer Valenzuela,07/04/2021 22:57
Deanna Bailey,12/05/2021 23:50
Grant Williams,21/10/2021 06:58
Taylor Hampton,04/10/2020 01:46
Michael Collins,07/11/2020 16:22
Benjamin Wright,09/03/2021 02:25
Gloria James,03/09/2021 09:27
Debra Alvarado,08/06/2020 14:56
William Murray,05/12/2021 03:13
Renee Mills,12/02/2021 08:16
Monica Riley,21/12/2021 07:10
Christina Rivera,28/02/2021 22:41
Mr. Robert Harmon,18/07/2021 23:19
Sarah Gray,13/12/2021 20:36
Blake Sullivan,16/09/2020 01:14
Thomas Decker,06/01/2021 19:54
Christopher Williams,10/08/2020 17:16
Kristen Patterson,03/08/2020 05:14
Roger Walsh,18/07/2021 12:08
Laura Williams,15/04/2021 01:48
Stephen Wheeler,14/09/2021 19:55
Wendy Gordon,05/11/2020 00:06
Sandy Anderson,07/12/2020 10:19
Jeffrey Schultz,17/03/2021 10:26
William Martinez,28/07/2021 20:30
Michael Beasley,05/10/2020 07:30
Olivia Ortega,11/02/2021 16:06
Elizabeth Jones,31/08/2021 12:30
Ellen Bell,08/11/2020 11:31
Matthew Blevins,01/09/2021 14:36
Mark Cain,06/06/2020 10:02
Curtis Johnson,22/05/2021 16:54
Melissa Simmons,28/07/2020 03:56
Andre Smith,17/09/2021 21:29
David White,17/09/2021 06:07
Jill Peters,26/12/2021 19:17
Richard Price,19/11/2021 23:55
Alexis Hernandez,26/08/2020 22:28
Dawn Flores,09/10/2021 17:37
Patrick Dalton,01/09/2020 12:34
Christopher Evans,07/12/2020 13:39
Jessica Ruiz,21/11/2020 22:22
Stephanie Stokes,29/12/2020 10:06
Michelle Lester,10/10/2020 18:50
Sara Wall,01/12/2020 13:57
William Vincent,02/08/2020 04:35
Alexander Rich,13/02/2021 03:28
Cheryl Hurst,08/09/2021 21:20
Nicole Rose,09/07/2021 20:44
Melissa Kirk,19/10/2021 03:17
Madeline Walker,23/08/2021 12:24
Wanda Cannon,14/08/2020 14:05
Curtis Morrison,05/10/2021 12:42
Dillon Anderson,23/06/2020 01:27
Natalie Jordan,01/03/2021 00:37
Roy Sanchez,28/05/2021 14:23
William Lang,19/05/2021 08:28
Courtney Higgins,27/09/2020 16:54
Michelle Burton,14/09/2020 00:13
Jacob Sanchez,31/10/2021 05:01
John Ruiz,05/03/2021 21:48
Jonathan Smith,06/06/2020 08:58
Leroy Rivera,27/10/2021 01:29
Phillip Grimes,25/06/2021 01:06
Melissa Alvarez,10/12/2021 05:27
Joshua Harrison,14/02/2021 04:45
Jessica Macdonald,07/10/2021 04:40
Katherine Jackson,16/05/2020 22:09
Dr. Jason Kennedy DVM,16/05/2020 14:41
Paul Hayden,20/07/2020 01:43
Amy Roberts,16/11/2021 18:53
Sara Middleton,20/12/2021 00:46
Morgan Rogers,29/05/2021 13:58
Tyler Miles,07/06/2020 13:01
Victoria Phillips,09/09/2020 16:45
Thomas Russell,20/12/2020 22:45
Miranda Woods,22/02/2021 21:15
Scott Richardson,19/03/2021 04:41
Christopher May,16/11/2020 20:11
Amy Nguyen,19/02/2021 05:32
Peggy Hampton,01/01/2021 00:12
Nathan Reyes,29/11/2021 03:37
Katie Butler,29/06/2021 17:54
Jennifer Mccarthy,23/12/2021 14:55
Tiffany Torres,02/09/2020 11:51
Erika Anderson,15/01/2021 09:32
Catherine Barnes,08/07/2020 05:07
Jessica Smith,24/12/2021 15:00
Patricia Taylor,28/07/2020 01:33
Kyle Wallace,17/02/2021 15:41
Anne Reyes,18/02/2021 11:40
Darren Jimenez,12/08/2021 06:48
Keith Evans,14/05/2021 10:56
Patricia Stevenson,08/06/2021 12:05
Heather Estrada,13/10/2021 18:50
Kaitlin Jackson,10/01/2021 02:09
Alec Carter,08/05/2021 21:57
Mrs. Diane Cantu DVM,27/08/2020 02:36
Sophia Rush,15/11/2021 01:36
Joanna Mccarty,13/12/2020 13:28
Jonathan Reid,04/12/2021 08:18
Robert Huffman,18/12/2020 04:05
Deborah Jackson PhD,09/04/2021 20:14
Grant Bird,17/08/2020 20:26
Charles Figueroa,15/02/2021 07:09
Jeffrey Sims,25/09/2021 07:14
Elizabeth Stewart,07/01/2021 13:40
Jill Tran,21/09/2021 15:20
Charles Smith,02/02/2021 05:25
Chelsea Williams,24/04/2020 14:37
John Edwards,18/12/2021 02:20
Joseph Nelson,17/10/2020 19:01
Krista King,23/04/2021 21:57
Alejandro Webb,26/07/2020 17:24
Anna Hunt,01/06/2021 03:33
Monica Miller,19/09/2021 12:36
Jamie Torres,23/02/2021 10:19
David Brooks,02/10/2020 17:43
Julie Quinn,27/10/2020 05:54
Beth Robertson,19/12/2021 03:26
Frank Brown,18/12/2021 13:04
Eric Contreras,18/06/2020 05:21
Randy Anderson,29/06/2021 10:49
Stephanie Bridges,09/07/2021 12:03
Jonathan Pearson,23/11/2021 20:34
Todd Brown,21/09/2021 09:41
Carla Hernandez,11/09/2020 08:05
Steven Anderson,12/10/2020 14:10
Kevin Scott,16/12/2021 15:38
Elizabeth Walker,17/10/2020 03:17
Brandon Mcdonald,23/11/2021 23:31
Melissa Bennett,02/05/2020 21:45
Roy Mccarthy,07/04/2021 03:03
Nichole Whitaker,24/11/2020 06:23
Felicia Maddox,28/08/2020 02:01
Nancy Baker,29/08/2020 23:50
Kathleen Reed,15/09/2021 02:15
Kenneth Rios,03/11/2020 07:50
Melvin Nicholson,10/07/2021 12:03
Steven Burns,11/10/2021 01:31
Jennifer Cummings,11/09/2021 15:07
Shannon Smith,12/06/2020 03:50
Emma Dunn,12/04/2021 09:45
Ashley House,12/07/2021 21:09
Raven Lambert,22/10/2020 13:02
Michelle Arnold,30/05/2021 18:49
Daniel Bridges,06/06/2020 10:03
Dylan Scott,14/08/2021 08:16
Anthony Price,08/07/2020 05:24
Travis Williamson,30/03/2021 12:57
Ernest Ibarra,24/06/2020 21:56
Peter Garcia,29/03/2021 21:28
Eric Silva,12/10/2020 19:33
Glenn Andrews,21/10/2021 10:49
Ashley King,13/05/2021 12:50
Andrew Lee,20/12/2021 20:04
Matthew Harris,29/11/2020 07:38
Melissa Johnson,03/11/2020 21:02
James Ballard,21/08/2021 16:27
Antonio Yu,22/06/2021 15:25
Katherine Lawson,11/10/2020 10:25
Kristin Dawson,26/09/2021 13:39
Jessica Melton,09/03/2021 10:02
Michael Mitchell,17/10/2020 09:27
Rebecca Price,30/08/2020 22:47
Carly Graham,23/03/2021 21:38
Jordan Bean,11/07/2020 01:54
Daniel Boyer,17/10/2021 19:32
Christopher Lee,24/06/2021 05:06
Curtis Ford,24/11/2021 18:49
Stephanie Rogers,13/08/2020 04:36
Tracey Lara,15/02/2021 09:41
Carmen Clark,26/08/2020 14:49
Shawn Steele,08/05/2020 17:20
Jeff Chavez,20/04/2021 22:35
Matthew Brown,16/11/2020 22:23
Thomas Gibson,14/05/2020 09:19
Tammy Smith,06/11/2020 14:36
Crystal Paul,22/09/2021 05:59
Brianna Carrillo,30/06/2021 09:24
Tiffany Williams,01/08/2020 01:30
Penny Johnson,14/12/2020 08:35
Madison Edwards,10/04/2021 13:55
Charles Jacobs MD,06/02/2021 05:41
Alan Walker,25/01/2021 02:41
Tara Floyd,21/03/2021 15:41
Michelle Stafford,10/02/2021 05:34
Todd Hogan,18/10/2020 04:30
Amber Elliott,08/07/2021 07:44
Christopher Hendrix,03/09/2021 15:33
Anna Wood,22/05/2020 14:34
Sharon Chavez,21/07/2021 05:43
Charles White,10/10/2021 06:49
Andrew Huynh,17/04/2021 07:00
Samuel Moore,24/05/2020 02:23
Marilyn Rojas,25/07/2020 22:30
Patricia Jackson,03/03/2021 23:17
Brittney Howell,04/07/2020 12:17
Evelyn Jackson,31/12/2020 23:13
Briana Anderson,09/12/2020 06:54
Laurie Stuart,10/09/2021 12:43
Mark Potts,28/08/2020 00:37
Amy Perez,11/09/2020 00:03
Adam Knox,30/11/2021 04:02
Eileen Jackson,26/10/2020 23:25
Caroline Williams,04/02/2021 18:29
Kari Hill,25/01/2021 11:23
Jennifer Le,02/07/2020 04:01
Hunter Jones,30/12/2021 15:49
Molly Keith,29/03/2021 14:54
Stephanie Calhoun,20/06/2021 02:25
Cody Griffin II,24/12/2020 17:54
Angela Chaney,01/11/2020 00:15
Jill Gallagher,07/10/2020 05:26
Patricia Wong,30/05/2021 19:36
Dana Flores,23/09/2021 02:28
Carlos Franco,14/07/2021 01:41
Gabriel Austin,18/08/2021 12:23
Walter Harvey,12/11/2020 08:02
Jeffrey Berg,14/08/2021 22:14
Beth Fox,22/10/2020 15:38
Rebecca Floyd,27/03/2021 07:43
Nicole Holt,23/07/2020 18:29
Mary Erickson,03/07/2021 09:58
Melissa Downs,19/10/2020 21:17
Shannon Johnson,22/06/2021 07:11
Joseph Flores DDS,30/11/2020 04:26
Charles Porter,25/08/2021 11:01
Thomas Nichols,03/03/2021 04:41
Arthur Freeman,04/09/2021 00:17
Wendy Parker,18/04/2021 20:29
Phillip Martinez,24/01/2021 01:02
Theresa Williams,16/09/2020 15:49
Rebecca Dunn,14/06/2021 21:55
Robert Lester,09/08/2020 10:02
Randall Anderson,23/12/2021 00:09
Daniel Gomez,22/11/2020 02:37
Olivia Douglas,05/07/2020 16:10
Dakota Lopez,19/05/2021 09:16
Nicole Osborn,03/02/2021 03:32
Michelle Bartlett,16/04/2021 04:09
Gail Crane,11/05/2021 04:22
Diana Mullins,01/07/2021 22:41
Alexandria Dillon,14/02/2021 22:18
Sherri Ruiz,05/08/2021 17:31
Devin Arellano,17/04/2021 15:53
Shelley Decker,05/05/2021 19:35
Joseph Smith,05/03/2021 07:35
Jasmine Richardson,08/09/2021 19:12
Kelly Richardson,05/09/2020 21:24
Earl Taylor,07/04/2021 06:53
Catherine Navarro,06/11/2021 09:25
Richard Hartman,26/07/2020 02:58
Daniel Crawford,21/05/2021 11:34
Joseph Tucker,15/02/2021 17:31
Derek Harris,03/07/2020 00:30
Michael Collins,21/08/2020 23:09
Francisco Jones,22/11/2021 04:56
Christine Dominguez,18/10/2020 06:45
Douglas Lewis,24/09/2021 01:49
Karen Short,03/10/2021 05:56
Ryan Wright,27/12/2021 18:46
Nicholas Walker,18/10/2021 21:43
Zachary Richardson,10/03/2021 09:24
Gregory Castillo,25/08/2021 16:48
Tiffany Boyd,01/10/2021 13:57
Maria Russell,31/12/2020 20:42
David Mendoza,06/09/2021 22:01
David Gilbert,14/08/2020 22:03
Albert Lozano,03/08/2020 23:27
Joseph Fields,04/01/2021 19:39
Angela Carter,10/06/2021 10:28
Rhonda Hill,14/01/2021 14:43
Joshua Jenkins,24/09/2020 10:33
Daniel Sims,05/11/2021 17:21
Samuel Mooney,27/05/2020 06:15
Bryan King,25/03/2021 23:11
Katherine Travis,07/06/2021 00:24
Kelly Cruz,04/11/2020 01:38
Richard Robles,22/08/2021 05:06
James Stephenson,17/12/2020 18:59
Maria Woods,22/06/2020 06:06
Ronald Griffith,21/09/2020 11:19
Erik Brewer,17/09/2021 11:44
Aaron Williams,11/09/2021 13:43
Jay Holt,10/11/2020 01:47
Daniel Lara,05/03/2021 22:42
Alejandra Fuller,09/01/2021 06:27
Carolyn Shaw MD,03/08/2020 13:59
Michelle Anderson,01/10/2021 18:22
Kevin Mcknight,01/05/2020 15:19
Regina Phillips,07/09/2021 19:21
Sonya Rodriguez,28/11/2020 01:44
Rebecca White,07/06/2021 22:03
Mark Hodges,31/07/2020 21:24
Sierra Rice,15/12/2020 00:41
Jessica Roberts,18/11/2021 20:41
Lisa Jordan,18/01/2021 21:01
Nicole Calderon,16/05/2020 20:25
Terry Garcia,27/03/2021 08:38
Todd Reyes,04/02/2021 02:39
David Cook,23/06/2020 05:54
Richard Smith,23/08/2020 10:26
Kathleen Miller,28/12/2020 06:58
Christopher Keller,06/05/2020 04:00
Aaron Smith,21/05/2021 17:57
Pamela Newman,04/03/2021 03:59
Jason Savage,25/10/2021 06:42
Marissa Patterson,22/04/2021 02:11
Stephen Allen,18/06/2021 02:16
Madison Jones,27/06/2020 23:33
Michelle Day,14/06/2021 13:23
Anna Martin,19/07/2020 19:13
Dr. Edgar Guerra,23/04/2021 14:49
John Cummings,04/11/2020 01:00
Danny Lane,02/10/2020 20:28
Jonathon Weaver,01/02/2021 23:44
Donna Campbell,15/08/2020 08:23
Amanda Robles,13/11/2020 09:44
Justin Jordan,16/01/2021 07:10
Angel Hall,18/09/2020 20:16
Bradley Soto,14/04/2021 09:46
Stephanie Francis,03/07/2020 21:19
Gabriela Shaw,26/05/2021 20:44
Kevin Haynes,27/05/2021 06:30
Brandon Perkins,26/07/2021 17:25
David Holt,06/06/2021 13:49
Dr. Crystal Clark,29/06/2021 02:39
Timothy Solis,28/08/2020 06:20
Richard Mitchell,09/05/2021 01:20
Dr. Michael Miller DDS,18/05/2020 16:45
Kimberly Davis,14/10/2021 05:48
Crystal Peters,29/07/2020 17:37
Kevin Smith,16/06/2021 20:10
Johnny Bishop,10/06/2021 21:58
Marie Fox,30/09/2021 07:30
Rebecca Vargas,12/07/2020 07:56
Jay Ray,05/10/2020 20:45
Whitney Rodriguez,24/09/2021 07:29
Maria Vang,07/01/2021 06:37
Lisa Anderson,01/02/2021 17:47
David Todd,25/06/2021 11:22
Jeffery Walker,26/06/2021 22:08
Julie Wright,21/09/2021 23:52
Kirk Jacobs,29/04/2020 00:29
Marissa Lynch,31/07/2020 12:02
Paul Rodriguez,17/10/2021 05:25
Matthew Daniels,25/08/2020 12:17
Jamie Day,25/05/2020 18:10
Alan Banks,25/07/2020 19:50
Charles Riggs,23/03/2021 09:48
Rebecca Salazar,08/02/2021 20:53
Candace Peters,15/06/2020 12:18
Tammy Anderson,14/06/2021 19:33
Colleen Cook,17/10/2021 23:59
Tyler Thomas,09/07/2021 17:50
Richard Phillips,27/12/2020 19:46
Victoria Carroll,06/03/2021 01:49
Nicholas Warner,05/07/2020 00:25
Kimberly Lewis,14/11/2020 12:42
Kimberly Soto,04/02/2021 11:42
Mark Perez,22/07/2021 01:57
Christina Miller,09/11/2020 18:30
Emily Hodges,11/05/2021 23:40
Emily Roman,25/11/2020 07:43
Jessica Robles,19/02/2021 10:21
Courtney Rowe,23/11/2021 06:17
Brian Zimmerman,28/10/2020 20:33
Lori Conley,25/04/2021 18:59
Jacob Baker,11/05/2021 03:15
Brian Thompson,18/10/2020 16:30
Paul Jenkins,11/07/2020 21:40
Catherine Peterson,10/06/2020 19:08
Gabriel Scott,12/05/2021 10:23
Stephen Wright,03/10/2021 17:06
James Pacheco,04/09/2020 15:28
Terrance Lopez,21/12/2020 11:49
Stephen Mckinney,14/10/2020 18:23
Kevin Delgado,22/01/2021 07:58
Martha Sanchez,17/09/2021 09:22
Latasha Hayden,22/11/2020 20:32
Heather Villarreal,19/12/2020 03:48
Michael Rivas,27/05/2020 00:07
Andre Miles,28/05/2021 14:22
Anna Brown,18/06/2021 11:35
Dominique Stokes,30/05/2021 17:19
Robert Morse,29/03/2021 21:55
Sandra Johnson,01/07/2021 22:52
Kathryn Romero,24/12/2021 22:20
Jeremy Smith,28/03/2021 23:40
Dr. Melissa Tucker,27/08/2020 11:33
Katherine Espinoza,28/08/2020 05:16
Meredith Clark,12/08/2020 23:47
Marie Burke,24/01/2021 02:46
Nicholas Mitchell,26/01/2021 13:47
Joshua Torres,12/04/2021 20:19
Zoe Gilbert,20/08/2020 15:40
Gregory Cochran,12/01/2021 23:34
Mike Gutierrez,23/11/2021 16:51
Cindy Brown,23/06/2021 21:07
Earl Rodriguez,11/05/2021 18:56
Joseph Stanley,19/10/2021 22:01
Arthur Roberts,23/09/2021 03:27
Elizabeth Wells,30/04/2020 11:02
Arthur Ramirez,30/10/2020 02:33
Shannon Underwood,21/06/2020 03:58
Christopher Murray,25/06/2020 10:57
Shaun Smith,06/10/2021 00:22
Richard Jackson,27/06/2021 12:28
Micheal Carter,27/04/2021 22:51
Christine Lee,29/06/2020 12:10
Karen Brooks,13/09/2021 22:53
Nicholas Hernandez,21/05/2020 10:30
Joshua Willis,06/07/2020 02:32
Adam Fitzgerald,11/10/2021 18:01
Jessica Parker,12/11/2020 19:17
Steven Martinez,03/05/2021 03:14
Erik Anderson,19/05/2021 13:41
Jeffrey Gray,17/12/2020 13:47
Kimberly Jones,03/12/2021 11:39
Kristen Baker,08/08/2021 07:24
Jeffrey Roberson,20/06/2020 23:43
Lacey Lopez,29/06/2020 06:43
Lance Wood,30/12/2020 07:26
Victoria Nelson,27/09/2020 11:53
Bradley Adkins,22/10/2020 08:03
Barbara Richmond,05/02/2021 20:14
Linda Williams,09/03/2021 19:07
Heather Smith,25/03/2021 01:33
Ricardo Flores,07/08/2020 10:59
Tammy Santos,03/10/2021 07:04
Cheryl Mueller DVM,24/08/2021 00:10
Melinda Franklin,12/10/2020 10:14
Alex Thornton,02/10/2021 19:42
Robert Butler,22/08/2020 01:19
Christopher Mcdonald,16/02/2021 09:37
Jeremy Jimenez,29/01/2021 06:11
Jeffrey Phillips,26/01/2021 00:23
Julie Melendez,15/04/2021 17:43
Valerie Anderson,15/10/2021 01:46
Theresa White,19/11/2020 11:26
Jessica Haynes,23/02/2021 04:13
Jared Mcgee,23/11/2020 11:50
Paul Richards,15/01/2021 03:24
Mark Gardner,10/02/2021 05:01
Edgar Richards PhD,12/08/2020 11:48
Sylvia Allen,26/08/2020 17:40
Stephen King,17/12/2020 14:09
Jennifer Wagner,15/03/2021 23:26
Tony Davis,28/01/2021 02:17
Robert Jackson,12/06/2020 17:04
Edward Allen,25/07/2021 21:38
Edward Perkins,27/07/2021 21:46
John Williams,03/09/2021 02:28
Stephen Giles,01/11/2020 11:58
John Combs,26/03/2021 12:38
Todd Fry,15/12/2020 15:48
Mr. Craig Tyler,10/08/2020 15:58
Angela Greene,21/10/2020 10:44
Joyce Vazquez,08/02/2021 02:10
John Weber,05/09/2020 10:23
Rachel Brown,30/08/2020 10:53
Andrew Chase,04/06/2021 07:08
Bradley Bryan,02/12/2021 19:18
Dawn Wilson,14/05/2020 22:52
Michelle Johnson,24/06/2021 09:52
Jesus Roberts,30/11/2020 10:21
Kevin Campbell,13/07/2021 14:02
Wesley Smith,20/10/2020 21:16
Richard Ruiz,02/05/2020 05:55
Amber Horn,17/01/2021 09:37
Wesley Garcia,30/01/2021 17:13
Mr. Jeffery Christensen,16/11/2021 09:16
Connor Nguyen,30/11/2021 17:28
David Mcdonald,15/09/2021 09:49
Linda Ford,04/05/2020 13:42
Marie Owens,15/08/2021 01:08
Michelle Chapman,25/11/2021 00:47
Sara Clark,18/07/2021 01:27
Jessica Hudson,22/10/2021 04:44
Sara Harvey,26/10/2021 00:59
Dean Rodgers,15/04/2021 17:01
Jeffrey Spencer,24/06/2021 18:55
Seth Stephenson,18/10/2021 15:43
James Ball,30/10/2020 08:37
Derrick Alexander,26/11/2021 21:57
Todd Curry,14/01/2021 01:20
Sharon Solis,06/06/2021 03:20
Darren Howard,31/05/2020 20:46
Jeffrey Lee,30/05/2020 14:36
Ryan Hill,07/06/2021 12:30
Fred Bailey,27/12/2020 19:01
Stephanie Greer,11/09/2021 07:53
Julie Jordan,14/07/2020 22:49
Kerri Harris,27/10/2021 01:23
Adam Chapman,24/09/2021 05:29
Christopher Thornton,15/11/2020 20:55
Jeremy Ortiz,05/05/2021 17:32
Kim Scott,13/12/2020 23:15
Michael Cox,17/10/2021 07:36
Kimberly Jones,02/08/2020 15:12
Amanda Irwin,21/05/2021 14:29
John Cameron,19/05/2021 13:52
Suzanne Fleming,04/02/2021 17:17
Kayla Stephens,12/12/2021 18:13
Dawn Freeman,19/11/2021 22:06
Jasmine Williams,13/09/2020 16:18
Tracy Allen,09/07/2021 14:08
Brooke Cardenas,04/01/2021 22:31
Tara Clark,04/09/2020 10:35
Brittany Lawrence,30/09/2020 04:21
Maria Taylor,12/08/2021 09:28
Johnny Estrada,22/11/2020 23:58
Megan Reyes,30/01/2021 23:56
Sherri Lewis,30/03/2021 09:09
Alexis Hoffman,11/12/2021 13:38
Breanna Williamson,04/10/2021 22:33
Kelly Brown,20/01/2021 14:44
Ashley Marshall,18/05/2021 19:17
Richard Fowler,17/09/2021 18:55
Paul Watson,02/10/2020 23:45
Brianna Klein,25/05/2020 09:46
Donald Logan,14/02/2021 10:21
Kimberly Smith,02/09/2020 06:24
Mary Perez,10/11/2020 18:43
Xavier Reese,17/08/2020 08:14
Tasha Gonzalez,26/11/2020 09:00
Stephen Johnson,14/12/2021 02:10
Elizabeth Matthews,25/05/2021 07:20
Christine Smith,02/12/2020 06:04
Richard Griffith,28/01/2021 18:49
Amy Lawrence,05/02/2021 21:16
Herbert Baxter,19/05/2021 20:05
Sabrina Perez,22/08/2020 02:43
Antonio Le,04/04/2021 05:53
Tamara Arnold,21/10/2020 18:11
Kevin Howard,07/08/2020 22:20
Mitchell Lara,29/07/2020 14:26
Kelsey West,01/09/2020 20:50
Jill Rodgers,10/08/2020 05:37
Kelly David,07/06/2020 17:32
Lori Ward,09/10/2020 11:57
James Holland,10/10/2021 03:09
Jessica Mckenzie,22/03/2021 19:48
Stephanie Howard,28/12/2020 02:49
Jonathan Jackson,19/11/2021 02:46
Bianca Erickson,14/07/2021 08:53
Philip Kelley,01/07/2021 09:46
Brittany Matthews,10/12/2020 06:32
Kathleen Walker,29/09/2020 18:12
Andrew Adams,04/04/2021 09:14
Sean Brown,16/10/2021 15:47
Elizabeth Zhang MD,20/05/2021 20:45
Eric Robinson,23/03/2021 10:55
Nathan Acosta,23/02/2021 02:55
Paul Jackson,20/05/2020 18:49
John Jones,05/06/2020 23:15
Amanda Mason,31/01/2021 17:11
Dr. Julia Hunt DVM,13/10/2021 01:37
Donald Hartman,29/01/2021 09:19
Kristen Johnson,19/04/2021 13:38
Gary Brown,05/07/2020 05:28
Jennifer Price,17/06/2021 13:14
Steven Pope,22/04/2021 03:48
Anthony Hall,30/12/2020 16:30
Jeremy Price,24/11/2020 09:37
Ashley Wilkinson,01/11/2021 23:06
Richard Frazier,02/12/2020 03:33
Dr. Meghan Murphy DVM,29/11/2021 01:24
Keith Hernandez,01/07/2021 21:46
Lauren Anderson,04/03/2021 11:21
Robert Rose,06/09/2020 20:25
Julia Johnson,14/08/2021 12:48
Gabriel Todd,24/04/2021 17:14
Ashley Collins,15/10/2021 10:08
Susan David,02/07/2020 06:33
Evan Baldwin,17/11/2020 13:55
Suzanne Chase,30/08/2021 10:51
Makayla Martin,16/08/2020 20:38
Claire Hernandez,21/05/2021 12:31
William Ramirez,12/01/2021 04:06
Ashley Torres,10/08/2021 11:15
Joshua Travis,09/09/2020 17:05
Sarah Fuller,02/10/2021 08:17
Christopher Allen,30/09/2020 10:59
Craig Hancock,22/12/2020 20:15
Shane Mills,21/07/2020 13:40
Hannah Smith,03/07/2021 23:21
Heather Berger,17/09/2021 11:18
Emily Bolton,21/05/2021 01:26
Teresa Hall,23/11/2021 15:50
Jennifer Johnson,27/05/2020 08:59
Kevin Thomas,23/03/2021 08:01
David Barnes,17/10/2021 06:14
Amanda Wilson,30/09/2021 20:23
Steven Andersen,13/09/2021 13:32
Leslie Miller,13/10/2021 11:13
Dwayne Murphy,29/04/2020 11:42
James Pearson,14/09/2020 17:51
William Ellison,23/02/2021 16:15
Michael Perkins,28/07/2020 10:34
Kathleen Morgan,19/10/2020 03:54
Robin Ball,10/12/2021 04:17
Elizabeth Yu,08/07/2021 00:15
Gina Flores,06/07/2020 13:29
Kimberly Campbell,20/08/2020 08:20
Meagan Bowers,29/01/2021 10:08
Todd Prince,06/11/2021 21:28
Susan Harmon,20/02/2021 16:13
Jordan Taylor,24/09/2020 03:16
Jason Weaver,30/10/2020 13:03
Kevin Hutchinson PhD,07/04/2021 17:37
Travis Griffin,29/04/2021 23:26
David Richards,04/08/2020 20:55
Daniel Brown,26/05/2020 05:24
Johnny Henderson,05/11/2021 14:17
Anthony Brown,18/07/2020 07:39
Mark Warner,26/10/2020 04:04
Stephen Olson,14/06/2020 16:49
Gabrielle Trevino,14/08/2020 04:19
Lindsey Rice,20/09/2020 09:55
David Banks,05/04/2021 12:15
Melissa Stewart,23/07/2021 18:00
Lisa Brown,01/07/2020 14:14
Kimberly Benton,12/08/2020 23:13
Madison Mann,23/05/2021 06:01
Beth Shepherd,06/06/2020 05:17
Rebecca Campbell,11/07/2020 19:32
Samantha Bridges,07/09/2020 22:30
Nicole Davis,19/06/2021 01:27
Isabel Smith,17/08/2020 10:30
Mary Bell,13/05/2020 23:27
Kyle Franklin,05/12/2020 02:03
Alexandria Jarvis,20/08/2020 06:17
Maria Johnston,17/08/2021 09:33
Daniel Nash,25/10/2021 13:59
Mark Harris,01/03/2021 23:31
Dawn Alexander,14/11/2021 12:37
Jason Warren,08/07/2020 08:34
Laura Perez,01/01/2021 23:38
Anthony Martin,02/10/2021 11:41
Aaron Mendez,31/07/2020 05:03
John Sanchez,26/04/2021 18:15
Kenneth Evans,23/04/2020 05:57
James Torres,03/06/2020 15:50
Chad Mcpherson,26/03/2021 13:58
Kimberly Rangel,03/02/2021 14:56
Theresa Miller,16/12/2021 13:58
Michael Rasmussen,10/10/2021 01:47
Emily Leach,11/05/2021 06:56
Christine Baker,13/05/2021 05:13
Amanda Wright,24/02/2021 05:20
Chad Nelson,19/03/2021 05:50
Troy Morris,03/12/2020 16:44
Casey Valdez,04/09/2020 14:38
Tiffany Marshall,28/05/2020 04:23
