city_id;amount_local;currency_code;classification;category;recognize_timestamp_local
3;-4.25;EUR;intermediary.commission;commission;2021-02-28 23:17:18
3;17.0;EUR;transport.fare.driver_upfront_fare;driver_payment_fares;2021-02-28 23:17:18
3;-1.55;EUR;transport.tax.vat;tax;2021-02-28 23:17:18
3;1.55;EUR;transport.tax.vat;tax;2021-02-28 23:17:18
3;1.0;EUR;transport.misc.tip;tip;2021-02-28 23:17:18
3;-2.25;EUR;transport.tax.vat;tax;2021-02-28 22:34:47
3;2.25;EUR;transport.tax.vat;tax;2021-02-28 22:34:47
3;2.0;EUR;transport.misc.tip;tip;2021-02-28 22:34:47
3;-6.07;EUR;intermediary.commission;commission;2021-02-28 22:34:47
3;24.28;EUR;transport.fare.driver_upfront_fare;driver_payment_fares;2021-02-28 22:34:47
3;2.18;EUR;transport.tax.vat;tax;2021-02-28 21:14:36
3;-5.89;EUR;intermediary.commission;commission;2021-02-28 21:14:36
3;23.57;EUR;transport.fare.driver_upfront_fare;driver_payment_fares;2021-02-28 21:14:36
3;-2.18;EUR;transport.tax.vat;tax;2021-02-28 21:14:36
3;1.0;EUR;transport.misc.tip;tip;2021-02-28 21:14:36
3;0.81;EUR;transport.tax.vat;tax;2021-02-28 20:49:44
3;8.93;EUR;transport.fare.driver_upfront_fare;driver_payment_fares;2021-02-28 20:49:44
3;-2.23;EUR;intermediary.commission;commission;2021-02-28 20:49:44
3;-0.81;EUR;transport.tax.vat;tax;2021-02-28 20:49:44
3;1.84;EUR;transport.tax.vat;tax;2021-02-28 20:29:04
3;-5.05;EUR;intermediary.commission;commission;2021-02-28 20:29:04
3;-1.84;EUR;transport.tax.vat;tax;2021-02-28 20:29:04
3;20.21;EUR;transport.fare.driver_upfront_fare;driver_payment_fares;2021-02-28 20:29:04
3;-5.38;EUR;intermediary.commission;commission;2021-02-28 19:35:32
3;1.95;EUR;transport.tax.vat;tax;2021-02-28 19:35:32
3;21.5;EUR;transport.fare.driver_upfront_fare;driver_payment_fares;2021-02-28 19:35:32
3;-1.95;EUR;transport.tax.vat;tax;2021-02-28 19:35:32
3;12.14;EUR;transport.fare.driver_upfront_fare;driver_payment_fares;2021-02-28 19:07:37
3;-1.1;EUR;transport.tax.vat;tax;2021-02-28 19:07:37
3;-3.04;EUR;intermediary.commission;commission;2021-02-28 19:07:37
3;1.1;EUR;transport.tax.vat;tax;2021-02-28 19:07:37
3;-3.08;EUR;transport.tax.vat;tax;2021-02-28 14:30:00
3;1.2;EUR;transport.fare.base;driver_payment_fares;2021-02-28 14:30:00
3;23.86;EUR;transport.fare.distance;driver_payment_fares;2021-02-28 14:30:00
3;3.08;EUR;transport.tax.vat;tax;2021-02-28 14:30:00
3;-8.47;EUR;intermediary.commission;commission;2021-02-28 14:30:00
3;8.81;EUR;transport.fare.time;driver_payment_fares;2021-02-28 14:30:00
3;-4.05;EUR;transport.tax.vat;tax;2021-02-28 13:33:20
3;4.05;EUR;transport.tax.vat;tax;2021-02-28 13:33:20
3;-10.91;EUR;intermediary.commission;commission;2021-02-28 13:33:20
3;43.65;EUR;transport.fare.driver_upfront_fare;driver_payment_fares;2021-02-28 13:33:20
3;2.0;EUR;transport.misc.tip;tip;2021-02-28 04:48:47
3;18.64;EUR;transport.fare.driver_upfront_fare;driver_payment_fares;2021-02-28 04:48:47
3;-1.69;EUR;transport.tax.vat;tax;2021-02-28 04:48:47
3;1.69;EUR;transport.tax.vat;tax;2021-02-28 04:48:47
3;-4.66;EUR;intermediary.commission;commission;2021-02-28 04:48:47
3;-1.33;EUR;transport.tax.vat;tax;2021-02-28 04:28:54
3;-3.59;EUR;intermediary.commission;commission;2021-02-28 04:28:54
3;1.33;EUR;transport.tax.vat;tax;2021-02-28 04:28:54
3;14.37;EUR;transport.fare.driver_upfront_fare;driver_payment_fares;2021-02-28 04:28:54
3;1.15;EUR;transport.tax.vat;tax;2021-02-28 04:06:28
3;-3.17;EUR;intermediary.commission;commission;2021-02-28 04:06:28
3;12.68;EUR;transport.fare.driver_upfront_fare;driver_payment_fares;2021-02-28 04:06:28
3;-1.15;EUR;transport.tax.vat;tax;2021-02-28 04:06:28
3;-1.26;EUR;transport.tax.vat;tax;2021-02-28 03:33:34
3;-3.48;EUR;intermediary.commission;commission;2021-02-28 03:33:34
3;1.26;EUR;transport.tax.vat;tax;2021-02-28 03:33:34
3;13.9;EUR;transport.fare.driver_upfront_fare;driver_payment_fares;2021-02-28 03:33:34
3;-0.65;EUR;transport.tax.vat;tax;2021-02-28 03:20:31
3;-1.78;EUR;intermediary.commission;commission;2021-02-28 03:20:31
3;7.12;EUR;transport.fare.driver_upfront_fare;driver_payment_fares;2021-02-28 03:20:31
3;0.65;EUR;transport.tax.vat;tax;2021-02-28 03:20:31
3;12.16;EUR;transport.fare.driver_upfront_fare;driver_payment_fares;2021-02-28 02:15:20
3;1.11;EUR;transport.tax.vat;tax;2021-02-28 02:15:20
3;-3.04;EUR;intermediary.commission;commission;2021-02-28 02:15:20
3;-1.11;EUR;transport.tax.vat;tax;2021-02-28 02:15:20
3;-2.66;EUR;transport.tax.vat;tax;2021-02-28 01:42:42
3;-7.3;EUR;intermediary.commission;commission;2021-02-28 01:42:42
3;2.66;EUR;transport.tax.vat;tax;2021-02-28 01:42:42
3;29.21;EUR;transport.fare.driver_upfront_fare;driver_payment_fares;2021-02-28 01:42:42
3;3.03;EUR;transport.tax.vat;tax;2021-02-28 01:00:27
3;-3.03;EUR;transport.tax.vat;tax;2021-02-28 01:00:27
3;-8.18;EUR;intermediary.commission;commission;2021-02-28 01:00:27
3;32.71;EUR;transport.fare.driver_upfront_fare;driver_payment_fares;2021-02-28 01:00:27
3;2.0;EUR;transport.misc.tip;tip;2021-02-28 00:35:00
3;1.2;EUR;transport.fare.base;driver_payment_fares;2021-02-28 00:35:00
3;-4.68;EUR;intermediary.commission;commission;2021-02-28 00:35:00
3;1.73;EUR;transport.tax.vat;tax;2021-02-28 00:35:00
3;10.46;EUR;transport.fare.distance;driver_payment_fares;2021-02-28 00:35:00
3;7.04;EUR;transport.fare.time;driver_payment_fares;2021-02-28 00:35:00
3;-1.73;EUR;transport.tax.vat;tax;2021-02-28 00:35:00
3;-1.17;EUR;transport.tax.vat;tax;2021-02-28 00:04:48
3;12.9;EUR;transport.fare.driver_upfront_fare;driver_payment_fares;2021-02-28 00:04:48
3;-3.23;EUR;intermediary.commission;commission;2021-02-28 00:04:48
3;1.17;EUR;transport.tax.vat;tax;2021-02-28 00:04:48
3;-4.23;EUR;intermediary.commission;commission;2021-02-27 23:40:00
3;1.56;EUR;transport.tax.vat;tax;2021-02-27 23:40:00
3;16.91;EUR;transport.fare.driver_upfront_fare;driver_payment_fares;2021-02-27 23:40:00
3;-1.56;EUR;transport.tax.vat;tax;2021-02-27 23:40:00
3;9.16;EUR;transport.fare.driver_upfront_fare;driver_payment_fares;2021-02-27 23:23:37
3;0.83;EUR;transport.tax.vat;tax;2021-02-27 23:23:37
3;-0.83;EUR;transport.tax.vat;tax;2021-02-27 23:23:37
3;-2.29;EUR;intermediary.commission;commission;2021-02-27 23:23:37
3;21.03;EUR;transport.fare.driver_upfront_fare;driver_payment_fares;2021-02-27 22:55:23
3;-5.26;EUR;intermediary.commission;commission;2021-02-27 22:55:23
3;-1.94;EUR;transport.tax.vat;tax;2021-02-27 22:55:23
3;1.94;EUR;transport.tax.vat;tax;2021-02-27 22:55:23
3;-12.96;EUR;intermediary.commission;commission;2021-02-27 17:25:56
3;49.62;EUR;transport.fare.driver_upfront_fare;driver_payment_fares;2021-02-27 17:25:56
3;-4.71;EUR;transport.tax.vat;tax;2021-02-27 17:25:56
3;4.71;EUR;transport.tax.vat;tax;2021-02-27 17:25:56
3;2.23;EUR;transport.fare.charges.wait_time;driver_payment_charges;2021-02-27 17:25:56
3;-5.17;EUR;intermediary.commission;commission;2021-02-27 16:26:00
3;1.88;EUR;transport.tax.vat;tax;2021-02-27 16:26:00
3;-1.88;EUR;transport.tax.vat;tax;2021-02-27 16:26:00
3;20.66;EUR;transport.fare.driver_upfront_fare;driver_payment_fares;2021-02-27 16:26:00
3;2.0;EUR;transport.misc.tip;tip;2021-02-27 15:55:09
3;-1.13;EUR;transport.tax.vat;tax;2021-02-27 15:55:09
3;12.38;EUR;transport.fare.driver_upfront_fare;driver_payment_fares;2021-02-27 15:55:09
3;-3.1;EUR;intermediary.commission;commission;2021-02-27 15:55:09
3;1.13;EUR;transport.tax.vat;tax;2021-02-27 15:55:09
3;-5.5;EUR;intermediary.commission;commission;2021-02-27 15:01:18
3;-2.02;EUR;transport.tax.vat;tax;2021-02-27 15:01:18
3;22.0;EUR;transport.fare.driver_upfront_fare;driver_payment_fares;2021-02-27 15:01:18
3;5.0;EUR;transport.misc.tip;tip;2021-02-27 15:01:18
3;2.02;EUR;transport.tax.vat;tax;2021-02-27 15:01:18
3;29.93;EUR;transport.fare.driver_upfront_fare;driver_payment_fares;2021-02-27 14:19:18
3;2.72;EUR;transport.tax.vat;tax;2021-02-27 14:19:18
3;-7.48;EUR;intermediary.commission;commission;2021-02-27 14:19:18
3;-2.72;EUR;transport.tax.vat;tax;2021-02-27 14:19:18
3;-2.89;EUR;intermediary.commission;commission;2021-02-27 13:22:30
3;11.57;EUR;transport.fare.driver_upfront_fare;driver_payment_fares;2021-02-27 13:22:30
3;-1.05;EUR;transport.tax.vat;tax;2021-02-27 13:22:30
3;1.05;EUR;transport.tax.vat;tax;2021-02-27 13:22:30
3;-1.68;EUR;transport.tax.vat;tax;2021-02-27 12:20:04
3;18.44;EUR;transport.fare.driver_upfront_fare;driver_payment_fares;2021-02-27 12:20:04
3;1.68;EUR;transport.tax.vat;tax;2021-02-27 12:20:04
3;-4.61;EUR;intermediary.commission;commission;2021-02-27 12:20:04
3;0.65;EUR;transport.tax.vat;tax;2021-02-27 03:11:24
3;-1.78;EUR;intermediary.commission;commission;2021-02-27 03:11:24
3;-0.65;EUR;transport.tax.vat;tax;2021-02-27 03:11:24
3;7.1;EUR;transport.fare.driver_upfront_fare;driver_payment_fares;2021-02-27 03:11:24
3;-2.2;EUR;intermediary.commission;commission;2021-02-27 02:40:42
3;0.8;EUR;transport.tax.vat;tax;2021-02-27 02:40:42
3;8.8;EUR;transport.fare.driver_upfront_fare;driver_payment_fares;2021-02-27 02:40:42
3;-0.8;EUR;transport.tax.vat;tax;2021-02-27 02:40:42
3;-1.74;EUR;transport.tax.vat;tax;2021-02-27 02:12:18
3;18.5;EUR;transport.fare.driver_upfront_fare;driver_payment_fares;2021-02-27 02:12:18
3;1.74;EUR;transport.tax.vat;tax;2021-02-27 02:12:18
3;0.37;EUR;transport.fare.charges.wait_time;driver_payment_charges;2021-02-27 02:12:18
3;-4.72;EUR;intermediary.commission;commission;2021-02-27 02:12:18
3;2.18;EUR;transport.tax.vat;tax;2021-02-27 01:11:30
3;0.89;EUR;transport.fare.charges.wait_time;driver_payment_charges;2021-02-27 01:11:30
3;-2.18;EUR;transport.tax.vat;tax;2021-02-27 01:11:30
3;22.64;EUR;transport.fare.driver_upfront_fare;driver_payment_fares;2021-02-27 01:11:30
3;-5.88;EUR;intermediary.commission;commission;2021-02-27 01:11:30
3;-2.96;EUR;intermediary.commission;commission;2021-02-27 00:48:33
3;11.85;EUR;transport.fare.driver_upfront_fare;driver_payment_fares;2021-02-27 00:48:33
3;-1.09;EUR;transport.tax.vat;tax;2021-02-27 00:48:33
3;1.09;EUR;transport.tax.vat;tax;2021-02-27 00:48:33
3;-2.49;EUR;intermediary.commission;commission;2021-02-27 00:14:42
3;0.92;EUR;transport.tax.vat;tax;2021-02-27 00:14:42
3;-0.92;EUR;transport.tax.vat;tax;2021-02-27 00:14:42
3;9.96;EUR;transport.fare.driver_upfront_fare;driver_payment_fares;2021-02-27 00:14:42
3;-1.84;EUR;intermediary.commission;commission;2021-02-26 23:39:19
3;7.34;EUR;transport.fare.driver_upfront_fare;driver_payment_fares;2021-02-26 23:39:19
3;0.67;EUR;transport.tax.vat;tax;2021-02-26 23:39:19
3;-0.67;EUR;transport.tax.vat;tax;2021-02-26 23:39:19
3;3.33;EUR;transport.tax.vat;tax;2021-02-26 23:00:00
3;-9.16;EUR;intermediary.commission;commission;2021-02-26 23:00:00
3;10.35;EUR;transport.fare.time;driver_payment_fares;2021-02-26 23:00:00
3;23.57;EUR;transport.fare.distance;driver_payment_fares;2021-02-26 23:00:00
3;1.2;EUR;transport.fare.base;driver_payment_fares;2021-02-26 23:00:00
3;1.53;EUR;transport.fare.charges.wait_time;driver_payment_charges;2021-02-26 23:00:00
3;1.0;EUR;transport.misc.tip;tip;2021-02-26 23:00:00
3;-3.33;EUR;transport.tax.vat;tax;2021-02-26 23:00:00
3;12.77;EUR;transport.fare.driver_upfront_fare;driver_payment_fares;2021-02-26 20:37:32
3;1.16;EUR;transport.tax.vat;tax;2021-02-26 20:37:32
3;-1.16;EUR;transport.tax.vat;tax;2021-02-26 20:37:32
3;-3.19;EUR;intermediary.commission;commission;2021-02-26 20:37:32
3;-1.55;EUR;transport.tax.vat;tax;2021-02-26 19:25:44
3;-4.27;EUR;intermediary.commission;commission;2021-02-26 19:25:44
3;1.55;EUR;transport.tax.vat;tax;2021-02-26 19:25:44
3;17.07;EUR;transport.fare.driver_upfront_fare;driver_payment_fares;2021-02-26 19:25:44
3;1.32;EUR;transport.tax.vat;tax;2021-02-26 18:57:13
3;14.55;EUR;transport.fare.driver_upfront_fare;driver_payment_fares;2021-02-26 18:57:13
3;-3.64;EUR;intermediary.commission;commission;2021-02-26 18:57:13
3;-1.32;EUR;transport.tax.vat;tax;2021-02-26 18:57:13
3;-4.1;EUR;intermediary.commission;commission;2021-02-26 17:31:30
3;16.39;EUR;transport.fare.driver_upfront_fare;driver_payment_fares;2021-02-26 17:31:30
3;-1.51;EUR;transport.tax.vat;tax;2021-02-26 17:31:30
3;1.51;EUR;transport.tax.vat;tax;2021-02-26 17:31:30
3;12.36;EUR;transport.fare.driver_upfront_fare;driver_payment_fares;2021-02-26 15:30:27
3;1.12;EUR;transport.tax.vat;tax;2021-02-26 15:30:27
3;-1.12;EUR;transport.tax.vat;tax;2021-02-26 15:30:27
3;-3.09;EUR;intermediary.commission;commission;2021-02-26 15:30:27
3;22.86;EUR;transport.fare.driver_upfront_fare;driver_payment_fares;2021-02-26 14:47:45
3;2.08;EUR;transport.tax.vat;tax;2021-02-26 14:47:45
3;-5.72;EUR;intermediary.commission;commission;2021-02-26 14:47:45
3;-2.08;EUR;transport.tax.vat;tax;2021-02-26 14:47:45
3;-4.5;EUR;intermediary.commission;commission;2021-02-26 14:03:45
3;1.66;EUR;transport.tax.vat;tax;2021-02-26 14:03:45
3;-1.66;EUR;transport.tax.vat;tax;2021-02-26 14:03:45
3;17.98;EUR;transport.fare.driver_upfront_fare;driver_payment_fares;2021-02-26 14:03:45
3;-4.2;EUR;intermediary.commission;commission;2021-02-26 12:58:13
3;16.79;EUR;transport.fare.driver_upfront_fare;driver_payment_fares;2021-02-26 12:58:13
3;1.53;EUR;transport.tax.vat;tax;2021-02-26 12:58:13
3;-1.53;EUR;transport.tax.vat;tax;2021-02-26 12:58:13
3;-2.44;EUR;transport.tax.vat;tax;2021-02-26 10:27:36
3;-6.72;EUR;intermediary.commission;commission;2021-02-26 10:27:36
3;0.78;EUR;transport.fare.charges.wait_time;driver_payment_charges;2021-02-26 10:27:36
3;2.44;EUR;transport.tax.vat;tax;2021-02-26 10:27:36
3;26.1;EUR;transport.fare.driver_upfront_fare;driver_payment_fares;2021-02-26 10:27:36
3;2.05;EUR;transport.tax.vat;tax;2021-02-26 08:58:03
3;-5.55;EUR;intermediary.commission;commission;2021-02-26 08:58:03
3;-2.05;EUR;transport.tax.vat;tax;2021-02-26 08:58:03
3;22.18;EUR;transport.fare.driver_upfront_fare;driver_payment_fares;2021-02-26 08:58:03
3;-1.31;EUR;transport.tax.vat;tax;2021-02-25 19:04:39
3;14.39;EUR;transport.fare.driver_upfront_fare;driver_payment_fares;2021-02-25 19:04:39
3;1.31;EUR;transport.tax.vat;tax;2021-02-25 19:04:39
3;-3.6;EUR;intermediary.commission;commission;2021-02-25 19:04:39
3;-2.72;EUR;intermediary.commission;commission;2021-02-25 18:13:24
3;10.87;EUR;transport.fare.driver_upfront_fare;driver_payment_fares;2021-02-25 18:13:24
3;-0.99;EUR;transport.tax.vat;tax;2021-02-25 18:13:24
3;0.99;EUR;transport.tax.vat;tax;2021-02-25 18:13:24
3;-1.5;EUR;intermediary.commission;commission;2021-02-25 17:52:41
3;0.55;EUR;transport.tax.vat;tax;2021-02-25 17:52:41
3;6.0;EUR;transport.fare.driver_upfront_fare;driver_payment_fares;2021-02-25 17:52:41
3;-0.55;EUR;transport.tax.vat;tax;2021-02-25 17:52:41
3;0.74;EUR;transport.tax.vat;tax;2021-02-25 17:38:21
3;-0.74;EUR;transport.tax.vat;tax;2021-02-25 17:38:21
3;-2.03;EUR;intermediary.commission;commission;2021-02-25 17:38:21
3;8.1;EUR;transport.fare.driver_upfront_fare;driver_payment_fares;2021-02-25 17:38:21
3;-2.78;EUR;intermediary.commission;commission;2021-02-25 17:01:19
3;-1.01;EUR;transport.tax.vat;tax;2021-02-25 17:01:19
3;11.13;EUR;transport.fare.driver_upfront_fare;driver_payment_fares;2021-02-25 17:01:19
3;1.01;EUR;transport.tax.vat;tax;2021-02-25 17:01:19
3;8.58;EUR;transport.fare.driver_upfront_fare;driver_payment_fares;2021-02-25 15:39:39
3;-2.15;EUR;intermediary.commission;commission;2021-02-25 15:39:39
3;0.78;EUR;transport.tax.vat;tax;2021-02-25 15:39:39
3;-0.78;EUR;transport.tax.vat;tax;2021-02-25 15:39:39
3;36.03;EUR;transport.fare.driver_upfront_fare;driver_payment_fares;2021-02-25 14:45:08
3;3.33;EUR;transport.tax.vat;tax;2021-02-25 14:45:08
3;-9.01;EUR;intermediary.commission;commission;2021-02-25 14:45:08
3;-3.33;EUR;transport.tax.vat;tax;2021-02-25 14:45:08
3;1.45;EUR;transport.tax.vat;tax;2021-02-25 12:37:32
3;-3.98;EUR;intermediary.commission;commission;2021-02-25 12:37:32
3;15.92;EUR;transport.fare.driver_upfront_fare;driver_payment_fares;2021-02-25 12:37:32
3;-1.45;EUR;transport.tax.vat;tax;2021-02-25 12:37:32
3;21.39;EUR;transport.fare.driver_upfront_fare;driver_payment_fares;2021-02-25 06:21:03
3;-5.35;EUR;intermediary.commission;commission;2021-02-25 06:21:03
3;-1.98;EUR;transport.tax.vat;tax;2021-02-25 06:21:03
3;1.98;EUR;transport.tax.vat;tax;2021-02-25 06:21:03
3;0.64;EUR;transport.tax.vat;tax;2021-02-25 05:44:31
3;-0.64;EUR;transport.tax.vat;tax;2021-02-25 05:44:31
3;-1.74;EUR;intermediary.commission;commission;2021-02-25 05:44:31
3;6.97;EUR;transport.fare.driver_upfront_fare;driver_payment_fares;2021-02-25 05:44:31
3;-1.44;EUR;transport.tax.vat;tax;2021-02-25 05:30:00
3;9.34;EUR;transport.fare.distance;driver_payment_fares;2021-02-25 05:30:00
3;1.2;EUR;transport.fare.base;driver_payment_fares;2021-02-25 05:30:00
3;5.08;EUR;transport.fare.time;driver_payment_fares;2021-02-25 05:30:00
3;-3.91;EUR;intermediary.commission;commission;2021-02-25 05:30:00
3;1.44;EUR;transport.tax.vat;tax;2021-02-25 05:30:00
3;-0.55;EUR;transport.tax.vat;tax;2021-02-25 05:03:28
3;-1.5;EUR;intermediary.commission;commission;2021-02-25 05:03:28
3;0.55;EUR;transport.tax.vat;tax;2021-02-25 05:03:28
3;6.0;EUR;transport.fare.driver_upfront_fare;driver_payment_fares;2021-02-25 05:03:28
3;2.74;EUR;transport.tax.vat;tax;2021-02-24 21:30:00
3;-7.42;EUR;intermediary.commission;commission;2021-02-24 21:30:00
3;15.93;EUR;transport.fare.distance;driver_payment_fares;2021-02-24 21:30:00
3;1.2;EUR;transport.fare.base;driver_payment_fares;2021-02-24 21:30:00
3;-2.74;EUR;transport.tax.vat;tax;2021-02-24 21:30:00
3;12.55;EUR;transport.fare.time;driver_payment_fares;2021-02-24 21:30:00
3;-1.68;EUR;transport.tax.vat;tax;2021-02-24 20:22:32
3;18.23;EUR;transport.fare.driver_upfront_fare;driver_payment_fares;2021-02-24 20:22:32
3;-4.56;EUR;intermediary.commission;commission;2021-02-24 20:22:32
3;1.68;EUR;transport.tax.vat;tax;2021-02-24 20:22:32
3;-2.11;EUR;transport.tax.vat;tax;2021-02-24 19:23:19
3;-5.79;EUR;intermediary.commission;commission;2021-02-24 19:23:19
3;2.11;EUR;transport.tax.vat;tax;2021-02-24 19:23:19
3;23.16;EUR;transport.fare.driver_upfront_fare;driver_payment_fares;2021-02-24 19:23:19
3;6.04;EUR;transport.fare.driver_upfront_fare;driver_payment_fares;2021-02-24 18:30:57
3;-0.55;EUR;transport.tax.vat;tax;2021-02-24 18:30:57
3;-1.51;EUR;intermediary.commission;commission;2021-02-24 18:30:57
3;0.55;EUR;transport.tax.vat;tax;2021-02-24 18:30:57
3;-2.45;EUR;intermediary.commission;commission;2021-02-24 17:37:49
3;-0.9;EUR;transport.tax.vat;tax;2021-02-24 17:37:49
3;0.9;EUR;transport.tax.vat;tax;2021-02-24 17:37:49
3;9.78;EUR;transport.fare.driver_upfront_fare;driver_payment_fares;2021-02-24 17:37:49
3;-4.13;EUR;transport.tax.vat;tax;2021-02-24 15:54:44
3;44.59;EUR;transport.fare.driver_upfront_fare;driver_payment_fares;2021-02-24 15:54:44
3;4.13;EUR;transport.tax.vat;tax;2021-02-24 15:54:44
3;-11.15;EUR;intermediary.commission;commission;2021-02-24 15:54:44
3;-3.3;EUR;intermediary.commission;commission;2021-02-24 00:06:24
3;-1.22;EUR;transport.tax.vat;tax;2021-02-24 00:06:24
3;1.22;EUR;transport.tax.vat;tax;2021-02-24 00:06:24
3;13.19;EUR;transport.fare.driver_upfront_fare;driver_payment_fares;2021-02-24 00:06:24
3;-1.2;EUR;transport.tax.vat;tax;2021-02-23 23:27:01
3;-3.24;EUR;intermediary.commission;commission;2021-02-23 23:27:01
3;1.2;EUR;transport.tax.vat;tax;2021-02-23 23:27:01
3;12.42;EUR;transport.fare.driver_upfront_fare;driver_payment_fares;2021-02-23 23:27:01
3;0.53;EUR;transport.fare.charges.wait_time;driver_payment_charges;2021-02-23 23:27:01
3;4.04;EUR;transport.fare.distance;driver_payment_fares;2021-02-23 23:08:29
3;1.2;EUR;transport.fare.base;driver_payment_fares;2021-02-23 23:08:29
3;-0.79;EUR;transport.tax.vat;tax;2021-02-23 23:08:29
3;3.4;EUR;transport.fare.time;driver_payment_fares;2021-02-23 23:08:29
3;-2.16;EUR;intermediary.commission;commission;2021-02-23 23:08:29
3;0.79;EUR;transport.tax.vat;tax;2021-02-23 23:08:29
3;-2.49;EUR;intermediary.commission;commission;2021-02-23 22:51:31
3;-0.92;EUR;transport.tax.vat;tax;2021-02-23 22:51:31
3;0.92;EUR;transport.tax.vat;tax;2021-02-23 22:51:31
3;9.96;EUR;transport.fare.driver_upfront_fare;driver_payment_fares;2021-02-23 22:51:31
3;-2.37;EUR;intermediary.commission;commission;2021-02-23 22:35:52
3;0.86;EUR;transport.tax.vat;tax;2021-02-23 22:35:52
3;9.46;EUR;transport.fare.driver_upfront_fare;driver_payment_fares;2021-02-23 22:35:52
3;-0.86;EUR;transport.tax.vat;tax;2021-02-23 22:35:52
3;0.81;EUR;transport.tax.vat;tax;2021-02-23 22:09:37
3;-2.24;EUR;intermediary.commission;commission;2021-02-23 22:09:37
3;-0.81;EUR;transport.tax.vat;tax;2021-02-23 22:09:37
3;8.95;EUR;transport.fare.driver_upfront_fare;driver_payment_fares;2021-02-23 22:09:37
3;2.06;EUR;transport.tax.vat;tax;2021-02-23 20:38:37
3;22.71;EUR;transport.fare.driver_upfront_fare;driver_payment_fares;2021-02-23 20:38:37
3;-5.68;EUR;intermediary.commission;commission;2021-02-23 20:38:37
3;-2.06;EUR;transport.tax.vat;tax;2021-02-23 20:38:37
3;19.11;EUR;transport.fare.driver_upfront_fare;driver_payment_fares;2021-02-23 19:26:29
3;-1.77;EUR;transport.tax.vat;tax;2021-02-23 19:26:29
3;-4.78;EUR;intermediary.commission;commission;2021-02-23 19:26:29
3;1.77;EUR;transport.tax.vat;tax;2021-02-23 19:26:29
3;-2.45;EUR;intermediary.commission;commission;2021-02-23 18:57:53
3;0.89;EUR;transport.tax.vat;tax;2021-02-23 18:57:53
3;-0.89;EUR;transport.tax.vat;tax;2021-02-23 18:57:53
3;9.8;EUR;transport.fare.driver_upfront_fare;driver_payment_fares;2021-02-23 18:57:53
3;1.8;EUR;transport.tax.vat;tax;2021-02-23 13:02:29
3;-1.8;EUR;transport.tax.vat;tax;2021-02-23 13:02:29
3;19.54;EUR;transport.fare.driver_upfront_fare;driver_payment_fares;2021-02-23 13:02:29
3;-4.89;EUR;intermediary.commission;commission;2021-02-23 13:02:29
3;1.95;EUR;transport.tax.vat;tax;2021-02-22 21:30:10
3;-1.95;EUR;transport.tax.vat;tax;2021-02-22 21:30:10
3;21.1;EUR;transport.fare.driver_upfront_fare;driver_payment_fares;2021-02-22 21:30:10
3;-5.28;EUR;intermediary.commission;commission;2021-02-22 21:30:10
3;3.37;EUR;transport.tax.vat;tax;2021-02-22 20:28:26
3;-3.37;EUR;transport.tax.vat;tax;2021-02-22 20:28:26
3;8.9;EUR;transport.toll;driver_payment_tolls;2021-02-22 20:28:26
3;-6.92;EUR;intermediary.commission;commission;2021-02-22 20:28:26
3;27.66;EUR;transport.fare.driver_upfront_fare;driver_payment_fares;2021-02-22 20:28:26
3;-0.55;EUR;transport.tax.vat;tax;2021-02-22 20:06:20
3;6.0;EUR;transport.fare.driver_upfront_fare;driver_payment_fares;2021-02-22 20:06:20
3;-1.5;EUR;intermediary.commission;commission;2021-02-22 20:06:20
3;0.55;EUR;transport.tax.vat;tax;2021-02-22 20:06:20
3;59.4;EUR;transport.fare.driver_upfront_fare;driver_payment_fares;2021-02-22 18:36:02
3;-5.4;EUR;transport.tax.vat;tax;2021-02-22 18:36:02
3;-14.85;EUR;intermediary.commission;commission;2021-02-22 18:36:02
3;5.0;EUR;transport.misc.tip;tip;2021-02-22 18:36:02
3;5.4;EUR;transport.tax.vat;tax;2021-02-22 18:36:02
3;6.0;EUR;transport.fare.driver_upfront_fare;driver_payment_fares;2021-02-22 01:29:12
3;0.55;EUR;transport.tax.vat;tax;2021-02-22 01:29:12
3;-0.55;EUR;transport.tax.vat;tax;2021-02-22 01:29:12
3;-1.5;EUR;intermediary.commission;commission;2021-02-22 01:29:12
3;-1.16;EUR;transport.tax.vat;tax;2021-02-22 01:04:29
3;12.6;EUR;transport.fare.driver_upfront_fare;driver_payment_fares;2021-02-22 01:04:29
3;-3.15;EUR;intermediary.commission;commission;2021-02-22 01:04:29
3;1.16;EUR;transport.tax.vat;tax;2021-02-22 01:04:29
3;-0.87;EUR;transport.tax.vat;tax;2021-02-22 00:50:41
3;9.52;EUR;transport.fare.driver_upfront_fare;driver_payment_fares;2021-02-22 00:50:41
3;0.87;EUR;transport.tax.vat;tax;2021-02-22 00:50:41
3;-2.38;EUR;intermediary.commission;commission;2021-02-22 00:50:41
3;1.85;EUR;transport.tax.vat;tax;2021-02-21 23:48:28
3;2.0;EUR;transport.misc.tip;tip;2021-02-21 23:48:28
3;-5.0;EUR;intermediary.commission;commission;2021-02-21 23:48:28
3;-1.85;EUR;transport.tax.vat;tax;2021-02-21 23:48:28
3;20.01;EUR;transport.fare.driver_upfront_fare;driver_payment_fares;2021-02-21 23:48:28
3;-1.74;EUR;intermediary.commission;commission;2021-02-21 23:34:14
3;-0.64;EUR;transport.tax.vat;tax;2021-02-21 23:34:14
3;0.64;EUR;transport.tax.vat;tax;2021-02-21 23:34:14
3;6.94;EUR;transport.fare.driver_upfront_fare;driver_payment_fares;2021-02-21 23:34:14
3;3.37;EUR;transport.tax.vat;tax;2021-02-21 22:57:55
3;-3.37;EUR;transport.tax.vat;tax;2021-02-21 22:57:55
3;37.12;EUR;transport.fare.driver_upfront_fare;driver_payment_fares;2021-02-21 22:57:55
3;-9.28;EUR;intermediary.commission;commission;2021-02-21 22:57:55
3;0.85;EUR;transport.tax.vat;tax;2021-02-21 21:32:39
3;9.39;EUR;transport.fare.driver_upfront_fare;driver_payment_fares;2021-02-21 21:32:39
3;-0.85;EUR;transport.tax.vat;tax;2021-02-21 21:32:39
3;-2.35;EUR;intermediary.commission;commission;2021-02-21 21:32:39
3;-4.2;EUR;intermediary.commission;commission;2021-02-21 21:05:44
3;16.8;EUR;transport.fare.driver_upfront_fare;driver_payment_fares;2021-02-21 21:05:44
3;-1.56;EUR;transport.tax.vat;tax;2021-02-21 21:05:44
3;1.56;EUR;transport.tax.vat;tax;2021-02-21 21:05:44
3;2.03;EUR;transport.tax.vat;tax;2021-02-21 20:26:35
3;2.0;EUR;transport.misc.tip;tip;2021-02-21 20:26:35
3;-2.03;EUR;transport.tax.vat;tax;2021-02-21 20:26:35
3;21.95;EUR;transport.fare.driver_upfront_fare;driver_payment_fares;2021-02-21 20:26:35
3;-5.49;EUR;intermediary.commission;commission;2021-02-21 20:26:35
3;2.14;EUR;transport.tax.vat;tax;2021-02-21 16:06:21
3;23.15;EUR;transport.fare.driver_upfront_fare;driver_payment_fares;2021-02-21 16:06:21
3;-5.79;EUR;intermediary.commission;commission;2021-02-21 16:06:21
3;-2.14;EUR;transport.tax.vat;tax;2021-02-21 16:06:21
3;8.56;EUR;transport.fare.driver_upfront_fare;driver_payment_fares;2021-02-21 03:45:16
3;-2.14;EUR;intermediary.commission;commission;2021-02-21 03:45:16
3;0.79;EUR;transport.tax.vat;tax;2021-02-21 03:45:16
3;-0.79;EUR;transport.tax.vat;tax;2021-02-21 03:45:16
3;-1.96;EUR;intermediary.commission;commission;2021-02-21 03:27:10
3;7.85;EUR;transport.fare.driver_upfront_fare;driver_payment_fares;2021-02-21 03:27:10
3;-0.72;EUR;transport.tax.vat;tax;2021-02-21 03:27:10
3;0.72;EUR;transport.tax.vat;tax;2021-02-21 03:27:10
3;1.0;EUR;transport.misc.tip;tip;2021-02-21 03:27:10
3;2.12;EUR;transport.tax.vat;tax;2021-02-21 02:53:30
3;-5.74;EUR;intermediary.commission;commission;2021-02-21 02:53:30
3;-2.12;EUR;transport.tax.vat;tax;2021-02-21 02:53:30
3;22.96;EUR;transport.fare.driver_upfront_fare;driver_payment_fares;2021-02-21 02:53:30
3;-4.0;EUR;intermediary.commission;commission;2021-02-21 02:17:02
3;-1.46;EUR;transport.tax.vat;tax;2021-02-21 02:17:02
3;1.46;EUR;transport.tax.vat;tax;2021-02-21 02:17:02
3;16.01;EUR;transport.fare.driver_upfront_fare;driver_payment_fares;2021-02-21 02:17:02
3;0.72;EUR;transport.tax.vat;tax;2021-02-21 01:54:47
3;-0.72;EUR;transport.tax.vat;tax;2021-02-21 01:54:47
3;-1.95;EUR;intermediary.commission;commission;2021-02-21 01:54:47
3;7.78;EUR;transport.fare.driver_upfront_fare;driver_payment_fares;2021-02-21 01:54:47
3;-2.21;EUR;intermediary.commission;commission;2021-02-21 01:37:00
3;0.82;EUR;transport.tax.vat;tax;2021-02-21 01:37:00
3;8.84;EUR;transport.fare.driver_upfront_fare;driver_payment_fares;2021-02-21 01:37:00
3;-0.82;EUR;transport.tax.vat;tax;2021-02-21 01:37:00
3;16.7;EUR;transport.fare.driver_upfront_fare;driver_payment_fares;2021-02-21 01:10:01
3;-4.18;EUR;intermediary.commission;commission;2021-02-21 01:10:01
3;-1.54;EUR;transport.tax.vat;tax;2021-02-21 01:10:01
3;1.54;EUR;transport.tax.vat;tax;2021-02-21 01:10:01
3;-4.02;EUR;intermediary.commission;commission;2021-02-20 23:54:27
3;-1.48;EUR;transport.tax.vat;tax;2021-02-20 23:54:27
3;1.48;EUR;transport.tax.vat;tax;2021-02-20 23:54:27
3;16.06;EUR;transport.fare.driver_upfront_fare;driver_payment_fares;2021-02-20 23:54:27
3;-1.99;EUR;intermediary.commission;commission;2021-02-20 23:30:31
3;-0.73;EUR;transport.tax.vat;tax;2021-02-20 23:30:31
3;7.94;EUR;transport.fare.driver_upfront_fare;driver_payment_fares;2021-02-20 23:30:31
3;0.73;EUR;transport.tax.vat;tax;2021-02-20 23:30:31
3;-1.71;EUR;intermediary.commission;commission;2021-02-20 23:17:33
3;0.62;EUR;transport.tax.vat;tax;2021-02-20 23:17:33
3;0.82;EUR;transport.fare.charges.wait_time;driver_payment_charges;2021-02-20 23:17:33
3;6.0;EUR;transport.fare.driver_upfront_fare;driver_payment_fares;2021-02-20 23:17:33
3;-0.62;EUR;transport.tax.vat;tax;2021-02-20 23:17:33
3;-4.36;EUR;intermediary.commission;commission;2021-02-20 22:56:27
3;-1.59;EUR;transport.tax.vat;tax;2021-02-20 22:56:27
3;1.59;EUR;transport.tax.vat;tax;2021-02-20 22:56:27
3;17.45;EUR;transport.fare.driver_upfront_fare;driver_payment_fares;2021-02-20 22:56:27
3;-5.49;EUR;intermediary.commission;commission;2021-02-20 22:27:07
3;21.96;EUR;transport.fare.driver_upfront_fare;driver_payment_fares;2021-02-20 22:27:07
3;2.0;EUR;transport.tax.vat;tax;2021-02-20 22:27:07
3;-2.0;EUR;transport.tax.vat;tax;2021-02-20 22:27:07
3;-1.06;EUR;transport.tax.vat;tax;2021-02-20 21:58:31
3;1.06;EUR;transport.tax.vat;tax;2021-02-20 21:58:31
3;11.7;EUR;transport.fare.driver_upfront_fare;driver_payment_fares;2021-02-20 21:58:31
3;-2.93;EUR;intermediary.commission;commission;2021-02-20 21:58:31
3;1.5;EUR;transport.tax.vat;tax;2021-02-15 00:44:16
3;16.2;EUR;transport.fare.driver_upfront_fare;driver_payment_fares;2021-02-15 00:44:16
3;-1.5;EUR;transport.tax.vat;tax;2021-02-15 00:44:16
3;-4.05;EUR;intermediary.commission;commission;2021-02-15 00:44:16
3;-5.4;EUR;intermediary.commission;commission;2021-02-15 00:04:42
3;21.61;EUR;transport.fare.driver_upfront_fare;driver_payment_fares;2021-02-15 00:04:42
3;-2.0;EUR;transport.tax.vat;tax;2021-02-15 00:04:42
3;2.0;EUR;transport.tax.vat;tax;2021-02-15 00:04:42
3;-0.98;EUR;transport.tax.vat;tax;2021-02-14 21:49:16
3;10.59;EUR;transport.fare.driver_upfront_fare;driver_payment_fares;2021-02-14 21:49:16
3;0.98;EUR;transport.tax.vat;tax;2021-02-14 21:49:16
3;-2.65;EUR;intermediary.commission;commission;2021-02-14 21:49:16
3;1.96;EUR;transport.tax.vat;tax;2021-02-14 21:01:59
3;-1.96;EUR;transport.tax.vat;tax;2021-02-14 21:01:59
3;-5.38;EUR;intermediary.commission;commission;2021-02-14 21:01:59
3;21.51;EUR;transport.fare.driver_upfront_fare;driver_payment_fares;2021-02-14 21:01:59
3;7.14;EUR;transport.fare.driver_upfront_fare;driver_payment_fares;2021-02-14 20:31:48
3;-0.66;EUR;transport.tax.vat;tax;2021-02-14 20:31:48
3;-1.79;EUR;intermediary.commission;commission;2021-02-14 20:31:48
3;0.66;EUR;transport.tax.vat;tax;2021-02-14 20:31:48
3;-1.01;EUR;transport.tax.vat;tax;2021-02-14 16:24:13
3;1.01;EUR;transport.tax.vat;tax;2021-02-14 16:24:13
3;-2.74;EUR;intermediary.commission;commission;2021-02-14 16:24:13
3;10.97;EUR;transport.fare.driver_upfront_fare;driver_payment_fares;2021-02-14 16:24:13
3;6.0;EUR;transport.fare.driver_upfront_fare;driver_payment_fares;2021-02-14 16:11:20
3;-1.5;EUR;intermediary.commission;commission;2021-02-14 16:11:20
3;0.55;EUR;transport.tax.vat;tax;2021-02-14 16:11:20
3;-0.55;EUR;transport.tax.vat;tax;2021-02-14 16:11:20
3;-11.16;EUR;intermediary.commission;commission;2021-02-14 14:49:50
3;4.06;EUR;transport.tax.vat;tax;2021-02-14 14:49:50
3;44.62;EUR;transport.fare.driver_upfront_fare;driver_payment_fares;2021-02-14 14:49:50
3;-4.06;EUR;transport.tax.vat;tax;2021-02-14 14:49:50
3;0.52;EUR;transport.fare.charges.wait_time;driver_payment_charges;2021-02-14 13:30:56
3;17.51;EUR;transport.fare.driver_upfront_fare;driver_payment_fares;2021-02-14 13:30:56
3;1.64;EUR;transport.tax.vat;tax;2021-02-14 13:30:56
3;-1.64;EUR;transport.tax.vat;tax;2021-02-14 13:30:56
3;-4.51;EUR;intermediary.commission;commission;2021-02-14 13:30:56
3;22.38;EUR;transport.fare.driver_upfront_fare;driver_payment_fares;2021-02-14 03:18:46
3;-5.6;EUR;intermediary.commission;commission;2021-02-14 03:18:46
3;-2.07;EUR;transport.tax.vat;tax;2021-02-14 03:18:46
3;2.07;EUR;transport.tax.vat;tax;2021-02-14 03:18:46
3;3.62;EUR;transport.tax.vat;tax;2021-02-14 02:26:03
3;-3.62;EUR;transport.tax.vat;tax;2021-02-14 02:26:03
3;38.97;EUR;transport.fare.driver_upfront_fare;driver_payment_fares;2021-02-14 02:26:03
3;-9.74;EUR;intermediary.commission;commission;2021-02-14 02:26:03
3;-1.21;EUR;transport.tax.vat;tax;2021-02-14 02:04:38
3;-3.28;EUR;intermediary.commission;commission;2021-02-14 02:04:38
3;13.13;EUR;transport.fare.driver_upfront_fare;driver_payment_fares;2021-02-14 02:04:38
3;1.21;EUR;transport.tax.vat;tax;2021-02-14 02:04:38
3;-3.74;EUR;intermediary.commission;commission;2021-02-14 01:18:14
3;1.38;EUR;transport.tax.vat;tax;2021-02-14 01:18:14
3;-1.38;EUR;transport.tax.vat;tax;2021-02-14 01:18:14
3;14.95;EUR;transport.fare.driver_upfront_fare;driver_payment_fares;2021-02-14 01:18:14
3;0.89;EUR;transport.tax.vat;tax;2021-02-14 00:57:08
3;-2.41;EUR;intermediary.commission;commission;2021-02-14 00:57:08
3;9.64;EUR;transport.fare.driver_upfront_fare;driver_payment_fares;2021-02-14 00:57:08
3;-0.89;EUR;transport.tax.vat;tax;2021-02-14 00:57:08
3;1.04;EUR;transport.tax.vat;tax;2021-02-14 00:36:03
3;5.41;EUR;transport.fare.distance;driver_payment_fares;2021-02-14 00:36:03
3;-1.04;EUR;transport.tax.vat;tax;2021-02-14 00:36:03
3;-2.84;EUR;intermediary.commission;commission;2021-02-14 00:36:03
3;1.0;EUR;transport.misc.tip;tip;2021-02-14 00:36:03
3;1.2;EUR;transport.fare.base;driver_payment_fares;2021-02-14 00:36:03
3;4.73;EUR;transport.fare.time;driver_payment_fares;2021-02-14 00:36:03
3;1.42;EUR;transport.tax.vat;tax;2021-02-14 00:19:51
3;-1.42;EUR;transport.tax.vat;tax;2021-02-14 00:19:51
3;15.32;EUR;transport.fare.driver_upfront_fare;driver_payment_fares;2021-02-14 00:19:51
3;-3.83;EUR;intermediary.commission;commission;2021-02-14 00:19:51
3;6.0;EUR;transport.fare.cancellation_fee;driver_payment_fares;2021-02-14 00:13:14
3;-0.55;EUR;transport.tax.vat;tax;2021-02-14 00:13:14
3;-1.5;EUR;intermediary.commission;commission;2021-02-14 00:13:14
3;0.55;EUR;transport.tax.vat;tax;2021-02-14 00:13:14
3;-1.5;EUR;intermediary.commission;commission;2021-02-14 00:05:53
3;0.55;EUR;transport.tax.vat;tax;2021-02-14 00:05:53
3;-0.55;EUR;transport.tax.vat;tax;2021-02-14 00:05:53
3;6.0;EUR;transport.fare.driver_upfront_fare;driver_payment_fares;2021-02-14 00:05:53
3;6.0;EUR;transport.fare.driver_upfront_fare;driver_payment_fares;2021-02-13 23:48:02
3;-0.55;EUR;transport.tax.vat;tax;2021-02-13 23:48:02
3;0.55;EUR;transport.tax.vat;tax;2021-02-13 23:48:02
3;-1.5;EUR;intermediary.commission;commission;2021-02-13 23:48:02
3;-6.06;EUR;intermediary.commission;commission;2021-02-13 23:13:41
3;-2.2;EUR;transport.tax.vat;tax;2021-02-13 23:13:41
3;24.25;EUR;transport.fare.driver_upfront_fare;driver_payment_fares;2021-02-13 23:13:41
3;2.2;EUR;transport.tax.vat;tax;2021-02-13 23:13:41
3;0.58;EUR;transport.tax.vat;tax;2021-02-13 22:59:12
3;-0.58;EUR;transport.tax.vat;tax;2021-02-13 22:59:12
3;-1.57;EUR;intermediary.commission;commission;2021-02-13 22:59:12
3;6.29;EUR;transport.fare.driver_upfront_fare;driver_payment_fares;2021-02-13 22:59:12
3;0.68;EUR;transport.tax.vat;tax;2021-02-13 22:47:53
3;7.38;EUR;transport.fare.driver_upfront_fare;driver_payment_fares;2021-02-13 22:47:53
3;-1.85;EUR;intermediary.commission;commission;2021-02-13 22:47:53
3;-0.68;EUR;transport.tax.vat;tax;2021-02-13 22:47:53
3;3.43;EUR;transport.tax.vat;tax;2021-02-13 17:25:27
3;-9.43;EUR;intermediary.commission;commission;2021-02-13 17:25:27
3;-3.43;EUR;transport.tax.vat;tax;2021-02-13 17:25:27
3;37.72;EUR;transport.fare.driver_upfront_fare;driver_payment_fares;2021-02-13 17:25:27
3;1.0;EUR;transport.misc.tip;tip;2021-02-13 17:25:27
3;16.2;EUR;transport.fare.driver_upfront_fare;driver_payment_fares;2021-02-13 16:51:01
3;-1.49;EUR;transport.tax.vat;tax;2021-02-13 16:51:01
3;1.49;EUR;transport.tax.vat;tax;2021-02-13 16:51:01
3;-4.05;EUR;intermediary.commission;commission;2021-02-13 16:51:01
3;-1.31;EUR;transport.tax.vat;tax;2021-02-13 16:24:30
3;1.31;EUR;transport.tax.vat;tax;2021-02-13 16:24:30
3;14.39;EUR;transport.fare.driver_upfront_fare;driver_payment_fares;2021-02-13 16:24:30
3;-3.6;EUR;intermediary.commission;commission;2021-02-13 16:24:30
3;1.26;EUR;transport.tax.vat;tax;2021-02-13 15:59:54
3;13.63;EUR;transport.fare.driver_upfront_fare;driver_payment_fares;2021-02-13 15:59:54
3;-3.41;EUR;intermediary.commission;commission;2021-02-13 15:59:54
3;-1.26;EUR;transport.tax.vat;tax;2021-02-13 15:59:54
3;1.0;EUR;transport.tax.vat;tax;2021-02-12 23:23:53
3;-2.75;EUR;intermediary.commission;commission;2021-02-12 23:23:53
3;-1.0;EUR;transport.tax.vat;tax;2021-02-12 23:23:53
3;11.0;EUR;transport.fare.driver_upfront_fare;driver_payment_fares;2021-02-12 23:23:53
3;0.55;EUR;transport.tax.vat;tax;2021-02-12 23:13:25
3;6.0;EUR;transport.fare.driver_upfront_fare;driver_payment_fares;2021-02-12 23:13:25
3;-1.5;EUR;intermediary.commission;commission;2021-02-12 23:13:25
3;-0.55;EUR;transport.tax.vat;tax;2021-02-12 23:13:25
3;1.52;EUR;transport.tax.vat;tax;2021-02-12 22:47:55
3;16.51;EUR;transport.fare.driver_upfront_fare;driver_payment_fares;2021-02-12 22:47:55
3;-4.13;EUR;intermediary.commission;commission;2021-02-12 22:47:55
3;-1.52;EUR;transport.tax.vat;tax;2021-02-12 22:47:55
3;-2.4;EUR;intermediary.commission;commission;2021-02-12 21:40:28
3;-0.88;EUR;transport.tax.vat;tax;2021-02-12 21:40:28
3;0.88;EUR;transport.tax.vat;tax;2021-02-12 21:40:28
3;9.6;EUR;transport.fare.driver_upfront_fare;driver_payment_fares;2021-02-12 21:40:28
3;0.49;EUR;transport.fare.charges.wait_time;driver_payment_charges;2021-02-12 20:32:59
3;-8.77;EUR;intermediary.commission;commission;2021-02-12 20:32:59
3;3.19;EUR;transport.tax.vat;tax;2021-02-12 20:32:59
3;-3.19;EUR;transport.tax.vat;tax;2021-02-12 20:32:59
3;34.57;EUR;transport.fare.driver_upfront_fare;driver_payment_fares;2021-02-12 20:32:59
3;-1.14;EUR;transport.tax.vat;tax;2021-02-12 17:48:46
3;11.78;EUR;transport.fare.driver_upfront_fare;driver_payment_fares;2021-02-12 17:48:46
3;1.14;EUR;transport.tax.vat;tax;2021-02-12 17:48:46
3;-3.1;EUR;intermediary.commission;commission;2021-02-12 17:48:46
3;0.61;EUR;transport.fare.charges.wait_time;driver_payment_charges;2021-02-12 17:48:46
3;1.44;EUR;transport.tax.vat;tax;2021-02-12 17:08:09
3;15.65;EUR;transport.fare.driver_upfront_fare;driver_payment_fares;2021-02-12 17:08:09
3;-1.44;EUR;transport.tax.vat;tax;2021-02-12 17:08:09
3;-3.91;EUR;intermediary.commission;commission;2021-02-12 17:08:09
3;23.87;EUR;transport.fare.driver_upfront_fare;driver_payment_fares;2021-02-12 16:00:44
3;-5.97;EUR;intermediary.commission;commission;2021-02-12 16:00:44
3;2.2;EUR;transport.tax.vat;tax;2021-02-12 16:00:44
3;-2.2;EUR;transport.tax.vat;tax;2021-02-12 16:00:44
3;-10.79;EUR;intermediary.commission;commission;2021-02-12 14:43:57
3;3.92;EUR;transport.tax.vat;tax;2021-02-12 14:43:57
3;-3.92;EUR;transport.tax.vat;tax;2021-02-12 14:43:57
3;5.0;EUR;transport.misc.tip;tip;2021-02-12 14:43:57
3;43.14;EUR;transport.fare.driver_upfront_fare;driver_payment_fares;2021-02-12 14:43:57
3;-8.19;EUR;intermediary.commission;commission;2021-02-12 13:49:34
3;20.97;EUR;transport.fare.distance;driver_payment_fares;2021-02-12 13:49:34
3;2.98;EUR;transport.tax.vat;tax;2021-02-12 13:49:34
3;-2.98;EUR;transport.tax.vat;tax;2021-02-12 13:49:34
3;10.4;EUR;transport.fare.time;driver_payment_fares;2021-02-12 13:49:34
3;1.2;EUR;transport.fare.base;driver_payment_fares;2021-02-12 13:49:34
3;0.17;EUR;transport.fare.charges.wait_time;driver_payment_charges;2021-02-12 13:49:34
3;10.29;EUR;transport.fare.driver_upfront_fare;driver_payment_fares;2021-02-12 13:23:27
3;0.04;EUR;transport.fare.charges.wait_time;driver_payment_charges;2021-02-12 13:23:27
3;-2.58;EUR;intermediary.commission;commission;2021-02-12 13:23:27
3;-0.95;EUR;transport.tax.vat;tax;2021-02-12 13:23:27
3;0.95;EUR;transport.tax.vat;tax;2021-02-12 13:23:27
3;1.2;EUR;transport.fare.base;driver_payment_fares;2021-02-12 10:22:50
3;4.5;EUR;transport.tax.vat;tax;2021-02-12 10:22:50
3;27.65;EUR;transport.fare.distance;driver_payment_fares;2021-02-12 10:22:50
3;-4.5;EUR;transport.tax.vat;tax;2021-02-12 10:22:50
3;-12.18;EUR;intermediary.commission;commission;2021-02-12 10:22:50
3;19.87;EUR;transport.fare.time;driver_payment_fares;2021-02-12 10:22:50
3;-3.27;EUR;intermediary.commission;commission;2021-02-11 10:34:46
3;-1.2;EUR;transport.tax.vat;tax;2021-02-11 10:34:46
3;1.2;EUR;transport.tax.vat;tax;2021-02-11 10:34:46
3;13.06;EUR;transport.fare.driver_upfront_fare;driver_payment_fares;2021-02-11 10:34:46
3;12.23;EUR;transport.fare.driver_upfront_fare;driver_payment_fares;2021-02-10 20:44:44
3;-1.11;EUR;transport.tax.vat;tax;2021-02-10 20:44:44
3;-3.06;EUR;intermediary.commission;commission;2021-02-10 20:44:44
3;1.11;EUR;transport.tax.vat;tax;2021-02-10 20:44:44
3;-0.77;EUR;transport.tax.vat;tax;2021-02-10 20:33:36
3;0.77;EUR;transport.tax.vat;tax;2021-02-10 20:33:36
3;8.47;EUR;transport.fare.driver_upfront_fare;driver_payment_fares;2021-02-10 20:33:36
3;-2.12;EUR;intermediary.commission;commission;2021-02-10 20:33:36
3;-3.12;EUR;intermediary.commission;commission;2021-02-10 20:13:27
3;1.15;EUR;transport.tax.vat;tax;2021-02-10 20:13:27
3;-1.15;EUR;transport.tax.vat;tax;2021-02-10 20:13:27
3;12.48;EUR;transport.fare.driver_upfront_fare;driver_payment_fares;2021-02-10 20:13:27
3;14.26;EUR;transport.fare.driver_upfront_fare;driver_payment_fares;2021-02-10 19:50:46
3;-3.57;EUR;intermediary.commission;commission;2021-02-10 19:50:46
3;-1.32;EUR;transport.tax.vat;tax;2021-02-10 19:50:46
3;1.32;EUR;transport.tax.vat;tax;2021-02-10 19:50:46
3;-1.06;EUR;transport.tax.vat;tax;2021-02-10 19:17:35
3;1.06;EUR;transport.tax.vat;tax;2021-02-10 19:17:35
3;-2.89;EUR;intermediary.commission;commission;2021-02-10 19:17:35
3;11.54;EUR;transport.fare.driver_upfront_fare;driver_payment_fares;2021-02-10 19:17:35
3;-2.63;EUR;transport.tax.vat;tax;2021-02-10 18:35:17
3;28.88;EUR;transport.fare.driver_upfront_fare;driver_payment_fares;2021-02-10 18:35:17
3;2.63;EUR;transport.tax.vat;tax;2021-02-10 18:35:17
3;-7.22;EUR;intermediary.commission;commission;2021-02-10 18:35:17
3;0.17;EUR;transport.fare.charges.wait_time;driver_payment_charges;2021-02-10 13:29:03
3;-7.11;EUR;intermediary.commission;commission;2021-02-10 13:29:03
3;-2.63;EUR;transport.tax.vat;tax;2021-02-10 13:29:03
3;2.63;EUR;transport.tax.vat;tax;2021-02-10 13:29:03
3;28.28;EUR;transport.fare.driver_upfront_fare;driver_payment_fares;2021-02-10 13:29:03
3;1.53;EUR;transport.tax.vat;tax;2021-02-10 12:58:14
3;-4.17;EUR;intermediary.commission;commission;2021-02-10 12:58:14
3;16.67;EUR;transport.fare.driver_upfront_fare;driver_payment_fares;2021-02-10 12:58:14
3;-1.53;EUR;transport.tax.vat;tax;2021-02-10 12:58:14
3;-2.75;EUR;transport.tax.vat;tax;2021-02-10 12:10:43
3;29.71;EUR;transport.fare.driver_upfront_fare;driver_payment_fares;2021-02-10 12:10:43
3;2.75;EUR;transport.tax.vat;tax;2021-02-10 12:10:43
3;-7.43;EUR;intermediary.commission;commission;2021-02-10 12:10:43
3;-1.42;EUR;transport.tax.vat;tax;2021-02-10 11:32:12
3;0.05;EUR;transport.fare.charges.wait_time;driver_payment_charges;2021-02-10 11:32:12
3;15.55;EUR;transport.fare.driver_upfront_fare;driver_payment_fares;2021-02-10 11:32:12
3;-3.9;EUR;intermediary.commission;commission;2021-02-10 11:32:12
3;1.42;EUR;transport.tax.vat;tax;2021-02-10 11:32:12
3;-2.4;EUR;intermediary.commission;commission;2021-02-10 11:20:40
3;9.6;EUR;transport.fare.driver_upfront_fare;driver_payment_fares;2021-02-10 11:20:40
3;0.89;EUR;transport.tax.vat;tax;2021-02-10 11:20:40
3;-0.89;EUR;transport.tax.vat;tax;2021-02-10 11:20:40
3;-0.8;EUR;transport.tax.vat;tax;2021-02-10 11:00:02
3;0.8;EUR;transport.tax.vat;tax;2021-02-10 11:00:02
3;-2.18;EUR;intermediary.commission;commission;2021-02-10 11:00:02
3;8.7;EUR;transport.fare.driver_upfront_fare;driver_payment_fares;2021-02-10 11:00:02
3;-0.69;EUR;transport.tax.vat;tax;2021-02-10 10:32:50
3;-1.88;EUR;intermediary.commission;commission;2021-02-10 10:32:50
3;7.53;EUR;transport.fare.driver_upfront_fare;driver_payment_fares;2021-02-10 10:32:50
3;0.69;EUR;transport.tax.vat;tax;2021-02-10 10:32:50
3;-1.07;EUR;transport.tax.vat;tax;2021-02-10 09:40:00
3;-2.92;EUR;intermediary.commission;commission;2021-02-10 09:40:00
3;6.89;EUR;transport.fare.time;driver_payment_fares;2021-02-10 09:40:00
3;1.07;EUR;transport.tax.vat;tax;2021-02-10 09:40:00
3;3.58;EUR;transport.fare.distance;driver_payment_fares;2021-02-10 09:40:00
3;1.2;EUR;transport.fare.base;driver_payment_fares;2021-02-10 09:40:00
3;1.01;EUR;transport.tax.vat;tax;2021-02-10 09:09:54
3;-2.75;EUR;intermediary.commission;commission;2021-02-10 09:09:54
3;-1.01;EUR;transport.tax.vat;tax;2021-02-10 09:09:54
3;11.0;EUR;transport.fare.driver_upfront_fare;driver_payment_fares;2021-02-10 09:09:54
3;4.79;EUR;transport.fare.time;driver_payment_fares;2021-02-10 08:50:00
3;1.66;EUR;transport.tax.vat;tax;2021-02-10 08:50:00
3;-1.66;EUR;transport.tax.vat;tax;2021-02-10 08:50:00
3;1.2;EUR;transport.fare.base;driver_payment_fares;2021-02-10 08:50:00
3;4.66;EUR;transport.fare.distance;driver_payment_fares;2021-02-10 08:50:00
3;-4.53;EUR;intermediary.commission;commission;2021-02-10 08:50:00
3;7.46;EUR;transport.fare.surge;driver_payment_fares;2021-02-10 08:50:00
3;-0.55;EUR;transport.tax.vat;tax;2021-02-10 08:30:00
3;-1.5;EUR;intermediary.commission;commission;2021-02-10 08:30:00
3;6.0;EUR;transport.fare.cancellation_fee;driver_payment_fares;2021-02-10 08:30:00
3;0.55;EUR;transport.tax.vat;tax;2021-02-10 08:30:00
3;16.34;EUR;transport.fare.driver_upfront_fare;driver_payment_fares;2021-02-10 08:20:17
3;-1.5;EUR;transport.tax.vat;tax;2021-02-10 08:20:17
3;1.5;EUR;transport.tax.vat;tax;2021-02-10 08:20:17
3;-4.09;EUR;intermediary.commission;commission;2021-02-10 08:20:17
3;-1.57;EUR;transport.tax.vat;tax;2021-02-10 07:35:03
3;-4.24;EUR;intermediary.commission;commission;2021-02-10 07:35:03
3;1.57;EUR;transport.tax.vat;tax;2021-02-10 07:35:03
3;16.97;EUR;transport.fare.driver_upfront_fare;driver_payment_fares;2021-02-10 07:35:03
3;-1.47;EUR;transport.tax.vat;tax;2021-02-10 07:08:08
3;2.0;EUR;transport.misc.tip;tip;2021-02-10 07:08:08
3;1.47;EUR;transport.tax.vat;tax;2021-02-10 07:08:08
3;-4.0;EUR;intermediary.commission;commission;2021-02-10 07:08:08
3;16.0;EUR;transport.fare.driver_upfront_fare;driver_payment_fares;2021-02-10 07:08:08
3;7.2;EUR;transport.fare.driver_upfront_fare;driver_payment_fares;2021-02-10 06:51:38
3;-0.66;EUR;transport.tax.vat;tax;2021-02-10 06:51:38
3;0.66;EUR;transport.tax.vat;tax;2021-02-10 06:51:38
3;-1.8;EUR;intermediary.commission;commission;2021-02-10 06:51:38
3;-0.84;EUR;transport.tax.vat;tax;2021-02-10 06:33:26
3;0.84;EUR;transport.tax.vat;tax;2021-02-10 06:33:26
3;-2.29;EUR;intermediary.commission;commission;2021-02-10 06:33:26
3;9.14;EUR;transport.fare.driver_upfront_fare;driver_payment_fares;2021-02-10 06:33:26
3;15.73;EUR;transport.fare.driver_upfront_fare;driver_payment_fares;2021-02-10 05:59:11
3;-1.45;EUR;transport.tax.vat;tax;2021-02-10 05:59:11
3;-3.93;EUR;intermediary.commission;commission;2021-02-10 05:59:11
3;1.45;EUR;transport.tax.vat;tax;2021-02-10 05:59:11
3;27.75;EUR;transport.fare.driver_upfront_fare;driver_payment_fares;2021-02-10 05:18:50
3;2.57;EUR;transport.tax.vat;tax;2021-02-10 05:18:50
3;-2.57;EUR;transport.tax.vat;tax;2021-02-10 05:18:50
3;-6.94;EUR;intermediary.commission;commission;2021-02-10 05:18:50
3;1.0;EUR;transport.misc.tip;tip;2021-02-09 20:48:26
3;1.18;EUR;transport.tax.vat;tax;2021-02-09 20:48:26
3;13.03;EUR;transport.fare.driver_upfront_fare;driver_payment_fares;2021-02-09 20:48:26
3;-1.18;EUR;transport.tax.vat;tax;2021-02-09 20:48:26
3;-3.26;EUR;intermediary.commission;commission;2021-02-09 20:48:26
3;13.15;EUR;transport.fare.driver_upfront_fare;driver_payment_fares;2021-02-09 19:30:31
3;1.21;EUR;transport.tax.vat;tax;2021-02-09 19:30:31
3;-1.21;EUR;transport.tax.vat;tax;2021-02-09 19:30:31
3;-3.29;EUR;intermediary.commission;commission;2021-02-09 19:30:31
3;1.4;EUR;transport.tax.vat;tax;2021-02-09 19:04:04
3;-3.78;EUR;intermediary.commission;commission;2021-02-09 19:04:04
3;14.76;EUR;transport.fare.driver_upfront_fare;driver_payment_fares;2021-02-09 19:04:04
3;0.36;EUR;transport.fare.charges.wait_time;driver_payment_charges;2021-02-09 19:04:04
3;-1.4;EUR;transport.tax.vat;tax;2021-02-09 19:04:04
3;7.04;EUR;transport.fare.driver_upfront_fare;driver_payment_fares;2021-02-09 16:22:58
3;-1.76;EUR;intermediary.commission;commission;2021-02-09 16:22:58
3;0.65;EUR;transport.tax.vat;tax;2021-02-09 16:22:58
3;-0.65;EUR;transport.tax.vat;tax;2021-02-09 16:22:58
3;14.3;EUR;transport.fare.driver_upfront_fare;driver_payment_fares;2021-02-09 16:02:59
3;-1.32;EUR;transport.tax.vat;tax;2021-02-09 16:02:59
3;-3.58;EUR;intermediary.commission;commission;2021-02-09 16:02:59
3;1.32;EUR;transport.tax.vat;tax;2021-02-09 16:02:59
3;8.45;EUR;transport.fare.driver_upfront_fare;driver_payment_fares;2021-02-09 10:16:57
3;-2.11;EUR;intermediary.commission;commission;2021-02-09 10:16:57
3;0.78;EUR;transport.tax.vat;tax;2021-02-09 10:16:57
3;-0.78;EUR;transport.tax.vat;tax;2021-02-09 10:16:57
3;-2.59;EUR;transport.tax.vat;tax;2021-02-09 08:56:28
3;-7.01;EUR;intermediary.commission;commission;2021-02-09 08:56:28
3;2.59;EUR;transport.tax.vat;tax;2021-02-09 08:56:28
3;28.04;EUR;transport.fare.driver_upfront_fare;driver_payment_fares;2021-02-09 08:56:28
3;7.32;EUR;transport.fare.distance;driver_payment_fares;2021-02-09 08:19:30
3;-4.41;EUR;intermediary.commission;commission;2021-02-09 08:19:30
3;9.11;EUR;transport.fare.time;driver_payment_fares;2021-02-09 08:19:30
3;1.2;EUR;transport.fare.base;driver_payment_fares;2021-02-09 08:19:30
3;1.62;EUR;transport.tax.vat;tax;2021-02-09 08:19:30
3;-1.62;EUR;transport.tax.vat;tax;2021-02-09 08:19:30
3;-1.21;EUR;transport.tax.vat;tax;2021-02-09 07:48:04
3;1.21;EUR;transport.tax.vat;tax;2021-02-09 07:48:04
3;13.18;EUR;transport.fare.driver_upfront_fare;driver_payment_fares;2021-02-09 07:48:04
3;-3.3;EUR;intermediary.commission;commission;2021-02-09 07:48:04
3;43.18;EUR;transport.fare.driver_upfront_fare;driver_payment_fares;2021-02-09 06:42:27
3;-4.0;EUR;transport.tax.vat;tax;2021-02-09 06:42:27
3;-10.8;EUR;intermediary.commission;commission;2021-02-09 06:42:27
3;4.0;EUR;transport.tax.vat;tax;2021-02-09 06:42:27
3;-4.7;EUR;intermediary.commission;commission;2021-02-08 12:06:28
3;18.79;EUR;transport.fare.driver_upfront_fare;driver_payment_fares;2021-02-08 12:06:28
3;-1.71;EUR;transport.tax.vat;tax;2021-02-08 12:06:28
3;1.71;EUR;transport.tax.vat;tax;2021-02-08 12:06:28
3;21.42;EUR;transport.fare.driver_upfront_fare;driver_payment_fares;2021-02-08 10:26:57
3;0.15;EUR;transport.fare.charges.wait_time;driver_payment_charges;2021-02-08 10:26:57
3;-5.39;EUR;intermediary.commission;commission;2021-02-08 10:26:57
3;1.99;EUR;transport.tax.vat;tax;2021-02-08 10:26:57
3;-1.99;EUR;transport.tax.vat;tax;2021-02-08 10:26:57
3;-7.98;EUR;intermediary.commission;commission;2021-02-08 08:25:17
3;-2.95;EUR;transport.tax.vat;tax;2021-02-08 08:25:17
3;31.92;EUR;transport.fare.driver_upfront_fare;driver_payment_fares;2021-02-08 08:25:17
3;2.95;EUR;transport.tax.vat;tax;2021-02-08 08:25:17
3;0.55;EUR;transport.tax.vat;tax;2021-02-07 22:45:37
3;-1.5;EUR;intermediary.commission;commission;2021-02-07 22:45:37
3;-0.55;EUR;transport.tax.vat;tax;2021-02-07 22:45:37
3;6.0;EUR;transport.fare.driver_upfront_fare;driver_payment_fares;2021-02-07 22:45:37
3;0.55;EUR;transport.tax.vat;tax;2021-02-07 21:49:23
3;-1.5;EUR;intermediary.commission;commission;2021-02-07 21:49:23
3;6.0;EUR;transport.fare.driver_upfront_fare;driver_payment_fares;2021-02-07 21:49:23
3;-0.55;EUR;transport.tax.vat;tax;2021-02-07 21:49:23
3;42.32;EUR;transport.fare.driver_upfront_fare;driver_payment_fares;2021-02-07 19:52:55
3;-3.93;EUR;transport.tax.vat;tax;2021-02-07 19:52:55
3;-10.58;EUR;intermediary.commission;commission;2021-02-07 19:52:55
3;3.93;EUR;transport.tax.vat;tax;2021-02-07 19:52:55
3;-1.08;EUR;transport.tax.vat;tax;2021-02-07 19:29:33
3;-2.92;EUR;intermediary.commission;commission;2021-02-07 19:29:33
3;1.08;EUR;transport.tax.vat;tax;2021-02-07 19:29:33
3;11.67;EUR;transport.fare.driver_upfront_fare;driver_payment_fares;2021-02-07 19:29:33
3;-1.23;EUR;transport.tax.vat;tax;2021-02-07 13:44:07
3;-3.35;EUR;intermediary.commission;commission;2021-02-07 13:44:07
3;1.23;EUR;transport.tax.vat;tax;2021-02-07 13:44:07
3;13.38;EUR;transport.fare.driver_upfront_fare;driver_payment_fares;2021-02-07 13:44:07
3;-1.52;EUR;transport.tax.vat;tax;2021-02-07 09:00:38
3;-4.1;EUR;intermediary.commission;commission;2021-02-07 09:00:38
3;16.4;EUR;transport.fare.driver_upfront_fare;driver_payment_fares;2021-02-07 09:00:38
3;1.52;EUR;transport.tax.vat;tax;2021-02-07 09:00:38
3;-1.82;EUR;transport.tax.vat;tax;2021-02-07 07:21:10
3;-4.93;EUR;intermediary.commission;commission;2021-02-07 07:21:10
3;1.82;EUR;transport.tax.vat;tax;2021-02-07 07:21:10
3;19.61;EUR;transport.fare.driver_upfront_fare;driver_payment_fares;2021-02-07 07:21:10
3;0.11;EUR;transport.fare.charges.wait_time;driver_payment_charges;2021-02-07 07:21:10
3;-2.41;EUR;intermediary.commission;commission;2021-02-07 06:58:29
3;-0.89;EUR;transport.tax.vat;tax;2021-02-07 06:58:29
3;0.89;EUR;transport.tax.vat;tax;2021-02-07 06:58:29
3;9.63;EUR;transport.fare.driver_upfront_fare;driver_payment_fares;2021-02-07 06:58:29
3;-3.21;EUR;transport.tax.vat;tax;2021-02-06 20:11:10
3;-8.82;EUR;intermediary.commission;commission;2021-02-06 20:11:10
3;35.29;EUR;transport.fare.driver_upfront_fare;driver_payment_fares;2021-02-06 20:11:10
3;3.21;EUR;transport.tax.vat;tax;2021-02-06 20:11:10
3;2.01;EUR;transport.fare.charges.wait_time;driver_payment_charges;2021-02-06 15:42:10
3;3.63;EUR;transport.tax.vat;tax;2021-02-06 15:42:10
3;-3.63;EUR;transport.tax.vat;tax;2021-02-06 15:42:10
3;37.27;EUR;transport.fare.driver_upfront_fare;driver_payment_fares;2021-02-06 15:42:10
3;-9.82;EUR;intermediary.commission;commission;2021-02-06 15:42:10
3;20.87;EUR;transport.fare.driver_upfront_fare;driver_payment_fares;2021-02-06 13:21:19
3;1.92;EUR;transport.tax.vat;tax;2021-02-06 13:21:19
3;-5.22;EUR;intermediary.commission;commission;2021-02-06 13:21:19
3;-1.92;EUR;transport.tax.vat;tax;2021-02-06 13:21:19
3;32.91;EUR;transport.fare.driver_upfront_fare;driver_payment_fares;2021-02-06 12:32:25
3;-3.04;EUR;transport.tax.vat;tax;2021-02-06 12:32:25
3;-8.23;EUR;intermediary.commission;commission;2021-02-06 12:32:25
3;3.04;EUR;transport.tax.vat;tax;2021-02-06 12:32:25
3;-2.05;EUR;intermediary.commission;commission;2021-02-06 10:29:47
3;-0.76;EUR;transport.tax.vat;tax;2021-02-06 10:29:47
3;0.76;EUR;transport.tax.vat;tax;2021-02-06 10:29:47
3;8.2;EUR;transport.fare.driver_upfront_fare;driver_payment_fares;2021-02-06 10:29:47
3;3.8;EUR;transport.tax.vat;tax;2021-02-06 08:35:00
3;-3.8;EUR;transport.tax.vat;tax;2021-02-06 08:35:00
3;-10.24;EUR;intermediary.commission;commission;2021-02-06 08:35:00
3;10.51;EUR;transport.fare.time;driver_payment_fares;2021-02-06 08:35:00
3;1.2;EUR;transport.fare.base;driver_payment_fares;2021-02-06 08:35:00
3;29.23;EUR;transport.fare.distance;driver_payment_fares;2021-02-06 08:35:00
3;38.94;EUR;transport.fare.driver_upfront_fare;driver_payment_fares;2021-02-06 07:15:11
3;3.54;EUR;transport.tax.vat;tax;2021-02-06 07:15:11
3;-3.54;EUR;transport.tax.vat;tax;2021-02-06 07:15:11
3;-9.74;EUR;intermediary.commission;commission;2021-02-06 07:15:11
3;0.7;EUR;transport.tax.vat;tax;2021-02-05 21:08:15
3;-0.7;EUR;transport.tax.vat;tax;2021-02-05 21:08:15
3;7.68;EUR;transport.fare.driver_upfront_fare;driver_payment_fares;2021-02-05 21:08:15
3;-1.92;EUR;intermediary.commission;commission;2021-02-05 21:08:15
3;-2.45;EUR;transport.tax.vat;tax;2021-02-05 20:07:56
3;-6.74;EUR;intermediary.commission;commission;2021-02-05 20:07:56
3;26.97;EUR;transport.fare.driver_upfront_fare;driver_payment_fares;2021-02-05 20:07:56
3;2.45;EUR;transport.tax.vat;tax;2021-02-05 20:07:56
3;0.55;EUR;transport.tax.vat;tax;2021-02-05 18:53:36
3;-1.5;EUR;intermediary.commission;commission;2021-02-05 18:53:36
3;6.0;EUR;transport.fare.driver_upfront_fare;driver_payment_fares;2021-02-05 18:53:36
3;-0.55;EUR;transport.tax.vat;tax;2021-02-05 18:53:36
3;-9.0;EUR;intermediary.commission;commission;2021-02-05 13:03:39
3;35.99;EUR;transport.fare.driver_upfront_fare;driver_payment_fares;2021-02-05 13:03:39
3;3.27;EUR;transport.tax.vat;tax;2021-02-05 13:03:39
3;-3.27;EUR;transport.tax.vat;tax;2021-02-05 13:03:39
3;14.6;EUR;transport.fare.driver_upfront_fare;driver_payment_fares;2021-02-05 12:35:04
3;1.34;EUR;transport.tax.vat;tax;2021-02-05 12:35:04
3;-1.34;EUR;transport.tax.vat;tax;2021-02-05 12:35:04
3;-3.65;EUR;intermediary.commission;commission;2021-02-05 12:35:04
3;2.97;EUR;transport.tax.vat;tax;2021-02-05 08:31:19
3;-8.16;EUR;intermediary.commission;commission;2021-02-05 08:31:19
3;-2.97;EUR;transport.tax.vat;tax;2021-02-05 08:31:19
3;32.65;EUR;transport.fare.driver_upfront_fare;driver_payment_fares;2021-02-05 08:31:19
3;-1.5;EUR;intermediary.commission;commission;2021-02-04 20:51:12
3;0.55;EUR;transport.tax.vat;tax;2021-02-04 20:51:12
3;6.0;EUR;transport.fare.driver_upfront_fare;driver_payment_fares;2021-02-04 20:51:12
3;-0.55;EUR;transport.tax.vat;tax;2021-02-04 20:51:12
3;-1.14;EUR;transport.tax.vat;tax;2021-02-04 20:27:31
3;1.14;EUR;transport.tax.vat;tax;2021-02-04 20:27:31
3;12.32;EUR;transport.fare.driver_upfront_fare;driver_payment_fares;2021-02-04 20:27:31
3;-3.08;EUR;intermediary.commission;commission;2021-02-04 20:27:31
3;12.1;EUR;transport.fare.driver_upfront_fare;driver_payment_fares;2021-02-04 19:56:50
3;-3.03;EUR;intermediary.commission;commission;2021-02-04 19:56:50
3;1.12;EUR;transport.tax.vat;tax;2021-02-04 19:56:50
3;-1.12;EUR;transport.tax.vat;tax;2021-02-04 19:56:50
3;10.62;EUR;transport.fare.driver_upfront_fare;driver_payment_fares;2021-02-04 17:18:22
3;-0.98;EUR;transport.tax.vat;tax;2021-02-04 17:18:22
3;-2.66;EUR;intermediary.commission;commission;2021-02-04 17:18:22
3;0.98;EUR;transport.tax.vat;tax;2021-02-04 17:18:22
3;10.82;EUR;transport.fare.driver_upfront_fare;driver_payment_fares;2021-02-04 16:57:30
3;1.0;EUR;transport.tax.vat;tax;2021-02-04 16:57:30
3;-1.0;EUR;transport.tax.vat;tax;2021-02-04 16:57:30
3;-2.71;EUR;intermediary.commission;commission;2021-02-04 16:57:30
3;-0.61;EUR;transport.tax.vat;tax;2021-02-04 16:25:29
3;0.61;EUR;transport.tax.vat;tax;2021-02-04 16:25:29
3;6.69;EUR;transport.fare.driver_upfront_fare;driver_payment_fares;2021-02-04 16:25:29
3;-1.67;EUR;intermediary.commission;commission;2021-02-04 16:25:29
3;-2.45;EUR;intermediary.commission;commission;2021-02-04 13:33:49
3;9.81;EUR;transport.fare.driver_upfront_fare;driver_payment_fares;2021-02-04 13:33:49
3;-0.9;EUR;transport.tax.vat;tax;2021-02-04 13:33:49
3;0.9;EUR;transport.tax.vat;tax;2021-02-04 13:33:49
3;20.82;EUR;transport.fare.driver_upfront_fare;driver_payment_fares;2021-02-04 12:32:35
3;1.89;EUR;transport.tax.vat;tax;2021-02-04 12:32:35
3;-1.89;EUR;transport.tax.vat;tax;2021-02-04 12:32:35
3;-5.21;EUR;intermediary.commission;commission;2021-02-04 12:32:35
3;7.34;EUR;transport.fare.time;driver_payment_fares;2021-02-04 11:35:08
3;1.15;EUR;transport.tax.vat;tax;2021-02-04 11:35:08
3;-1.15;EUR;transport.tax.vat;tax;2021-02-04 11:35:08
3;1.2;EUR;transport.fare.base;driver_payment_fares;2021-02-04 11:35:08
3;4.0;EUR;transport.fare.distance;driver_payment_fares;2021-02-04 11:35:08
3;-3.14;EUR;intermediary.commission;commission;2021-02-04 11:35:08
3;9.07;EUR;transport.fare.driver_upfront_fare;driver_payment_fares;2021-02-04 11:08:18
3;0.83;EUR;transport.tax.vat;tax;2021-02-04 11:08:18
3;-0.83;EUR;transport.tax.vat;tax;2021-02-04 11:08:18
3;-2.27;EUR;intermediary.commission;commission;2021-02-04 11:08:18
3;1.0;EUR;transport.misc.tip;tip;2021-02-04 11:08:18
3;-2.06;EUR;intermediary.commission;commission;2021-02-04 09:23:55
3;-0.75;EUR;transport.tax.vat;tax;2021-02-04 09:23:55
3;8.23;EUR;transport.fare.driver_upfront_fare;driver_payment_fares;2021-02-04 09:23:55
3;0.75;EUR;transport.tax.vat;tax;2021-02-04 09:23:55
3;1.04;EUR;transport.tax.vat;tax;2021-02-03 19:46:02
3;11.32;EUR;transport.fare.driver_upfront_fare;driver_payment_fares;2021-02-03 19:46:02
3;-2.83;EUR;intermediary.commission;commission;2021-02-03 19:46:02
3;-1.04;EUR;transport.tax.vat;tax;2021-02-03 19:46:02
3;-0.55;EUR;transport.tax.vat;tax;2021-02-03 18:42:13
3;0.55;EUR;transport.tax.vat;tax;2021-02-03 18:42:13
3;6.0;EUR;transport.fare.driver_upfront_fare;driver_payment_fares;2021-02-03 18:42:13
3;-1.51;EUR;intermediary.commission;commission;2021-02-03 18:42:13
3;0.02;EUR;transport.fare.charges.wait_time;driver_payment_charges;2021-02-03 18:42:13
3;-1.81;EUR;transport.tax.vat;tax;2021-02-03 18:03:33
3;-4.99;EUR;intermediary.commission;commission;2021-02-03 18:03:33
3;1.81;EUR;transport.tax.vat;tax;2021-02-03 18:03:33
3;0.71;EUR;transport.fare.charges.wait_time;driver_payment_charges;2021-02-03 18:03:33
3;19.25;EUR;transport.fare.driver_upfront_fare;driver_payment_fares;2021-02-03 18:03:33
3;-0.55;EUR;transport.tax.vat;tax;2021-02-03 17:47:09
3;6.0;EUR;transport.fare.driver_upfront_fare;driver_payment_fares;2021-02-03 17:47:09
3;0.55;EUR;transport.tax.vat;tax;2021-02-03 17:47:09
3;-1.5;EUR;intermediary.commission;commission;2021-02-03 17:47:09
3;21.88;EUR;transport.fare.driver_upfront_fare;driver_payment_fares;2021-02-03 16:24:19
3;-5.47;EUR;intermediary.commission;commission;2021-02-03 16:24:19
3;1.99;EUR;transport.tax.vat;tax;2021-02-03 16:24:19
3;-1.99;EUR;transport.tax.vat;tax;2021-02-03 16:24:19
3;-2.92;EUR;transport.tax.vat;tax;2021-02-03 15:40:52
3;-7.89;EUR;intermediary.commission;commission;2021-02-03 15:40:52
3;31.57;EUR;transport.fare.driver_upfront_fare;driver_payment_fares;2021-02-03 15:40:52
3;2.92;EUR;transport.tax.vat;tax;2021-02-03 15:40:52
3;9.09;EUR;transport.fare.driver_upfront_fare;driver_payment_fares;2021-02-03 15:05:22
3;-2.27;EUR;intermediary.commission;commission;2021-02-03 15:05:22
3;0.84;EUR;transport.tax.vat;tax;2021-02-03 15:05:22
3;-0.84;EUR;transport.tax.vat;tax;2021-02-03 15:05:22
3;1.54;EUR;transport.tax.vat;tax;2021-02-03 14:41:49
3;-4.18;EUR;intermediary.commission;commission;2021-02-03 14:41:49
3;16.72;EUR;transport.fare.driver_upfront_fare;driver_payment_fares;2021-02-03 14:41:49
3;-1.54;EUR;transport.tax.vat;tax;2021-02-03 14:41:49
3;1.89;EUR;transport.tax.vat;tax;2021-02-03 13:32:35
3;-1.89;EUR;transport.tax.vat;tax;2021-02-03 13:32:35
3;-5.13;EUR;intermediary.commission;commission;2021-02-03 13:32:35
3;20.5;EUR;transport.fare.driver_upfront_fare;driver_payment_fares;2021-02-03 13:32:35
3;-0.91;EUR;transport.tax.vat;tax;2021-02-03 13:09:53
3;9.94;EUR;transport.fare.driver_upfront_fare;driver_payment_fares;2021-02-03 13:09:53
3;0.91;EUR;transport.tax.vat;tax;2021-02-03 13:09:53
3;-2.49;EUR;intermediary.commission;commission;2021-02-03 13:09:53
3;-3.71;EUR;transport.tax.vat;tax;2021-02-03 09:55:45
3;5.07;EUR;transport.fare.charges.wait_time;driver_payment_charges;2021-02-03 09:55:45
3;35.1;EUR;transport.fare.driver_upfront_fare;driver_payment_fares;2021-02-03 09:55:45
3;3.71;EUR;transport.tax.vat;tax;2021-02-03 09:55:45
3;-10.04;EUR;intermediary.commission;commission;2021-02-03 09:55:45
3;-0.96;EUR;transport.tax.vat;tax;2021-02-02 22:34:28
3;0.96;EUR;transport.tax.vat;tax;2021-02-02 22:34:28
3;-2.59;EUR;intermediary.commission;commission;2021-02-02 22:34:28
3;10.36;EUR;transport.fare.driver_upfront_fare;driver_payment_fares;2021-02-02 22:34:28
3;-1.85;EUR;intermediary.commission;commission;2021-02-02 22:17:02
3;7.4;EUR;transport.fare.driver_upfront_fare;driver_payment_fares;2021-02-02 22:17:02
3;-0.67;EUR;transport.tax.vat;tax;2021-02-02 22:17:02
3;0.67;EUR;transport.tax.vat;tax;2021-02-02 22:17:02
3;-2.32;EUR;intermediary.commission;commission;2021-02-02 21:58:25
3;9.28;EUR;transport.fare.driver_upfront_fare;driver_payment_fares;2021-02-02 21:58:25
3;0.85;EUR;transport.tax.vat;tax;2021-02-02 21:58:25
3;-0.85;EUR;transport.tax.vat;tax;2021-02-02 21:58:25
3;0.55;EUR;transport.tax.vat;tax;2021-02-02 19:39:54
3;-1.5;EUR;intermediary.commission;commission;2021-02-02 19:39:54
3;-0.55;EUR;transport.tax.vat;tax;2021-02-02 19:39:54
3;6.0;EUR;transport.fare.driver_upfront_fare;driver_payment_fares;2021-02-02 19:39:54
3;-0.83;EUR;transport.tax.vat;tax;2021-02-02 19:14:03
3;9.05;EUR;transport.fare.driver_upfront_fare;driver_payment_fares;2021-02-02 19:14:03
3;-2.26;EUR;intermediary.commission;commission;2021-02-02 19:14:03
3;0.83;EUR;transport.tax.vat;tax;2021-02-02 19:14:03
3;9.15;EUR;transport.fare.driver_upfront_fare;driver_payment_fares;2021-02-02 18:49:21
3;-0.84;EUR;transport.tax.vat;tax;2021-02-02 18:49:21
3;-2.29;EUR;intermediary.commission;commission;2021-02-02 18:49:21
3;0.84;EUR;transport.tax.vat;tax;2021-02-02 18:49:21
3;-7.26;EUR;intermediary.commission;commission;2021-02-02 18:05:49
3;-2.69;EUR;transport.tax.vat;tax;2021-02-02 18:05:49
3;2.69;EUR;transport.tax.vat;tax;2021-02-02 18:05:49
3;29.04;EUR;transport.fare.driver_upfront_fare;driver_payment_fares;2021-02-02 18:05:49
3;-0.65;EUR;transport.tax.vat;tax;2021-02-02 15:20:00
3;2.65;EUR;transport.fare.distance;driver_payment_fares;2021-02-02 15:20:00
3;-1.77;EUR;intermediary.commission;commission;2021-02-02 15:20:00
3;1.2;EUR;transport.fare.base;driver_payment_fares;2021-02-02 15:20:00
3;3.22;EUR;transport.fare.time;driver_payment_fares;2021-02-02 15:20:00
3;0.65;EUR;transport.tax.vat;tax;2021-02-02 15:20:00
3;-2.98;EUR;intermediary.commission;commission;2021-02-02 14:47:14
3;-1.1;EUR;transport.tax.vat;tax;2021-02-02 14:47:14
3;1.1;EUR;transport.tax.vat;tax;2021-02-02 14:47:14
3;11.93;EUR;transport.fare.driver_upfront_fare;driver_payment_fares;2021-02-02 14:47:14
3;-0.7;EUR;transport.tax.vat;tax;2021-02-02 14:27:44
3;0.7;EUR;transport.tax.vat;tax;2021-02-02 14:27:44
3;7.67;EUR;transport.fare.driver_upfront_fare;driver_payment_fares;2021-02-02 14:27:44
3;-1.92;EUR;intermediary.commission;commission;2021-02-02 14:27:44
3;-1.37;EUR;transport.tax.vat;tax;2021-02-02 14:01:43
3;-3.73;EUR;intermediary.commission;commission;2021-02-02 14:01:43
3;14.93;EUR;transport.fare.driver_upfront_fare;driver_payment_fares;2021-02-02 14:01:43
3;1.37;EUR;transport.tax.vat;tax;2021-02-02 14:01:43
3;-4.05;EUR;intermediary.commission;commission;2021-02-02 13:30:52
3;1.47;EUR;transport.tax.vat;tax;2021-02-02 13:30:52
3;16.21;EUR;transport.fare.driver_upfront_fare;driver_payment_fares;2021-02-02 13:30:52
3;-1.47;EUR;transport.tax.vat;tax;2021-02-02 13:30:52
3;-2.88;EUR;intermediary.commission;commission;2021-02-02 13:14:26
3;1.05;EUR;transport.tax.vat;tax;2021-02-02 13:14:26
3;11.53;EUR;transport.fare.driver_upfront_fare;driver_payment_fares;2021-02-02 13:14:26
3;-1.05;EUR;transport.tax.vat;tax;2021-02-02 13:14:26
3;0.55;EUR;transport.tax.vat;tax;2021-02-02 12:55:12
3;-0.55;EUR;transport.tax.vat;tax;2021-02-02 12:55:12
3;6.0;EUR;transport.fare.driver_upfront_fare;driver_payment_fares;2021-02-02 12:55:12
3;-1.5;EUR;intermediary.commission;commission;2021-02-02 12:55:12
3;10.07;EUR;transport.fare.driver_upfront_fare;driver_payment_fares;2021-02-02 12:31:27
3;-0.92;EUR;transport.tax.vat;tax;2021-02-02 12:31:27
3;0.92;EUR;transport.tax.vat;tax;2021-02-02 12:31:27
3;-2.52;EUR;intermediary.commission;commission;2021-02-02 12:31:27
3;-0.55;EUR;transport.tax.vat;tax;2021-02-02 11:57:25
3;6.0;EUR;transport.fare.driver_upfront_fare;driver_payment_fares;2021-02-02 11:57:25
3;-1.5;EUR;intermediary.commission;commission;2021-02-02 11:57:25
3;0.55;EUR;transport.tax.vat;tax;2021-02-02 11:57:25
3;19.69;EUR;transport.fare.driver_upfront_fare;driver_payment_fares;2021-02-02 10:58:55
3;-4.92;EUR;intermediary.commission;commission;2021-02-02 10:58:55
3;1.81;EUR;transport.tax.vat;tax;2021-02-02 10:58:55
3;-1.81;EUR;transport.tax.vat;tax;2021-02-02 10:58:55
3;2.34;EUR;transport.tax.vat;tax;2021-02-02 10:12:17
3;-2.34;EUR;transport.tax.vat;tax;2021-02-02 10:12:17
3;-6.34;EUR;intermediary.commission;commission;2021-02-02 10:12:17
3;25.35;EUR;transport.fare.driver_upfront_fare;driver_payment_fares;2021-02-02 10:12:17
3;-3.16;EUR;intermediary.commission;commission;2021-02-02 09:17:12
3;12.62;EUR;transport.fare.driver_upfront_fare;driver_payment_fares;2021-02-02 09:17:12
3;-1.15;EUR;transport.tax.vat;tax;2021-02-02 09:17:12
3;1.15;EUR;transport.tax.vat;tax;2021-02-02 09:17:12
3;0.72;EUR;transport.tax.vat;tax;2021-02-01 23:05:32
3;-1.94;EUR;intermediary.commission;commission;2021-02-01 23:05:32
3;-0.72;EUR;transport.tax.vat;tax;2021-02-01 23:05:32
3;7.76;EUR;transport.fare.driver_upfront_fare;driver_payment_fares;2021-02-01 23:05:32
3;-1.06;EUR;transport.tax.vat;tax;2021-02-01 22:29:57
3;-2.88;EUR;intermediary.commission;commission;2021-02-01 22:29:57
3;11.5;EUR;transport.fare.driver_upfront_fare;driver_payment_fares;2021-02-01 22:29:57
3;1.06;EUR;transport.tax.vat;tax;2021-02-01 22:29:57
3;1.39;EUR;transport.tax.vat;tax;2021-02-01 21:38:28
3;14.99;EUR;transport.fare.driver_upfront_fare;driver_payment_fares;2021-02-01 21:38:28
3;-3.75;EUR;intermediary.commission;commission;2021-02-01 21:38:28
3;-1.39;EUR;transport.tax.vat;tax;2021-02-01 21:38:28
3;0.6;EUR;transport.tax.vat;tax;2021-02-01 11:06:02
3;6.56;EUR;transport.fare.driver_upfront_fare;driver_payment_fares;2021-02-01 11:06:02
3;-0.6;EUR;transport.tax.vat;tax;2021-02-01 11:06:02
3;-1.64;EUR;intermediary.commission;commission;2021-02-01 11:06:02