{
  "topics_your_reels_emotions": [
    {
      "title": "",
      "media_map_data": {
        
      },
      "string_map_data": {
        "Nom": {
          "href": "",
          "value": "Adorable",
          "timestamp": 0
        }
      }
    },
    {
      "title": "",
      "media_map_data": {
        
      },
      "string_map_data": {
        "Nom": {
          "href": "",
          "value": "Emotional",
          "timestamp": 0
        }
      }
    },
    {
      "title": "",
      "media_map_data": {
        
      },
      "string_map_data": {
        "Nom": {
          "href": "",
          "value": "Exciting",
          "timestamp": 0
        }
      }
    },
    {
      "title": "",
      "media_map_data": {
        
      },
      "string_map_data": {
        "Nom": {
          "href": "",
          "value": "Fascinating",
          "timestamp": 0
        }
      }
    },
    {
      "title": "",
      "media_map_data": {
        
      },
      "string_map_data": {
        "Nom": {
          "href": "",
          "value": "Funny",
          "timestamp": 0
        }
      }
    },
    {
      "title": "",
      "media_map_data": {
        
      },
      "string_map_data": {
        "Nom": {
          "href": "",
          "value": "Inspiring",
          "timestamp": 0
        }
      }
    },
    {
      "title": "",
      "media_map_data": {
        
      },
      "string_map_data": {
        "Nom": {
          "href": "",
          "value": "Relaxing",
          "timestamp": 0
        }
      }
    },
    {
      "title": "",
      "media_map_data": {
        
      },
      "string_map_data": {
        "Nom": {
          "href": "",
          "value": "Surprising",
          "timestamp": 0
        }
      }
    }
  ]
}