{"likes_comment_likes": [{"title": "brittany.love", "media_list_data": [], "string_list_data": [{"href": "https://www.instagram.com/p/example/", "value": "\u00f0\u009f\u0091\u008d", "timestamp": 1540235379}]}, {"title": "vincent.martin", "media_list_data": [], "string_list_data": [{"href": "https://www.instagram.com/p/example/", "value": "\u00f0\u009f\u0091\u008d", "timestamp": 1527026013}]}, {"title": "miranda.norris", "media_list_data": [], "string_list_data": [{"href": "https://www.instagram.com/p/example/", "value": "\u00f0\u009f\u0091\u008d", "timestamp": 1561297147}]}, {"title": "cynthia.gould", "media_list_data": [], "string_list_data": [{"href": "https://www.instagram.com/p/example/", "value": "\u00f0\u009f\u0091\u008d", "timestamp": 1591221510}]}, {"title": "william.martinez", "media_list_data": [], "string_list_data": [{"href": "https://www.instagram.com/p/example/", "value": "\u00f0\u009f\u0091\u008d", "timestamp": 1530674615}]}, {"title": "michael.lewis", "media_list_data": [], "string_list_data": [{"href": "https://www.instagram.com/p/example/", "value": "\u00f0\u009f\u0091\u008d", "timestamp": 1622804918}]}, {"title": "brittany.walker", "media_list_data": [], "string_list_data": [{"href": "https://www.instagram.com/p/example/", "value": "\u00f0\u009f\u0091\u008d", "timestamp": 1595201034}]}, {"title": "mario.hernandez", "media_list_data": [], "string_list_data": [{"href": "https://www.instagram.com/p/example/", "value": "\u00f0\u009f\u0091\u008d", "timestamp": 1548308225}]}, {"title": "kimberly.adams", "media_list_data": [], "string_list_data": [{"href": "https://www.instagram.com/p/example/", "value": "\u00f0\u009f\u0091\u008d", "timestamp": 1610822186}]}, {"title": "derrick.wiggins", "media_list_data": [], "string_list_data": [{"href": "https://www.instagram.com/p/example/", "value": "\u00f0\u009f\u0091\u008d", "timestamp": 1545079071}]}, {"title": "sharon.alexander", "media_list_data": [], "string_list_data": [{"href": "https://www.instagram.com/p/example/", "value": "\u00f0\u009f\u0091\u008d", "timestamp": 1662376696}]}, {"title": "thomas.taylor", "media_list_data": [], "string_list_data": [{"href": "https://www.instagram.com/p/example/", "value": "\u00f0\u009f\u0091\u008d", "timestamp": 1551844871}]}, {"title": "courtney.dawson", "media_list_data": [], "string_list_data": [{"href": "https://www.instagram.com/p/example/", "value": "\u00f0\u009f\u0091\u008d", "timestamp": 1603445128}]}, {"title": "richard.aguilar", "media_list_data": [], "string_list_data": [{"href": "https://www.instagram.com/p/example/", "value": "\u00f0\u009f\u0091\u008d", "timestamp": 1651070459}]}, {"title": "paul.esparza", "media_list_data": [], "string_list_data": [{"href": "https://www.instagram.com/p/example/", "value": "\u00f0\u009f\u0091\u008d", "timestamp": 1661183250}]}, {"title": "april.cox", "media_list_data": [], "string_list_data": [{"href": "https://www.instagram.com/p/example/", "value": "\u00f0\u009f\u0091\u008d", "timestamp": 1527788956}]}, {"title": "jessica.alexander", "media_list_data": [], "string_list_data": [{"href": "https://www.instagram.com/p/example/", "value": "\u00f0\u009f\u0091\u008d", "timestamp": 1602934438}]}, {"title": "gina.williamson", "media_list_data": [], "string_list_data": [{"href": "https://www.instagram.com/p/example/", "value": "\u00f0\u009f\u0091\u008d", "timestamp": 1510656394}]}, {"title": "jeremiah.hamilton", "media_list_data": [], "string_list_data": [{"href": "https://www.instagram.com/p/example/", "value": "\u00f0\u009f\u0091\u008d", "timestamp": 1582338630}]}, {"title": "kyle.smith", "media_list_data": [], "string_list_data": [{"href": "https://www.instagram.com/p/example/", "value": "\u00f0\u009f\u0091\u008d", "timestamp": 1564115074}]}, {"title": "dennis.moore", "media_list_data": [], "string_list_data": [{"href": "https://www.instagram.com/p/example/", "value": "\u00f0\u009f\u0091\u008d", "timestamp": 1604630774}]}, {"title": "kevin.jennings", "media_list_data": [], "string_list_data": [{"href": "https://www.instagram.com/p/example/", "value": "\u00f0\u009f\u0091\u008d", "timestamp": 1531480355}]}, {"title": "krista.brown", "media_list_data": [], "string_list_data": [{"href": "https://www.instagram.com/p/example/", "value": "\u00f0\u009f\u0091\u008d", "timestamp": 1618068247}]}, {"title": "walter.coffey", "media_list_data": [], "string_list_data": [{"href": "https://www.instagram.com/p/example/", "value": "\u00f0\u009f\u0091\u008d", "timestamp": 1656719194}]}, {"title": "mallory.lawson", "media_list_data": [], "string_list_data": [{"href": "https://www.instagram.com/p/example/", "value": "\u00f0\u009f\u0091\u008d", "timestamp": 1627242736}]}, {"title": "kyle.guerrero", "media_list_data": [], "string_list_data": [{"href": "https://www.instagram.com/p/example/", "value": "\u00f0\u009f\u0091\u008d", "timestamp": 1594280147}]}, {"title": "mariah.patterson", "media_list_data": [], "string_list_data": [{"href": "https://www.instagram.com/p/example/", "value": "\u00f0\u009f\u0091\u008d", "timestamp": 1651433214}]}, {"title": "miguel.moore", "media_list_data": [], "string_list_data": [{"href": "https://www.instagram.com/p/example/", "value": "\u00f0\u009f\u0091\u008d", "timestamp": 1589359502}]}, {"title": "austin.wong", "media_list_data": [], "string_list_data": [{"href": "https://www.instagram.com/p/example/", "value": "\u00f0\u009f\u0091\u008d", "timestamp": 1557297214}]}, {"title": "elizabeth.fields", "media_list_data": [], "string_list_data": [{"href": "https://www.instagram.com/p/example/", "value": "\u00f0\u009f\u0091\u008d", "timestamp": 1603054946}]}, {"title": "heidi.hill", "media_list_data": [], "string_list_data": [{"href": "https://www.instagram.com/p/example/", "value": "\u00f0\u009f\u0091\u008d", "timestamp": 1555232333}]}, {"title": "darius.mercer", "media_list_data": [], "string_list_data": [{"href": "https://www.instagram.com/p/example/", "value": "\u00f0\u009f\u0091\u008d", "timestamp": 1640530913}]}, {"title": "tammy.rich", "media_list_data": [], "string_list_data": [{"href": "https://www.instagram.com/p/example/", "value": "\u00f0\u009f\u0091\u008d", "timestamp": 1604985660}]}, {"title": "benjamin.wyatt", "media_list_data": [], "string_list_data": [{"href": "https://www.instagram.com/p/example/", "value": "\u00f0\u009f\u0091\u008d", "timestamp": 1659845507}]}, {"title": "nicole.smith", "media_list_data": [], "string_list_data": [{"href": "https://www.instagram.com/p/example/", "value": "\u00f0\u009f\u0091\u008d", "timestamp": 1661551575}]}, {"title": "roger.stewart", "media_list_data": [], "string_list_data": [{"href": "https://www.instagram.com/p/example/", "value": "\u00f0\u009f\u0091\u008d", "timestamp": 1596068628}]}, {"title": "james.morgan", "media_list_data": [], "string_list_data": [{"href": "https://www.instagram.com/p/example/", "value": "\u00f0\u009f\u0091\u008d", "timestamp": 1566347782}]}, {"title": "george.hall", "media_list_data": [], "string_list_data": [{"href": "https://www.instagram.com/p/example/", "value": "\u00f0\u009f\u0091\u008d", "timestamp": 1558380784}]}, {"title": "alexandra.kelly", "media_list_data": [], "string_list_data": [{"href": "https://www.instagram.com/p/example/", "value": "\u00f0\u009f\u0091\u008d", "timestamp": 1596245110}]}, {"title": "tara.rivera", "media_list_data": [], "string_list_data": [{"href": "https://www.instagram.com/p/example/", "value": "\u00f0\u009f\u0091\u008d", "timestamp": 1651242271}]}, {"title": "cynthia.newman", "media_list_data": [], "string_list_data": [{"href": "https://www.instagram.com/p/example/", "value": "\u00f0\u009f\u0091\u008d", "timestamp": 1626696893}]}, {"title": "angela.carpenter", "media_list_data": [], "string_list_data": [{"href": "https://www.instagram.com/p/example/", "value": "\u00f0\u009f\u0091\u008d", "timestamp": 1535320837}]}, {"title": "eric.calhoun", "media_list_data": [], "string_list_data": [{"href": "https://www.instagram.com/p/example/", "value": "\u00f0\u009f\u0091\u008d", "timestamp": 1557685032}]}, {"title": "stephanie.hodge", "media_list_data": [], "string_list_data": [{"href": "https://www.instagram.com/p/example/", "value": "\u00f0\u009f\u0091\u008d", "timestamp": 1574591507}]}, {"title": "michele.young", "media_list_data": [], "string_list_data": [{"href": "https://www.instagram.com/p/example/", "value": "\u00f0\u009f\u0091\u008d", "timestamp": 1628877541}]}, {"title": "heather.norris", "media_list_data": [], "string_list_data": [{"href": "https://www.instagram.com/p/example/", "value": "\u00f0\u009f\u0091\u008d", "timestamp": 1530714945}]}, {"title": "whitney.edwards", "media_list_data": [], "string_list_data": [{"href": "https://www.instagram.com/p/example/", "value": "\u00f0\u009f\u0091\u008d", "timestamp": 1525547469}]}, {"title": "john.carter", "media_list_data": [], "string_list_data": [{"href": "https://www.instagram.com/p/example/", "value": "\u00f0\u009f\u0091\u008d", "timestamp": 1583786404}]}, {"title": "nicole.bradley", "media_list_data": [], "string_list_data": [{"href": "https://www.instagram.com/p/example/", "value": "\u00f0\u009f\u0091\u008d", "timestamp": 1651514627}]}, {"title": "steven.edwards", "media_list_data": [], "string_list_data": [{"href": "https://www.instagram.com/p/example/", "value": "\u00f0\u009f\u0091\u008d", "timestamp": 1517313582}]}, {"title": "brandon.willis", "media_list_data": [], "string_list_data": [{"href": "https://www.instagram.com/p/example/", "value": "\u00f0\u009f\u0091\u008d", "timestamp": 1521790809}]}, {"title": "stacey.moore", "media_list_data": [], "string_list_data": [{"href": "https://www.instagram.com/p/example/", "value": "\u00f0\u009f\u0091\u008d", "timestamp": 1563799068}]}, {"title": "mariah.cox", "media_list_data": [], "string_list_data": [{"href": "https://www.instagram.com/p/example/", "value": "\u00f0\u009f\u0091\u008d", "timestamp": 1653422602}]}, {"title": "denise.stafford", "media_list_data": [], "string_list_data": [{"href": "https://www.instagram.com/p/example/", "value": "\u00f0\u009f\u0091\u008d", "timestamp": 1583445709}]}, {"title": "roger.hall", "media_list_data": [], "string_list_data": [{"href": "https://www.instagram.com/p/example/", "value": "\u00f0\u009f\u0091\u008d", "timestamp": 1643961092}]}, {"title": "patricia.brown", "media_list_data": [], "string_list_data": [{"href": "https://www.instagram.com/p/example/", "value": "\u00f0\u009f\u0091\u008d", "timestamp": 1591223221}]}, {"title": "angela.mueller", "media_list_data": [], "string_list_data": [{"href": "https://www.instagram.com/p/example/", "value": "\u00f0\u009f\u0091\u008d", "timestamp": 1564759533}]}, {"title": "brett.thompson", "media_list_data": [], "string_list_data": [{"href": "https://www.instagram.com/p/example/", "value": "\u00f0\u009f\u0091\u008d", "timestamp": 1518195634}]}, {"title": "jeffrey.lee", "media_list_data": [], "string_list_data": [{"href": "https://www.instagram.com/p/example/", "value": "\u00f0\u009f\u0091\u008d", "timestamp": 1550936052}]}, {"title": "joanna.thompson", "media_list_data": [], "string_list_data": [{"href": "https://www.instagram.com/p/example/", "value": "\u00f0\u009f\u0091\u008d", "timestamp": 1649050040}]}, {"title": "daniel.smith", "media_list_data": [], "string_list_data": [{"href": "https://www.instagram.com/p/example/", "value": "\u00f0\u009f\u0091\u008d", "timestamp": 1595169133}]}, {"title": "william.burns", "media_list_data": [], "string_list_data": [{"href": "https://www.instagram.com/p/example/", "value": "\u00f0\u009f\u0091\u008d", "timestamp": 1656615006}]}, {"title": "stephen.harrington", "media_list_data": [], "string_list_data": [{"href": "https://www.instagram.com/p/example/", "value": "\u00f0\u009f\u0091\u008d", "timestamp": 1650481923}]}, {"title": "kristina.barnes", "media_list_data": [], "string_list_data": [{"href": "https://www.instagram.com/p/example/", "value": "\u00f0\u009f\u0091\u008d", "timestamp": 1528694651}]}, {"title": "tanya.shaw", "media_list_data": [], "string_list_data": [{"href": "https://www.instagram.com/p/example/", "value": "\u00f0\u009f\u0091\u008d", "timestamp": 1554455066}]}, {"title": "micheal.alexander", "media_list_data": [], "string_list_data": [{"href": "https://www.instagram.com/p/example/", "value": "\u00f0\u009f\u0091\u008d", "timestamp": 1561764405}]}, {"title": "paul.cortez", "media_list_data": [], "string_list_data": [{"href": "https://www.instagram.com/p/example/", "value": "\u00f0\u009f\u0091\u008d", "timestamp": 1627935685}]}, {"title": "trevor.li", "media_list_data": [], "string_list_data": [{"href": "https://www.instagram.com/p/example/", "value": "\u00f0\u009f\u0091\u008d", "timestamp": 1513643971}]}, {"title": "bruce.flores", "media_list_data": [], "string_list_data": [{"href": "https://www.instagram.com/p/example/", "value": "\u00f0\u009f\u0091\u008d", "timestamp": 1587953857}]}, {"title": "christopher.collins", "media_list_data": [], "string_list_data": [{"href": "https://www.instagram.com/p/example/", "value": "\u00f0\u009f\u0091\u008d", "timestamp": 1538929014}]}, {"title": "margaret.holmes", "media_list_data": [], "string_list_data": [{"href": "https://www.instagram.com/p/example/", "value": "\u00f0\u009f\u0091\u008d", "timestamp": 1592806648}]}, {"title": "jill.stone", "media_list_data": [], "string_list_data": [{"href": "https://www.instagram.com/p/example/", "value": "\u00f0\u009f\u0091\u008d", "timestamp": 1582589033}]}, {"title": "michael.fernandez", "media_list_data": [], "string_list_data": [{"href": "https://www.instagram.com/p/example/", "value": "\u00f0\u009f\u0091\u008d", "timestamp": 1572466507}]}, {"title": "brandon.daniels", "media_list_data": [], "string_list_data": [{"href": "https://www.instagram.com/p/example/", "value": "\u00f0\u009f\u0091\u008d", "timestamp": 1638539697}]}, {"title": "paul.ramirez", "media_list_data": [], "string_list_data": [{"href": "https://www.instagram.com/p/example/", "value": "\u00f0\u009f\u0091\u008d", "timestamp": 1611390422}]}, {"title": "stefanie.jacobson", "media_list_data": [], "string_list_data": [{"href": "https://www.instagram.com/p/example/", "value": "\u00f0\u009f\u0091\u008d", "timestamp": 1644605488}]}, {"title": "erin.briggs", "media_list_data": [], "string_list_data": [{"href": "https://www.instagram.com/p/example/", "value": "\u00f0\u009f\u0091\u008d", "timestamp": 1539776557}]}, {"title": "angel.ray", "media_list_data": [], "string_list_data": [{"href": "https://www.instagram.com/p/example/", "value": "\u00f0\u009f\u0091\u008d", "timestamp": 1657382127}]}, {"title": "brandon.shaw", "media_list_data": [], "string_list_data": [{"href": "https://www.instagram.com/p/example/", "value": "\u00f0\u009f\u0091\u008d", "timestamp": 1661197999}]}, {"title": "meghan.mitchell", "media_list_data": [], "string_list_data": [{"href": "https://www.instagram.com/p/example/", "value": "\u00f0\u009f\u0091\u008d", "timestamp": 1516069448}]}, {"title": "rebecca.rodriguez", "media_list_data": [], "string_list_data": [{"href": "https://www.instagram.com/p/example/", "value": "\u00f0\u009f\u0091\u008d", "timestamp": 1653830715}]}, {"title": "samuel.edwards", "media_list_data": [], "string_list_data": [{"href": "https://www.instagram.com/p/example/", "value": "\u00f0\u009f\u0091\u008d", "timestamp": 1518279417}]}, {"title": "julie.williams", "media_list_data": [], "string_list_data": [{"href": "https://www.instagram.com/p/example/", "value": "\u00f0\u009f\u0091\u008d", "timestamp": 1588045764}]}, {"title": "jane.robinson", "media_list_data": [], "string_list_data": [{"href": "https://www.instagram.com/p/example/", "value": "\u00f0\u009f\u0091\u008d", "timestamp": 1629534573}]}, {"title": "patricia.douglas", "media_list_data": [], "string_list_data": [{"href": "https://www.instagram.com/p/example/", "value": "\u00f0\u009f\u0091\u008d", "timestamp": 1534708594}]}, {"title": "amanda.steele", "media_list_data": [], "string_list_data": [{"href": "https://www.instagram.com/p/example/", "value": "\u00f0\u009f\u0091\u008d", "timestamp": 1527412931}]}, {"title": "michael.lawrence", "media_list_data": [], "string_list_data": [{"href": "https://www.instagram.com/p/example/", "value": "\u00f0\u009f\u0091\u008d", "timestamp": 1567421647}]}, {"title": "walter.powell", "media_list_data": [], "string_list_data": [{"href": "https://www.instagram.com/p/example/", "value": "\u00f0\u009f\u0091\u008d", "timestamp": 1590886637}]}, {"title": "lauren.ford", "media_list_data": [], "string_list_data": [{"href": "https://www.instagram.com/p/example/", "value": "\u00f0\u009f\u0091\u008d", "timestamp": 1551606392}]}, {"title": "eric.noble", "media_list_data": [], "string_list_data": [{"href": "https://www.instagram.com/p/example/", "value": "\u00f0\u009f\u0091\u008d", "timestamp": 1623391185}]}, {"title": "joseph.chambers", "media_list_data": [], "string_list_data": [{"href": "https://www.instagram.com/p/example/", "value": "\u00f0\u009f\u0091\u008d", "timestamp": 1654510103}]}, {"title": "patricia.odonnell", "media_list_data": [], "string_list_data": [{"href": "https://www.instagram.com/p/example/", "value": "\u00f0\u009f\u0091\u008d", "timestamp": 1657026876}]}, {"title": "amanda.ryan", "media_list_data": [], "string_list_data": [{"href": "https://www.instagram.com/p/example/", "value": "\u00f0\u009f\u0091\u008d", "timestamp": 1667052200}]}, {"title": "todd.robbins", "media_list_data": [], "string_list_data": [{"href": "https://www.instagram.com/p/example/", "value": "\u00f0\u009f\u0091\u008d", "timestamp": 1510830787}]}, {"title": "katie.reynolds", "media_list_data": [], "string_list_data": [{"href": "https://www.instagram.com/p/example/", "value": "\u00f0\u009f\u0091\u008d", "timestamp": 1545358776}]}, {"title": "anna.long", "media_list_data": [], "string_list_data": [{"href": "https://www.instagram.com/p/example/", "value": "\u00f0\u009f\u0091\u008d", "timestamp": 1663973374}]}, {"title": "michelle.baker", "media_list_data": [], "string_list_data": [{"href": "https://www.instagram.com/p/example/", "value": "\u00f0\u009f\u0091\u008d", "timestamp": 1569342479}]}, {"title": "kyle.robertson", "media_list_data": [], "string_list_data": [{"href": "https://www.instagram.com/p/example/", "value": "\u00f0\u009f\u0091\u008d", "timestamp": 1565333215}]}, {"title": "jeffrey.ramirez", "media_list_data": [], "string_list_data": [{"href": "https://www.instagram.com/p/example/", "value": "\u00f0\u009f\u0091\u008d", "timestamp": 1569304797}]}, {"title": "dustin.mcdonald", "media_list_data": [], "string_list_data": [{"href": "https://www.instagram.com/p/example/", "value": "\u00f0\u009f\u0091\u008d", "timestamp": 1617009306}]}, {"title": "bryan.cohen", "media_list_data": [], "string_list_data": [{"href": "https://www.instagram.com/p/example/", "value": "\u00f0\u009f\u0091\u008d", "timestamp": 1664017783}]}, {"title": "leslie.burch", "media_list_data": [], "string_list_data": [{"href": "https://www.instagram.com/p/example/", "value": "\u00f0\u009f\u0091\u008d", "timestamp": 1595987463}]}, {"title": "jay.lester", "media_list_data": [], "string_list_data": [{"href": "https://www.instagram.com/p/example/", "value": "\u00f0\u009f\u0091\u008d", "timestamp": 1514943490}]}, {"title": "alexander.beasley", "media_list_data": [], "string_list_data": [{"href": "https://www.instagram.com/p/example/", "value": "\u00f0\u009f\u0091\u008d", "timestamp": 1630036508}]}, {"title": "crystal.myers", "media_list_data": [], "string_list_data": [{"href": "https://www.instagram.com/p/example/", "value": "\u00f0\u009f\u0091\u008d", "timestamp": 1585128510}]}, {"title": "rita.taylor", "media_list_data": [], "string_list_data": [{"href": "https://www.instagram.com/p/example/", "value": "\u00f0\u009f\u0091\u008d", "timestamp": 1579845450}]}, {"title": "amanda.white", "media_list_data": [], "string_list_data": [{"href": "https://www.instagram.com/p/example/", "value": "\u00f0\u009f\u0091\u008d", "timestamp": 1572675396}]}, {"title": "jennifer.miller", "media_list_data": [], "string_list_data": [{"href": "https://www.instagram.com/p/example/", "value": "\u00f0\u009f\u0091\u008d", "timestamp": 1534756724}]}, {"title": "julie.white", "media_list_data": [], "string_list_data": [{"href": "https://www.instagram.com/p/example/", "value": "\u00f0\u009f\u0091\u008d", "timestamp": 1522026020}]}, {"title": "christopher.mcdonald", "media_list_data": [], "string_list_data": [{"href": "https://www.instagram.com/p/example/", "value": "\u00f0\u009f\u0091\u008d", "timestamp": 1610967701}]}, {"title": "courtney.wagner", "media_list_data": [], "string_list_data": [{"href": "https://www.instagram.com/p/example/", "value": "\u00f0\u009f\u0091\u008d", "timestamp": 1515742276}]}, {"title": "tim.wells", "media_list_data": [], "string_list_data": [{"href": "https://www.instagram.com/p/example/", "value": "\u00f0\u009f\u0091\u008d", "timestamp": 1641521569}]}, {"title": "christopher.padilla", "media_list_data": [], "string_list_data": [{"href": "https://www.instagram.com/p/example/", "value": "\u00f0\u009f\u0091\u008d", "timestamp": 1632692639}]}, {"title": "christian.combs", "media_list_data": [], "string_list_data": [{"href": "https://www.instagram.com/p/example/", "value": "\u00f0\u009f\u0091\u008d", "timestamp": 1658439451}]}, {"title": "john.williams", "media_list_data": [], "string_list_data": [{"href": "https://www.instagram.com/p/example/", "value": "\u00f0\u009f\u0091\u008d", "timestamp": 1652560574}]}, {"title": "albert.reyes", "media_list_data": [], "string_list_data": [{"href": "https://www.instagram.com/p/example/", "value": "\u00f0\u009f\u0091\u008d", "timestamp": 1664834505}]}, {"title": "tonya.roberson", "media_list_data": [], "string_list_data": [{"href": "https://www.instagram.com/p/example/", "value": "\u00f0\u009f\u0091\u008d", "timestamp": 1516310855}]}, {"title": "jennifer.evans", "media_list_data": [], "string_list_data": [{"href": "https://www.instagram.com/p/example/", "value": "\u00f0\u009f\u0091\u008d", "timestamp": 1666997756}]}, {"title": "jonathan.adams", "media_list_data": [], "string_list_data": [{"href": "https://www.instagram.com/p/example/", "value": "\u00f0\u009f\u0091\u008d", "timestamp": 1647435509}]}, {"title": "alexander.anthony", "media_list_data": [], "string_list_data": [{"href": "https://www.instagram.com/p/example/", "value": "\u00f0\u009f\u0091\u008d", "timestamp": 1551554720}]}, {"title": "elizabeth.wilson", "media_list_data": [], "string_list_data": [{"href": "https://www.instagram.com/p/example/", "value": "\u00f0\u009f\u0091\u008d", "timestamp": 1624192543}]}, {"title": "adam.king", "media_list_data": [], "string_list_data": [{"href": "https://www.instagram.com/p/example/", "value": "\u00f0\u009f\u0091\u008d", "timestamp": 1605768307}]}, {"title": "james.moore", "media_list_data": [], "string_list_data": [{"href": "https://www.instagram.com/p/example/", "value": "\u00f0\u009f\u0091\u008d", "timestamp": 1611241338}]}, {"title": "christine.avila", "media_list_data": [], "string_list_data": [{"href": "https://www.instagram.com/p/example/", "value": "\u00f0\u009f\u0091\u008d", "timestamp": 1659310475}]}, {"title": "veronica.logan", "media_list_data": [], "string_list_data": [{"href": "https://www.instagram.com/p/example/", "value": "\u00f0\u009f\u0091\u008d", "timestamp": 1520978102}]}, {"title": "tanya.miranda", "media_list_data": [], "string_list_data": [{"href": "https://www.instagram.com/p/example/", "value": "\u00f0\u009f\u0091\u008d", "timestamp": 1534698225}]}, {"title": "brian.jackson", "media_list_data": [], "string_list_data": [{"href": "https://www.instagram.com/p/example/", "value": "\u00f0\u009f\u0091\u008d", "timestamp": 1532451473}]}, {"title": "alexander.harris", "media_list_data": [], "string_list_data": [{"href": "https://www.instagram.com/p/example/", "value": "\u00f0\u009f\u0091\u008d", "timestamp": 1582528901}]}, {"title": "claire.rogers", "media_list_data": [], "string_list_data": [{"href": "https://www.instagram.com/p/example/", "value": "\u00f0\u009f\u0091\u008d", "timestamp": 1564589089}]}, {"title": "barbara.jones", "media_list_data": [], "string_list_data": [{"href": "https://www.instagram.com/p/example/", "value": "\u00f0\u009f\u0091\u008d", "timestamp": 1528913314}]}, {"title": "crystal.baxter", "media_list_data": [], "string_list_data": [{"href": "https://www.instagram.com/p/example/", "value": "\u00f0\u009f\u0091\u008d", "timestamp": 1548444798}]}, {"title": "kayla.jones", "media_list_data": [], "string_list_data": [{"href": "https://www.instagram.com/p/example/", "value": "\u00f0\u009f\u0091\u008d", "timestamp": 1518067054}]}, {"title": "mark.cantrell", "media_list_data": [], "string_list_data": [{"href": "https://www.instagram.com/p/example/", "value": "\u00f0\u009f\u0091\u008d", "timestamp": 1541365396}]}, {"title": "suzanne.reyes", "media_list_data": [], "string_list_data": [{"href": "https://www.instagram.com/p/example/", "value": "\u00f0\u009f\u0091\u008d", "timestamp": 1663676657}]}, {"title": "peter.shannon", "media_list_data": [], "string_list_data": [{"href": "https://www.instagram.com/p/example/", "value": "\u00f0\u009f\u0091\u008d", "timestamp": 1610230590}]}, {"title": "jennifer.fuentes", "media_list_data": [], "string_list_data": [{"href": "https://www.instagram.com/p/example/", "value": "\u00f0\u009f\u0091\u008d", "timestamp": 1598543092}]}, {"title": "robert.tate", "media_list_data": [], "string_list_data": [{"href": "https://www.instagram.com/p/example/", "value": "\u00f0\u009f\u0091\u008d", "timestamp": 1609049065}]}, {"title": "shelby.johnson", "media_list_data": [], "string_list_data": [{"href": "https://www.instagram.com/p/example/", "value": "\u00f0\u009f\u0091\u008d", "timestamp": 1650575529}]}, {"title": "johnny.carter", "media_list_data": [], "string_list_data": [{"href": "https://www.instagram.com/p/example/", "value": "\u00f0\u009f\u0091\u008d", "timestamp": 1546972139}]}, {"title": "matthew.williamson", "media_list_data": [], "string_list_data": [{"href": "https://www.instagram.com/p/example/", "value": "\u00f0\u009f\u0091\u008d", "timestamp": 1523516427}]}, {"title": "dawn.lee", "media_list_data": [], "string_list_data": [{"href": "https://www.instagram.com/p/example/", "value": "\u00f0\u009f\u0091\u008d", "timestamp": 1663301448}]}, {"title": "melissa.bennett", "media_list_data": [], "string_list_data": [{"href": "https://www.instagram.com/p/example/", "value": "\u00f0\u009f\u0091\u008d", "timestamp": 1600782800}]}, {"title": "cynthia.mcintyre", "media_list_data": [], "string_list_data": [{"href": "https://www.instagram.com/p/example/", "value": "\u00f0\u009f\u0091\u008d", "timestamp": 1632675377}]}, {"title": "alex.davidson", "media_list_data": [], "string_list_data": [{"href": "https://www.instagram.com/p/example/", "value": "\u00f0\u009f\u0091\u008d", "timestamp": 1627651204}]}, {"title": "eric.williamson", "media_list_data": [], "string_list_data": [{"href": "https://www.instagram.com/p/example/", "value": "\u00f0\u009f\u0091\u008d", "timestamp": 1516829466}]}, {"title": "joel.villanueva", "media_list_data": [], "string_list_data": [{"href": "https://www.instagram.com/p/example/", "value": "\u00f0\u009f\u0091\u008d", "timestamp": 1541846859}]}, {"title": "stephanie.mejia", "media_list_data": [], "string_list_data": [{"href": "https://www.instagram.com/p/example/", "value": "\u00f0\u009f\u0091\u008d", "timestamp": 1645944625}]}, {"title": "daniel.martinez", "media_list_data": [], "string_list_data": [{"href": "https://www.instagram.com/p/example/", "value": "\u00f0\u009f\u0091\u008d", "timestamp": 1570610175}]}, {"title": "mary.jordan", "media_list_data": [], "string_list_data": [{"href": "https://www.instagram.com/p/example/", "value": "\u00f0\u009f\u0091\u008d", "timestamp": 1589756167}]}, {"title": "michael.gonzalez", "media_list_data": [], "string_list_data": [{"href": "https://www.instagram.com/p/example/", "value": "\u00f0\u009f\u0091\u008d", "timestamp": 1557999209}]}, {"title": "andrea.morris", "media_list_data": [], "string_list_data": [{"href": "https://www.instagram.com/p/example/", "value": "\u00f0\u009f\u0091\u008d", "timestamp": 1515781459}]}, {"title": "christian.lucas", "media_list_data": [], "string_list_data": [{"href": "https://www.instagram.com/p/example/", "value": "\u00f0\u009f\u0091\u008d", "timestamp": 1579647521}]}, {"title": "john.jenkins", "media_list_data": [], "string_list_data": [{"href": "https://www.instagram.com/p/example/", "value": "\u00f0\u009f\u0091\u008d", "timestamp": 1652370896}]}, {"title": "sandra.carroll", "media_list_data": [], "string_list_data": [{"href": "https://www.instagram.com/p/example/", "value": "\u00f0\u009f\u0091\u008d", "timestamp": 1594314163}]}, {"title": "nicholas.taylor", "media_list_data": [], "string_list_data": [{"href": "https://www.instagram.com/p/example/", "value": "\u00f0\u009f\u0091\u008d", "timestamp": 1564479798}]}, {"title": "michael.johnson", "media_list_data": [], "string_list_data": [{"href": "https://www.instagram.com/p/example/", "value": "\u00f0\u009f\u0091\u008d", "timestamp": 1583444141}]}, {"title": "christopher.thomas", "media_list_data": [], "string_list_data": [{"href": "https://www.instagram.com/p/example/", "value": "\u00f0\u009f\u0091\u008d", "timestamp": 1609264729}]}, {"title": "dale.beasley", "media_list_data": [], "string_list_data": [{"href": "https://www.instagram.com/p/example/", "value": "\u00f0\u009f\u0091\u008d", "timestamp": 1536633341}]}, {"title": "dalton.smith", "media_list_data": [], "string_list_data": [{"href": "https://www.instagram.com/p/example/", "value": "\u00f0\u009f\u0091\u008d", "timestamp": 1666728451}]}, {"title": "monica.williams", "media_list_data": [], "string_list_data": [{"href": "https://www.instagram.com/p/example/", "value": "\u00f0\u009f\u0091\u008d", "timestamp": 1548768562}]}, {"title": "michelle.aguirre", "media_list_data": [], "string_list_data": [{"href": "https://www.instagram.com/p/example/", "value": "\u00f0\u009f\u0091\u008d", "timestamp": 1589505628}]}, {"title": "lindsey.johnson", "media_list_data": [], "string_list_data": [{"href": "https://www.instagram.com/p/example/", "value": "\u00f0\u009f\u0091\u008d", "timestamp": 1590430571}]}, {"title": "kelsey.dixon", "media_list_data": [], "string_list_data": [{"href": "https://www.instagram.com/p/example/", "value": "\u00f0\u009f\u0091\u008d", "timestamp": 1522575817}]}, {"title": "rachel.hobbs", "media_list_data": [], "string_list_data": [{"href": "https://www.instagram.com/p/example/", "value": "\u00f0\u009f\u0091\u008d", "timestamp": 1660397696}]}, {"title": "maria.tran", "media_list_data": [], "string_list_data": [{"href": "https://www.instagram.com/p/example/", "value": "\u00f0\u009f\u0091\u008d", "timestamp": 1519832947}]}, {"title": "hunter.bennett", "media_list_data": [], "string_list_data": [{"href": "https://www.instagram.com/p/example/", "value": "\u00f0\u009f\u0091\u008d", "timestamp": 1545198109}]}, {"title": "nicole.camacho", "media_list_data": [], "string_list_data": [{"href": "https://www.instagram.com/p/example/", "value": "\u00f0\u009f\u0091\u008d", "timestamp": 1632684020}]}, {"title": "abigail.shelton", "media_list_data": [], "string_list_data": [{"href": "https://www.instagram.com/p/example/", "value": "\u00f0\u009f\u0091\u008d", "timestamp": 1552636376}]}, {"title": "ronald.dunn", "media_list_data": [], "string_list_data": [{"href": "https://www.instagram.com/p/example/", "value": "\u00f0\u009f\u0091\u008d", "timestamp": 1595908446}]}, {"title": "gregory.rasmussen", "media_list_data": [], "string_list_data": [{"href": "https://www.instagram.com/p/example/", "value": "\u00f0\u009f\u0091\u008d", "timestamp": 1638982307}]}, {"title": "charles.brown", "media_list_data": [], "string_list_data": [{"href": "https://www.instagram.com/p/example/", "value": "\u00f0\u009f\u0091\u008d", "timestamp": 1554876145}]}, {"title": "william.gates", "media_list_data": [], "string_list_data": [{"href": "https://www.instagram.com/p/example/", "value": "\u00f0\u009f\u0091\u008d", "timestamp": 1535113158}]}, {"title": "nichole.allen", "media_list_data": [], "string_list_data": [{"href": "https://www.instagram.com/p/example/", "value": "\u00f0\u009f\u0091\u008d", "timestamp": 1623791570}]}, {"title": "julia.cooper", "media_list_data": [], "string_list_data": [{"href": "https://www.instagram.com/p/example/", "value": "\u00f0\u009f\u0091\u008d", "timestamp": 1643246256}]}, {"title": "crystal.joyce", "media_list_data": [], "string_list_data": [{"href": "https://www.instagram.com/p/example/", "value": "\u00f0\u009f\u0091\u008d", "timestamp": 1598216766}]}, {"title": "crystal.bush", "media_list_data": [], "string_list_data": [{"href": "https://www.instagram.com/p/example/", "value": "\u00f0\u009f\u0091\u008d", "timestamp": 1526342155}]}, {"title": "donna.shea", "media_list_data": [], "string_list_data": [{"href": "https://www.instagram.com/p/example/", "value": "\u00f0\u009f\u0091\u008d", "timestamp": 1530391490}]}, {"title": "larry.james", "media_list_data": [], "string_list_data": [{"href": "https://www.instagram.com/p/example/", "value": "\u00f0\u009f\u0091\u008d", "timestamp": 1662449052}]}, {"title": "sharon.jones", "media_list_data": [], "string_list_data": [{"href": "https://www.instagram.com/p/example/", "value": "\u00f0\u009f\u0091\u008d", "timestamp": 1653302259}]}, {"title": "jacqueline.olson", "media_list_data": [], "string_list_data": [{"href": "https://www.instagram.com/p/example/", "value": "\u00f0\u009f\u0091\u008d", "timestamp": 1616895791}]}, {"title": "leonard.lopez", "media_list_data": [], "string_list_data": [{"href": "https://www.instagram.com/p/example/", "value": "\u00f0\u009f\u0091\u008d", "timestamp": 1577307441}]}, {"title": "bryan.valenzuela", "media_list_data": [], "string_list_data": [{"href": "https://www.instagram.com/p/example/", "value": "\u00f0\u009f\u0091\u008d", "timestamp": 1567285139}]}, {"title": "travis.smith", "media_list_data": [], "string_list_data": [{"href": "https://www.instagram.com/p/example/", "value": "\u00f0\u009f\u0091\u008d", "timestamp": 1581014791}]}, {"title": "leah.benjamin", "media_list_data": [], "string_list_data": [{"href": "https://www.instagram.com/p/example/", "value": "\u00f0\u009f\u0091\u008d", "timestamp": 1563919668}]}, {"title": "colleen.walker", "media_list_data": [], "string_list_data": [{"href": "https://www.instagram.com/p/example/", "value": "\u00f0\u009f\u0091\u008d", "timestamp": 1579316516}]}, {"title": "william.vaughan", "media_list_data": [], "string_list_data": [{"href": "https://www.instagram.com/p/example/", "value": "\u00f0\u009f\u0091\u008d", "timestamp": 1515966858}]}, {"title": "chad.yang", "media_list_data": [], "string_list_data": [{"href": "https://www.instagram.com/p/example/", "value": "\u00f0\u009f\u0091\u008d", "timestamp": 1606337451}]}, {"title": "james.carroll", "media_list_data": [], "string_list_data": [{"href": "https://www.instagram.com/p/example/", "value": "\u00f0\u009f\u0091\u008d", "timestamp": 1660746648}]}, {"title": "christopher.perkins", "media_list_data": [], "string_list_data": [{"href": "https://www.instagram.com/p/example/", "value": "\u00f0\u009f\u0091\u008d", "timestamp": 1594483208}]}, {"title": "jacob.gray", "media_list_data": [], "string_list_data": [{"href": "https://www.instagram.com/p/example/", "value": "\u00f0\u009f\u0091\u008d", "timestamp": 1535625271}]}, {"title": "joseph.lane", "media_list_data": [], "string_list_data": [{"href": "https://www.instagram.com/p/example/", "value": "\u00f0\u009f\u0091\u008d", "timestamp": 1527280110}]}, {"title": "christina.miller", "media_list_data": [], "string_list_data": [{"href": "https://www.instagram.com/p/example/", "value": "\u00f0\u009f\u0091\u008d", "timestamp": 1568557193}]}, {"title": "roberto.maldonado", "media_list_data": [], "string_list_data": [{"href": "https://www.instagram.com/p/example/", "value": "\u00f0\u009f\u0091\u008d", "timestamp": 1530439826}]}, {"title": "antonio.gregory", "media_list_data": [], "string_list_data": [{"href": "https://www.instagram.com/p/example/", "value": "\u00f0\u009f\u0091\u008d", "timestamp": 1622413586}]}, {"title": "austin.mullins", "media_list_data": [], "string_list_data": [{"href": "https://www.instagram.com/p/example/", "value": "\u00f0\u009f\u0091\u008d", "timestamp": 1631398643}]}, {"title": "carlos.sanchez", "media_list_data": [], "string_list_data": [{"href": "https://www.instagram.com/p/example/", "value": "\u00f0\u009f\u0091\u008d", "timestamp": 1564821329}]}, {"title": "johnathan.porter", "media_list_data": [], "string_list_data": [{"href": "https://www.instagram.com/p/example/", "value": "\u00f0\u009f\u0091\u008d", "timestamp": 1654071083}]}, {"title": "michelle.rogers", "media_list_data": [], "string_list_data": [{"href": "https://www.instagram.com/p/example/", "value": "\u00f0\u009f\u0091\u008d", "timestamp": 1639335174}]}, {"title": "james.hill", "media_list_data": [], "string_list_data": [{"href": "https://www.instagram.com/p/example/", "value": "\u00f0\u009f\u0091\u008d", "timestamp": 1625291854}]}, {"title": "tyler.anthony", "media_list_data": [], "string_list_data": [{"href": "https://www.instagram.com/p/example/", "value": "\u00f0\u009f\u0091\u008d", "timestamp": 1610311297}]}, {"title": "brittany.gonzalez", "media_list_data": [], "string_list_data": [{"href": "https://www.instagram.com/p/example/", "value": "\u00f0\u009f\u0091\u008d", "timestamp": 1572423889}]}, {"title": "tyler.watson", "media_list_data": [], "string_list_data": [{"href": "https://www.instagram.com/p/example/", "value": "\u00f0\u009f\u0091\u008d", "timestamp": 1523313402}]}, {"title": "barry.sanchez", "media_list_data": [], "string_list_data": [{"href": "https://www.instagram.com/p/example/", "value": "\u00f0\u009f\u0091\u008d", "timestamp": 1631811872}]}, {"title": "tyler.wiggins", "media_list_data": [], "string_list_data": [{"href": "https://www.instagram.com/p/example/", "value": "\u00f0\u009f\u0091\u008d", "timestamp": 1553192534}]}, {"title": "rodney.harris", "media_list_data": [], "string_list_data": [{"href": "https://www.instagram.com/p/example/", "value": "\u00f0\u009f\u0091\u008d", "timestamp": 1570020520}]}, {"title": "andrew.nelson", "media_list_data": [], "string_list_data": [{"href": "https://www.instagram.com/p/example/", "value": "\u00f0\u009f\u0091\u008d", "timestamp": 1660146793}]}, {"title": "robert.fleming", "media_list_data": [], "string_list_data": [{"href": "https://www.instagram.com/p/example/", "value": "\u00f0\u009f\u0091\u008d", "timestamp": 1510631084}]}, {"title": "emily.white", "media_list_data": [], "string_list_data": [{"href": "https://www.instagram.com/p/example/", "value": "\u00f0\u009f\u0091\u008d", "timestamp": 1568489224}]}, {"title": "stephen.randall", "media_list_data": [], "string_list_data": [{"href": "https://www.instagram.com/p/example/", "value": "\u00f0\u009f\u0091\u008d", "timestamp": 1592447544}]}, {"title": "douglas.singh", "media_list_data": [], "string_list_data": [{"href": "https://www.instagram.com/p/example/", "value": "\u00f0\u009f\u0091\u008d", "timestamp": 1538087029}]}, {"title": "laura.zimmerman", "media_list_data": [], "string_list_data": [{"href": "https://www.instagram.com/p/example/", "value": "\u00f0\u009f\u0091\u008d", "timestamp": 1661861538}]}]}