[{
  "header": "Google Developers",
  "title": "Vous avez consulté https://developers.google.com/maps/documentation/geolocation/overview",
  "titleUrl": "https://developers.google.com/maps/documentation/geolocation/overview",
  "time": "2022-05-12T08:08:04.774Z",
  "products": ["Google Developers"],
  "activityControls": ["Activité sur le Web et les applications"]
},{
  "header": "Google Developers",
  "title": "Vous avez consulté https://developers.google.com/maps/documentation/geolocation/overview",
  "titleUrl": "https://developers.google.com/maps/documentation/geolocation/overview",
  "time": "2022-05-02T14:27:25.049Z",
  "products": ["Google Developers"],
  "activityControls": ["Activité sur le Web et les applications"]
},{
  "header": "Google Developers",
  "title": "Vous avez consulté https://developers.google.com/admin-sdk/reports/reference/rest/v1/activities/list",
  "titleUrl": "https://developers.google.com/admin-sdk/reports/reference/rest/v1/activities/list",
  "time": "2022-04-12T08:22:55.713Z",
  "products": ["Google Developers"],
  "activityControls": ["Activité sur le Web et les applications"]
},{
  "header": "Google Developers",
  "title": "Vous avez consulté https://developers.google.com/admin-sdk/reports/reference/rest/v1/activities",
  "titleUrl": "https://developers.google.com/admin-sdk/reports/reference/rest/v1/activities",
  "time": "2022-04-12T08:22:47.298Z",
  "products": ["Google Developers"],
  "activityControls": ["Activité sur le Web et les applications"]
},{
  "header": "Google Developers",
  "title": "Vous avez consulté https://developers.google.com/maps/documentation/geolocation/overview",
  "titleUrl": "https://developers.google.com/maps/documentation/geolocation/overview",
  "time": "2022-03-14T14:27:23.343Z",
  "products": ["Google Developers"],
  "activityControls": ["Activité sur le Web et les applications"]
},{
  "header": "Google Developers",
  "title": "Vous avez consulté https://developers.google.com/maps/documentation/geolocation/get-api-key",
  "titleUrl": "https://developers.google.com/maps/documentation/geolocation/get-api-key",
  "time": "2022-03-14T14:25:03.366Z",
  "products": ["Google Developers"],
  "activityControls": ["Activité sur le Web et les applications"]
},{
  "header": "Google Developers",
  "title": "Vous avez consulté https://developers.google.com/maps/documentation/geolocation/overview",
  "titleUrl": "https://developers.google.com/maps/documentation/geolocation/overview",
  "time": "2022-03-14T12:58:15.584Z",
  "products": ["Google Developers"],
  "activityControls": ["Activité sur le Web et les applications"]
},{
  "header": "Google Developers",
  "title": "Vous avez consulté https://developers.google.com/maps/documentation/android-sdk/play-data-disclosure",
  "titleUrl": "https://developers.google.com/maps/documentation/android-sdk/play-data-disclosure",
  "time": "2022-03-11T12:59:04.856Z",
  "products": ["Google Developers"],
  "activityControls": ["Activité sur le Web et les applications"]
},{
  "header": "Google Developers",
  "title": "Vous avez consulté https://developers.google.com/maps/documentation/geocoding/overview",
  "titleUrl": "https://developers.google.com/maps/documentation/geocoding/overview",
  "time": "2022-03-07T16:12:13.767Z",
  "products": ["Google Developers"],
  "activityControls": ["Activité sur le Web et les applications"]
}]