[{
  "header": "actu.orange.fr",
  "title": "Vous avez consulté Lyon : un mort et plusieurs blessés lors d\u0027une attaque au couteau",
  "titleUrl": "https://www.google.com/url?q\u003dhttps://actu.orange.fr/france/lyon-un-mort-et-plusieurs-blesses-lors-d-une-attaque-au-couteau-magic-CNT000001ifucb.html\u0026usg\u003dAOvVaw2txAQu6tJDgS066bSoh5qK",
  "time": "2019-08-31T16:25:41.035Z",
  "products": ["Google Actualités"],
  "activityControls": ["Activité sur le Web et les applications"]
},{
  "header": "lemonde.fr",
  "title": "Vous avez consulté Sept ans de prison ferme requis contre Patrick Balkany pour ...",
  "titleUrl": "https://www.google.com/url?q\u003dhttps://www.lemonde.fr/societe/article/2019/06/13/proces-balkany-l-etat-reclame-un-total-d-un-million-d-euros-a-cinq-prevenus_5475872_3224.html\u0026usg\u003dAOvVaw2KcROdwwo-Pbj3oGljlaX2",
  "time": "2019-07-13T19:31:17.727Z",
  "products": ["Google Actualités"],
  "activityControls": ["Activité sur le Web et les applications"]
},{
  "header": "francetvinfo.fr",
  "title": "Vous avez consulté Le procès Balkany pour \"blanchiment et corruption\" se termine, le ...",
  "titleUrl": "https://www.google.com/url?q\u003dhttps://www.francetvinfo.fr/politique/affaire/affaire-balkany/direct-proces-patrick-isabelle-balkany-fraude-corruption-blanchiment-defense_3497229.html\u0026usg\u003dAOvVaw2eftLsFaZvoXSebQa9e0-_",
  "time": "2019-07-13T19:31:13.249Z",
  "products": ["Google Actualités"],
  "activityControls": ["Activité sur le Web et les applications"]
},{
  "header": "la-croix.com",
  "title": "Vous avez consulté Étudiants étrangers, haro sur la hausse des frais d\u0027inscription",
  "titleUrl": "https://www.google.com/url?q\u003dhttps://www.la-croix.com/Famille/Education/Etudiants-etrangers-haro-hausse-frais-dinscription-2019-01-15-1200995610\u0026usg\u003dAOvVaw0TO8_3OS7AVP6PMAYB_fQP",
  "time": "2019-06-28T17:50:24.381Z",
  "products": ["Google Actualités"],
  "activityControls": ["Activité sur le Web et les applications"]
},{
  "header": "information.tv5monde.com",
  "title": "Vous avez consulté Frais universitaires pour les étudiants étrangers : combien ça coûte ...",
  "titleUrl": "https://www.google.com/url?q\u003dhttps://information.tv5monde.com/info/frais-universitaires-pour-les-etudiants-etrangers-combien-ca-coute-d-etudier-en-france-et\u0026usg\u003dAOvVaw0FcK09xvlWKdFVo4UBDCtc",
  "time": "2019-06-28T17:50:20.816Z",
  "products": ["Google Actualités"],
  "activityControls": ["Activité sur le Web et les applications"]
},{
  "header": "letemps.ch",
  "title": "Vous avez consulté L\u0027Université de Saint-Gall à l\u0027épreuve des urnes - Le Temps",
  "titleUrl": "https://www.google.com/url?q\u003dhttps://www.letemps.ch/suisse/luniversite-saintgall-lepreuve-urnes\u0026usg\u003dAOvVaw0e1PkGhkuFefKpE6hG-bnB",
  "time": "2019-06-28T17:49:32.658Z",
  "products": ["Google Actualités"],
  "activityControls": ["Activité sur le Web et les applications"]
},{
  "header": "bfmtv.com",
  "title": "Vous avez consulté https://www.bfmtv.com/mediaplayer/video/18eme-samedi-de-mobilisation-gilets-jaunes-12-1147084.html",
  "titleUrl": "https://www.google.com/url?q\u003dhttps://www.bfmtv.com/mediaplayer/video/18eme-samedi-de-mobilisation-gilets-jaunes-12-1147084.html\u0026usg\u003dAOvVaw2yYJMhQJFII1o4sHK0Fhx5",
  "time": "2019-03-17T11:33:13.722Z",
  "products": ["Google Actualités"],
  "activityControls": ["Activité sur le Web et les applications"]
},{
  "header": "tvanouvelles.ca",
  "title": "Vous avez consulté L\u0027ambassadrice américaine au Canada nommée par Trump à l\u0027ONU ...",
  "titleUrl": "https://www.google.com/url?q\u003dhttps://www.tvanouvelles.ca/2019/02/22/trump-nomme-la-diplomate-kelly-knight-craft-ambassadrice-des-etats-unis-a-lonu-1\u0026usg\u003dAOvVaw0gittYvvqO5tJfuOWc0JbQ",
  "time": "2019-02-23T09:17:55.761Z",
  "products": ["Google Actualités"],
  "activityControls": ["Activité sur le Web et les applications"]
},{
  "header": "20minutes.fr",
  "title": "Vous avez consulté «Gilets jaunes»: Eric Ciotti «demande qu\u0027on interdise les ...",
  "titleUrl": "https://www.google.com/url?q\u003dhttps://www.20minutes.fr/politique/2453403-20190217-gilets-jaunes-eric-ciotti-demande-interdise-manifestations-samedi-prochain\u0026usg\u003dAOvVaw0QPIcrA08LSEvOY-NfF06j",
  "time": "2019-02-17T19:29:31.810Z",
  "products": ["Google Actualités"],
  "activityControls": ["Activité sur le Web et les applications"]
},{
  "header": "actu.orange.fr",
  "title": "Vous avez consulté https://actu.orange.fr/france/nouvelle-mobilisation-des-gilets-jaunes-dans-les-rues-de-paris-CNT000001d0Gfb.html",
  "titleUrl": "https://www.google.com/url?q\u003dhttps://actu.orange.fr/france/nouvelle-mobilisation-des-gilets-jaunes-dans-les-rues-de-paris-CNT000001d0Gfb.html\u0026usg\u003dAOvVaw08QyJngjDx4uPlzEfaO36W",
  "time": "2019-02-17T19:27:56.255Z",
  "products": ["Google Actualités"],
  "activityControls": ["Activité sur le Web et les applications"]
},{
  "header": "mediapart.fr",
  "title": "Vous avez consulté https://www.mediapart.fr/journal/france/120219/loi-sur-l-ecole-les-debats-se-deportent-un-peu-plus-sur-la-droite?onglet\u003dfull",
  "titleUrl": "https://www.google.com/url?q\u003dhttps://www.mediapart.fr/journal/france/120219/loi-sur-l-ecole-les-debats-se-deportent-un-peu-plus-sur-la-droite%3Fonglet%3Dfull\u0026usg\u003dAOvVaw0CO7svWNzlPQJupfbeuf_f",
  "time": "2019-02-13T12:15:59.366Z",
  "products": ["Google Actualités"],
  "activityControls": ["Activité sur le Web et les applications"]
},{
  "header": "francetvinfo.fr",
  "title": "Vous avez consulté Quels sont les points de friction du projet de loi pour une \"école de ...",
  "titleUrl": "https://www.google.com/url?q\u003dhttps://www.francetvinfo.fr/societe/education/refondation-de-l-ecole/les-cinq-points-de-frictions-du-projet-de-loi-pour-une-ecole-de-la-confiance_3185301.html\u0026usg\u003dAOvVaw28bmK6B3nhtC-BSqpUsRy0",
  "time": "2019-02-12T20:49:26.156Z",
  "products": ["Google Actualités"],
  "activityControls": ["Activité sur le Web et les applications"]
},{
  "header": "nextinpact.com",
  "title": "Vous avez consulté https://www.nextinpact.com/brief/nouveaux-amendements-pour-favoriser-le-logiciel-libre-a-l-ecole-7691.htm",
  "titleUrl": "https://www.google.com/url?q\u003dhttps://www.nextinpact.com/brief/nouveaux-amendements-pour-favoriser-le-logiciel-libre-a-l-ecole-7691.htm\u0026usg\u003dAOvVaw08jvOj3wVJu2a2HwvucZDT",
  "time": "2019-02-12T20:47:28.959Z",
  "products": ["Google Actualités"],
  "activityControls": ["Activité sur le Web et les applications"]
},{
  "header": "lefigaro.fr",
  "title": "Vous avez consulté http://www.lefigaro.fr/actualite-france/2019/02/02/01016-20190202ARTFIG00051-douzieme-samedi-de-mobilisation-des-gilets-jaunes-l-accent-mis-sur-les-blesses.php",
  "titleUrl": "https://www.google.com/url?q\u003dhttp://www.lefigaro.fr/actualite-france/2019/02/02/01016-20190202ARTFIG00051-douzieme-samedi-de-mobilisation-des-gilets-jaunes-l-accent-mis-sur-les-blesses.php\u0026usg\u003dAOvVaw3hWnBiBwh-tKO0weTqFhNN",
  "time": "2019-02-02T16:34:45.646Z",
  "products": ["Google Actualités"],
  "activityControls": ["Activité sur le Web et les applications"]
},{
  "header": "lci.fr",
  "title": "Vous avez consulté https://www.lci.fr/politique/discours-de-macron-le-fiasco-2105850.html",
  "titleUrl": "https://www.google.com/url?q\u003dhttps://www.lci.fr/politique/discours-de-macron-le-fiasco-2105850.html\u0026usg\u003dAOvVaw2TCENPvuF2gJIqP_Ht0QoF",
  "time": "2018-11-28T09:42:01.006Z",
  "products": ["Google Actualités"],
  "activityControls": ["Activité sur le Web et les applications"]
},{
  "header": "fr.sputniknews.com",
  "title": "Vous avez consulté https://fr.sputniknews.com/france/201811271039081814-france-petition-demission-macron/",
  "titleUrl": "https://www.google.com/url?q\u003dhttps://fr.sputniknews.com/france/201811271039081814-france-petition-demission-macron/\u0026usg\u003dAOvVaw2KXm8Ur_-Lo5TRHo2DHti9",
  "time": "2018-11-28T09:39:12.620Z",
  "products": ["Google Actualités"],
  "activityControls": ["Activité sur le Web et les applications"]
},{
  "header": "nouvelobs.com",
  "title": "Vous avez consulté https://www.nouvelobs.com/societe/20181126.OBS6007/gilets-jaunes-le-mouvement-devait-designer-5-porte-parole-ils-sont-deja-contestes.html",
  "titleUrl": "https://www.google.com/url?q\u003dhttps://www.nouvelobs.com/societe/20181126.OBS6007/gilets-jaunes-le-mouvement-devait-designer-5-porte-parole-ils-sont-deja-contestes.html\u0026usg\u003dAOvVaw11wE8BLUkaGygWRv2zHi9P",
  "time": "2018-11-26T13:36:41.303Z",
  "products": ["Google Actualités"],
  "activityControls": ["Activité sur le Web et les applications"]
},{
  "header": "lemonde.fr",
  "title": "Vous avez consulté « Gilets jaunes » : quelles réponses politiques à la colère ?",
  "titleUrl": "https://www.google.com/url?q\u003dhttps://www.lemonde.fr/politique/article/2018/11/26/quelles-reponses-a-la-colere-des-gilets-jaunes_5388618_823448.html\u0026usg\u003dAOvVaw1hOArqKfskfzVQj5jEwUf3",
  "time": "2018-11-26T13:34:58.517Z",
  "products": ["Google Actualités"],
  "activityControls": ["Activité sur le Web et les applications"]
},{
  "header": "romandie.com",
  "title": "Vous avez consulté https://www.romandie.com/news/Incidents-Paris-acte-2-sous-tension-pour-les-gilets-jaunes/973667.rom",
  "titleUrl": "https://www.google.com/url?q\u003dhttps://www.romandie.com/news/Incidents-Paris-acte-2-sous-tension-pour-les-gilets-jaunes/973667.rom\u0026usg\u003dAOvVaw13hHY6MdMRghnLfbFXWv8U",
  "time": "2018-11-25T07:10:09.410Z",
  "products": ["Google Actualités"],
  "activityControls": ["Activité sur le Web et les applications"]
},{
  "header": "rtbf.be",
  "title": "Vous avez consulté https://www.rtbf.be/info/societe/detail_gilets-jaunes-nouveaux-blocages-et-debordements-de-la-nuit?id\u003d10080867",
  "titleUrl": "https://www.google.com/url?q\u003dhttps://www.rtbf.be/info/societe/detail_gilets-jaunes-nouveaux-blocages-et-debordements-de-la-nuit%3Fid%3D10080867\u0026usg\u003dAOvVaw18baPbc-vFo4_fnhUe_3WN",
  "time": "2018-11-24T17:17:04.710Z",
  "products": ["Google Actualités"],
  "activityControls": ["Activité sur le Web et les applications"]
},{
  "header": "liberation.fr",
  "title": "Vous avez consulté https://www.liberation.fr/checknews/2018/11/24/des-gendarmes-ont-ils-arrete-des-militaires-qui-affichaient-un-gilet-jaune-dans-leur-camion_1693919",
  "titleUrl": "https://www.google.com/url?q\u003dhttps://www.liberation.fr/checknews/2018/11/24/des-gendarmes-ont-ils-arrete-des-militaires-qui-affichaient-un-gilet-jaune-dans-leur-camion_1693919\u0026usg\u003dAOvVaw2f_Ni2dUrqSQNX1Z6nAizf",
  "time": "2018-11-24T17:16:31.815Z",
  "products": ["Google Actualités"],
  "activityControls": ["Activité sur le Web et les applications"]
},{
  "header": "lefigaro.fr",
  "title": "Vous avez consulté http://www.lefigaro.fr/actualite-france/2018/11/23/01016-20181123ARTFIG00319-angers-un-gilet-jaune-arme-d-une-grenade-veut-rencontrer-macron.php",
  "titleUrl": "https://www.google.com/url?q\u003dhttp://www.lefigaro.fr/actualite-france/2018/11/23/01016-20181123ARTFIG00319-angers-un-gilet-jaune-arme-d-une-grenade-veut-rencontrer-macron.php\u0026usg\u003dAOvVaw1K_KrHnsRifn6QZy-Q5RmK",
  "time": "2018-11-24T17:16:05.741Z",
  "products": ["Google Actualités"],
  "activityControls": ["Activité sur le Web et les applications"]
},{
  "header": "lemonde.fr",
  "title": "Vous avez consulté « Gilets jaunes » : « La mèche est allumée… On attend la relève »",
  "titleUrl": "https://www.google.com/url?q\u003dhttps://www.lemonde.fr/societe/article/2018/11/18/gilets-jaunes-la-meche-est-allumee-on-attend-la-releve_5385051_3224.html\u0026usg\u003dAOvVaw0d-eyMzW3A9_4HSKRCqISZ",
  "time": "2018-11-18T08:54:47.055Z",
  "products": ["Google Actualités"],
  "activityControls": ["Activité sur le Web et les applications"]
},{
  "header": "linternaute.com",
  "title": "Vous avez consulté https://www.linternaute.com/sortir/guide-des-loisirs/1744488-ed-sheeran-une-troisieme-date-de-concert-programmee-au-stade-de-lyon/",
  "titleUrl": "https://www.google.com/url?q\u003dhttps://www.linternaute.com/sortir/guide-des-loisirs/1744488-ed-sheeran-une-troisieme-date-de-concert-programmee-au-stade-de-lyon/\u0026usg\u003dAOvVaw1X_PlmXJBtJAkKGbch5-5-",
  "time": "2018-10-18T15:43:34.363Z",
  "products": ["Google Actualités"],
  "activityControls": ["Activité sur le Web et les applications"]
},{
  "header": "chartsinfrance.net",
  "title": "Vous avez consulté Ed Sheeran annonce deux concerts à Lyon et Bordeaux en 2019",
  "titleUrl": "https://www.google.com/url?q\u003dhttp://www.chartsinfrance.net/Ed-Sheeran/news-108115.html\u0026usg\u003dAOvVaw17lGyLZD1oo7sw6rZM9-u4",
  "time": "2018-10-18T15:42:44.475Z",
  "products": ["Google Actualités"],
  "activityControls": ["Activité sur le Web et les applications"]
},{
  "header": "lepoint.fr",
  "title": "Vous avez consulté http://www.lepoint.fr/automobile/les-nuages-s-accumulent-sur-tesla-17-08-2018-2244050_646.php",
  "titleUrl": "https://www.google.com/url?q\u003dhttp://www.lepoint.fr/automobile/les-nuages-s-accumulent-sur-tesla-17-08-2018-2244050_646.php\u0026usg\u003dAOvVaw1frlRk-FQu-3GtQNX-laTP",
  "time": "2018-08-17T15:31:01.591Z",
  "products": ["Google Actualités"],
  "activityControls": ["Activité sur le Web et les applications"]
},{
  "header": "pocketgamer.biz",
  "title": "Vous avez consulté Com2us partners with Funko for Summoners War figurines and ...",
  "titleUrl": "https://www.google.com/url?q\u003dhttps://www.pocketgamer.biz/asia/news/67440/com2us-partners-with-funko/\u0026usg\u003dAOvVaw0mDUDXU2baWL-VgsjfYQV0",
  "time": "2018-08-09T14:16:26.553Z",
  "products": ["Google Actualités"],
  "activityControls": ["Activité sur le Web et les applications"]
},{
  "header": "blogs.mediapart.fr",
  "title": "Vous avez consulté L\u0027association Couserans-Palestine au Festival Résistances à Foix ...",
  "titleUrl": "https://www.google.com/url?q\u003dhttps://blogs.mediapart.fr/jean-pierre-favier/blog/080718/lassociation-couserans-palestine-au-festival-resistances-foix\u0026usg\u003dAOvVaw2sC6zwOnL7nahk_djc6ha4",
  "time": "2018-07-09T19:08:07.542Z",
  "products": ["Google Actualités"],
  "activityControls": ["Activité sur le Web et les applications"]
},{
  "header": "france3-regions.francetvinfo.fr",
  "title": "Vous avez consulté Campus de Grenoble : la poursuite et l\u0027extension du blocus votées ...",
  "titleUrl": "https://www.google.com/url?q\u003dhttps://france3-regions.francetvinfo.fr/auvergne-rhone-alpes/isere/grenoble/campus-grenoble-poursuite-extension-du-blocus-votees-assemblee-generale-1457875.html\u0026usg\u003dAOvVaw1SQh6aD_9brdE67_qQPIuH",
  "time": "2018-04-12T20:00:09.469Z",
  "products": ["Google Actualités"],
  "activityControls": ["Activité sur le Web et les applications"]
}]