Name,Blocked at
Kristy Wolfe,2020-05-23 00:07:55
Rhonda Chen,2021-02-02 20:45:05
Jesus Hall,2021-08-15 17:43:51
Joseph Aguilar,2021-07-26 03:42:20
Kristin Bennett,2021-09-30 23:35:43
Jennifer Sanchez PhD,2021-09-27 22:14:16
David Foster,2021-06-17 07:44:06
Chad Peterson,2021-11-15 14:47:44
Dawn Smith,2020-05-26 19:12:23
Janice Brown,2021-12-21 14:23:52
Julie Taylor,2021-10-03 17:38:32
Tiffany Larson,2020-12-29 10:53:28
Caitlin Giles,2020-11-29 12:40:29
Jason Ruiz,2021-06-03 03:02:26
Christopher Tate,2021-07-16 23:53:43
Cynthia Jones,2021-04-04 07:06:57
Jaime Reed,2020-09-07 18:37:06
Whitney Jones,2021-05-08 10:47:36
Kimberly James,2021-08-18 08:53:55
Jeffrey Morales,2020-12-11 20:28:44
Matthew Simon,2020-08-21 14:33:37
Isaiah Ortiz,2021-04-24 01:55:27
Holly Montgomery,2021-03-14 23:57:32
Paul Hernandez,2021-10-01 17:02:34
Mark Hunt,2020-05-21 04:36:20
Joshua Williams,2020-06-29 17:04:05
Richard Richardson,2020-11-12 22:48:25
David Lopez,2020-07-29 22:37:37
Randy Owen,2020-08-03 09:05:52
Mr. Andrew Smith,2021-05-17 10:53:32
Dustin Hanson,2021-08-17 12:17:13
Rachel Alvarez,2021-07-08 03:40:43
Patricia Lawrence,2020-08-30 12:20:31
Stephanie Randolph,2021-01-25 10:17:27
Meghan Hoover,2020-08-28 14:51:03
Natasha Harris,2021-01-21 13:58:59
Joann Johnson,2020-08-12 05:32:29
James Richardson,2021-11-12 20:46:56
Steven Moreno,2021-04-22 19:20:42
Chad Smith,2021-11-03 00:09:11
Gregory Marquez,2021-02-24 18:41:41
Vicki Cooper,2021-12-20 06:22:06
Ann Li,2021-08-02 07:26:41
Matthew Golden,2020-09-13 20:16:03
Christine Glover,2021-03-10 03:30:27
Brandon Simmons,2020-07-03 20:34:04
Catherine Payne,2021-05-04 07:43:31
Julie Higgins,2020-11-29 20:34:59
Susan Franklin,2021-07-13 01:31:42
Steven Smith,2021-10-10 18:27:33
Stephanie Kelly,2021-07-22 16:55:48
Aaron Brown,2021-07-04 16:22:24
Priscilla Watkins,2021-06-24 23:18:34
Rebecca Thomas,2021-01-04 03:10:17
Kathleen Jackson,2021-04-29 05:43:55
Katherine Martin,2021-01-23 13:00:19
Michael Reynolds,2020-05-18 07:27:20
Melissa Brown,2021-07-23 16:10:42
Elizabeth Eaton,2021-02-07 15:42:23
Michael Marshall,2021-05-23 17:02:10
Alicia Jones,2020-07-27 06:17:01
Justin Sherman,2020-12-10 19:21:00
Joseph Mills,2021-08-08 16:23:11
Shannon Fry,2021-07-01 18:15:40
Eric Smith,2021-09-28 04:40:44
David Benton,2020-09-09 02:32:53
Ashley Maldonado,2020-06-26 00:57:54
Joseph Lindsey,2021-06-12 21:28:22
Brandon Hopkins,2021-11-03 19:51:54
Laura Davis,2021-05-25 16:13:17
Kevin Morgan,2021-04-19 14:26:11
Kevin Anderson,2021-05-26 11:17:10
Raymond Le,2021-06-07 04:13:47
Edward Ramsey,2020-11-14 18:11:48
Catherine Rodriguez,2020-08-03 11:04:33
Alicia Navarro,2021-09-29 22:30:54
Sharon Stewart,2021-03-10 14:07:11
Michaela Matthews,2020-10-12 16:00:04
Donald Wood MD,2020-07-30 08:00:42
Christopher Patterson,2020-11-17 07:25:53
Patricia Jones,2020-12-22 20:23:27
Melissa George,2020-07-24 20:56:04
Jill Adams,2020-11-09 21:42:47
Stephen Morris,2020-11-06 14:30:03
Matthew Griffin,2020-06-18 17:00:09
Emily Salazar,2020-05-31 00:05:30
Joshua Mann,2021-04-18 21:48:40
John Smith,2021-07-21 13:29:47
Jason Robinson,2021-06-21 02:33:59
Amanda Patterson,2020-07-14 03:45:45
Andrew Jones,2021-08-21 06:13:14
Christopher Delacruz,2021-04-26 02:21:21
David Sullivan,2020-05-10 10:17:58
Kelly Sullivan,2021-04-15 14:06:45
Dawn Cole,2021-12-05 17:41:30
Frank Gomez,2021-07-06 19:51:41
Ashley Mendoza,2020-10-16 14:50:13
Heather Mendez,2021-11-10 05:12:01
Charles Alexander,2021-11-14 22:23:42
Alyssa Charles,2020-12-25 04:06:50
Dylan Petersen,2021-07-28 17:45:12
Christopher Cooley,2021-04-06 17:15:45
Wendy Martinez,2020-05-04 15:00:57
Alicia Roberts,2020-09-28 20:53:58
Timothy Long,2020-12-11 05:53:08
James Garza,2020-09-09 22:25:17
Daniel Smith,2021-12-26 05:55:11
Cynthia Monroe,2020-06-29 09:03:17
Adam Spencer,2020-08-04 16:20:45
Michael Davis,2020-09-03 07:35:46
Christina Barton,2020-08-27 22:54:54
Duane Gomez,2020-08-15 05:28:52
Carrie Rodriguez,2021-05-23 01:54:42
Sheila Ramos,2020-08-07 21:29:29
Stephen Kelly,2021-08-29 00:35:04
Kristen Parks,2021-08-14 03:13:10
Katrina Murphy,2021-07-25 21:36:45
Angela Garza,2021-04-21 00:25:46
Heather Avery,2021-07-20 12:45:21
Gabriel Kelley Jr.,2021-06-08 05:51:26
Mr. Timothy Hobbs Jr.,2020-05-08 12:58:06
Steven Wilson,2020-06-11 12:03:18
David Yang,2021-10-21 06:12:57
Stephanie Bennett,2020-08-24 01:36:30
Kevin Jones,2021-08-23 15:58:06
Matthew Butler,2020-07-17 22:22:50
David Hernandez,2020-05-02 17:15:52
Amy Smith,2020-06-21 08:15:14
Jack Galloway,2020-06-18 14:21:13
Jacqueline Thompson,2021-06-22 13:00:31
John Moon,2020-09-25 15:50:54
John Daniels,2021-12-22 16:47:53
Scott Jones,2021-07-15 10:05:53
James Weaver,2020-12-19 00:23:10
Gina Johnson,2021-07-16 05:27:42
Christopher Salazar,2020-05-13 21:31:11
Rebecca Woods,2020-05-31 16:19:26
Tonya Jones,2021-06-23 07:37:42
Lisa Peterson,2020-05-25 04:21:29
Blake Leach,2020-10-31 03:51:05
Brittney Arias,2020-06-23 19:05:10
Yvette Harper,2021-11-24 01:16:18
Terry Curry,2021-02-25 15:12:16
Justin Hall,2021-02-22 06:57:20
Yvonne Bailey,2021-06-29 17:27:43
Tonya Roberts,2021-01-01 22:52:40
Jim Mccall,2021-12-27 03:47:54
Sharon Knox,2021-12-06 08:52:47
Linda Jones,2020-10-20 08:49:19
Diana Morse,2021-10-20 23:17:10
Pamela Hanson,2021-10-20 15:35:22
Travis Moore,2021-10-27 17:33:19
Christopher Jackson,2020-08-04 19:47:46
Rebecca Gonzalez,2021-05-15 11:11:21
Joshua James,2021-10-25 04:10:40
Ryan Miranda,2021-03-08 20:27:17
David Young,2021-05-06 23:12:25
Matthew Henderson,2020-05-18 18:43:15
Amber Sanchez,2021-07-25 13:56:07
Kylie Beard,2020-12-09 22:49:30
Dr. Anthony Williams,2021-12-17 23:48:13
Amy Hall,2020-04-27 23:41:00
Darren Cochran,2020-04-26 21:36:08
Brian Levine,2021-05-21 23:26:23
Sarah Ferguson,2020-08-14 15:23:50
Candice Ramirez MD,2021-09-28 23:20:35
Jason Smith,2020-10-14 07:14:08
Michelle Booth,2021-11-04 07:49:58
Mark Jackson,2021-07-09 04:17:06
Bryan Savage,2020-07-16 10:42:01
Timothy Watts,2020-05-10 02:04:28
Amanda Hopkins,2021-08-16 10:35:56
Ashley Roberts,2021-05-12 20:39:08
Rachel Chavez,2021-11-24 06:29:32
Elizabeth Myers,2021-03-12 04:28:35
Angela Walter,2020-12-17 03:59:25
Raymond Cooper,2020-08-31 19:28:09
Mark Bennett,2021-03-02 21:56:04
Ronald Winters,2020-08-11 10:10:53
Tara Young,2021-04-04 08:06:10
Jacob Dominguez,2021-11-23 21:45:34
Nicholas Chavez,2020-11-19 17:11:08
Paige Williams,2020-08-19 05:54:36
William Oliver,2020-05-29 21:03:57
Holly Reese,2021-02-27 16:47:04
Martin Davis,2021-08-30 10:25:53
Edgar Martin,2021-11-11 09:07:42
Christian Nelson,2020-06-08 05:11:53
Anthony Martinez,2020-12-14 15:32:07
Mr. Edward Anderson,2021-11-20 20:35:06
Jesus Grimes,2020-08-15 07:33:07
Christine Morton,2020-12-25 17:36:29
Kim Frazier,2020-07-30 07:13:09
Nicole Moore,2021-12-28 00:40:54
John Wilson,2021-04-29 02:33:07
Jennifer Church,2020-05-19 09:25:29
Amanda Esparza,2021-11-07 21:12:24
Sara Martinez,2020-05-30 08:56:31
Melissa Kennedy,2021-01-08 10:05:34
Tony Martin,2021-10-06 16:36:23
Kristin Knight,2020-08-07 08:57:18
Jessica Lowery,2021-10-21 02:00:19
William Wells,2021-10-07 12:29:32
Matthew Lozano,2021-08-11 17:56:14
Eduardo Rodriguez,2021-02-09 11:46:27
Mary Snyder,2021-03-15 06:49:53
Gabriel Gomez,2020-12-18 00:46:25
Kevin Porter,2020-10-10 17:10:58
Sherry Davis,2021-03-29 22:35:00
Patricia Knapp,2021-06-14 15:10:28
Sean Wood,2021-08-29 10:15:28
Todd Glover,2021-06-13 12:47:06
Kenneth Newton,2021-01-08 22:36:50
Allison Moore,2021-04-14 22:21:22
Jennifer Davis,2020-10-11 22:25:57
Todd Giles,2021-05-17 12:38:15
Christopher Freeman,2021-06-25 09:36:33
Aaron Fuentes,2021-03-11 11:19:54
Michelle Thompson,2021-04-23 04:35:01
Jennifer Mcdonald,2021-11-24 22:52:35
Scott Salinas,2020-09-01 22:31:19
Stacy Tapia,2020-05-01 02:28:42
Michelle Buchanan,2020-07-18 20:09:00
Sara Curtis,2021-07-12 09:41:49
Andrew Sullivan,2020-10-22 08:18:35
Kenneth Mcbride,2020-08-08 21:58:09
Erin Wright,2021-11-25 08:14:33
Gloria Davis,2021-05-19 22:41:49
Jennifer Williams,2021-01-12 17:26:56
Anthony Hernandez,2020-06-08 04:34:15
Billy Nelson,2021-03-21 06:45:10
Phillip Proctor PhD,2020-10-16 22:35:37
Jerry Lee,2021-09-11 14:14:27
Brianna Jensen,2020-10-18 19:55:01
Peter Davenport,2021-02-21 10:08:37
Mitchell Roberts,2020-09-25 18:30:49
Ryan Nelson,2020-09-10 06:43:05
Alex Horn,2021-12-21 18:21:49
Matthew Miranda,2020-05-29 16:03:26
Victoria Lee,2021-08-31 03:07:15
Mrs. Sara Pearson DDS,2020-05-23 01:24:28
Kristina Watkins,2021-10-13 05:23:37
Ruth Adams,2021-07-10 08:26:02
Jocelyn Perez,2021-11-23 09:51:52
Michelle Carroll,2021-07-04 18:00:00
Jessica Gardner,2021-10-04 15:51:00
Tonya Stevens,2020-10-27 14:06:36
Alyssa Hubbard,2021-12-30 14:33:52
Sara Morris,2021-02-28 14:17:27
Mary Johnson,2021-05-05 13:26:29
Kimberly Nichols,2020-05-31 22:44:47
Hector Bell,2021-02-08 00:55:48
Traci Thornton,2021-09-09 02:26:35
Penny Rojas,2020-06-06 06:55:30
Keith Lee,2020-08-08 20:26:08
Joseph Park,2021-02-06 01:03:13
Daniel Diaz,2020-12-25 04:11:38
Barry Brown,2021-01-01 04:46:22
Ashley Mercado,2021-01-28 21:38:12
Brian Bartlett,2021-09-15 09:31:01
Clifford Perez,2021-08-04 15:40:58
Luis Gibson,2021-03-24 13:13:52
Jonathan Rodriguez,2021-08-17 08:05:34
Peggy Smith,2021-04-30 03:57:32
Michelle James,2020-04-23 21:04:05
William Hess,2020-08-08 01:05:22
Toni Lewis,2021-08-24 09:35:42
Tanya Cowan,2021-12-16 02:39:39
Brooke Bruce,2021-12-03 21:53:11
Joel Edwards Jr.,2021-05-15 14:44:13
Eric Barnes,2021-03-29 01:17:20
Troy Jones,2021-02-26 04:44:50
Dawn Wilson,2020-06-16 01:34:28
James Hernandez,2021-10-27 23:09:36
Larry Coleman,2020-12-30 01:02:15
Brandon Gonzales,2021-08-05 19:56:38
Tara Fuentes,2020-11-20 02:23:24
Robert Conner,2021-01-25 05:06:45
Kristen Bonilla,2020-10-31 09:27:25
Jennifer Chavez,2021-03-21 04:53:59
Rodney Cook,2021-01-11 14:15:48
Thomas Duke,2020-12-25 22:46:39
Anthony Jackson,2021-10-27 08:05:44
Peter Roach,2021-01-15 15:22:42
Sarah Dalton,2021-09-26 18:26:56
Nicole Moore,2020-09-05 22:07:18
Maria Adkins,2021-07-06 13:52:12
James James,2020-05-30 12:28:51
Courtney Diaz,2020-06-20 03:31:31
Christopher Taylor,2021-12-22 15:47:58
Casey Pineda,2021-04-04 06:16:45
Ashlee Jones,2021-10-03 13:21:41
Lance Thompson,2020-11-11 12:54:30
Leah Santiago,2021-12-13 09:46:55
Cynthia York,2020-08-11 11:18:03
Samantha Davis,2020-10-18 08:27:11
Andrew Mcgee,2021-08-17 12:51:03
John Bradley,2020-05-13 21:16:51
Manuel Guerrero,2021-09-30 22:36:23
Michael Parker,2020-08-12 14:01:54
Christian Hernandez,2021-10-15 06:16:58
Joseph Ramirez,2021-03-23 14:20:34
Jeremy Scott,2021-12-18 10:40:28
Cory Luna,2021-05-17 00:23:08
Steven Mckay,2021-01-16 20:32:18
Jeffrey Rivera,2020-11-05 17:40:30
Renee Levine,2021-03-07 05:38:24
Kathryn Ortiz,2020-10-19 13:45:50
Laura Anderson,2020-10-27 10:30:19
Michael Pollard,2020-10-13 21:22:14
Elizabeth Dunlap,2020-08-30 18:31:59
David Delgado,2021-10-09 11:12:14
Justin Zimmerman,2021-04-30 00:07:01
Cynthia Rivera,2021-08-11 08:32:08
Erin Wood,2021-11-01 05:09:30
Kimberly Le,2021-01-26 05:50:11
Ethan Gutierrez,2020-09-25 08:27:55
Joseph Morrison,2020-08-29 13:29:00
Kyle Vazquez,2020-06-03 08:40:22
Matthew Wells,2021-05-15 03:28:43
Colin White,2020-06-16 20:26:47
Tammy Cook,2020-12-26 15:48:44
Kelsey Campos,2021-06-01 03:33:47
Corey Miller,2021-10-11 05:42:55
Mr. John Nichols,2020-06-19 13:12:48
Garrett Le,2020-11-08 11:17:06
David Caldwell,2021-02-06 01:23:38
Margaret Dixon,2021-06-09 03:54:39
Megan Smith,2021-12-04 03:57:12
Brian Thompson,2021-12-30 14:33:56
Jennifer Jennings,2020-05-09 00:22:42
Edward Huang,2021-09-28 19:02:56
Adrienne Wiley,2021-08-13 22:43:23
Vincent Franklin,2021-09-01 11:06:17
Terri Lopez,2021-03-23 13:45:03
Troy Chase,2020-07-22 21:38:11
Lindsey Walker,2020-05-10 17:29:45
Jamie Harris,2020-09-08 00:08:41
Joshua Garcia,2021-04-15 15:06:35
Andrew Woods,2020-07-06 12:23:45
Sherry Hansen,2020-04-24 18:05:11
Lynn Bennett,2020-06-04 13:52:30
Henry Hess,2021-06-20 07:25:05
Edwin Harmon,2021-03-02 09:06:39
Catherine Chung,2020-07-16 16:21:58
Nicholas Clark,2021-10-08 21:08:03
Melissa Lamb,2021-07-21 23:45:20
Julie Daniels,2021-03-05 12:38:00
Rachel Brown,2021-12-24 15:35:02
Erik Herrera,2020-11-23 20:06:31
Jennifer Holland,2020-08-14 00:45:21
Phillip Miller,2021-09-11 02:48:41
William Cole,2020-12-19 03:41:15
Ian Brooks,2021-01-29 21:44:48
Alexis Mcdonald,2020-07-12 11:02:29
Jacqueline Barnes,2020-08-11 15:23:01
William Brown,2020-07-02 16:21:41
Sara Wilson,2020-07-15 12:08:31
Donna Ellis,2021-12-21 00:54:36
Paul Fowler,2021-02-19 06:12:23
James Clements,2021-05-17 14:27:50
John Stewart,2020-12-06 20:28:02
Terry Davis,2020-09-07 12:14:35
Sophia Turner,2021-04-07 23:04:05
Craig Black,2020-10-12 14:55:22
Richard Acosta,2021-08-20 13:38:27
Lori Duran DDS,2021-03-22 17:26:31
Jacob Gutierrez,2021-07-08 14:55:03
Kevin Marshall,2021-07-26 13:00:37
Janet Thompson,2021-11-12 14:40:10
Adam Martinez,2020-09-25 19:45:09
Jared James,2020-11-20 03:07:52
Gregory Frey,2020-09-06 01:26:20
Allison Ramirez,2021-02-13 20:59:34
Robert Harris,2021-06-18 03:05:04
Taylor Duffy,2020-09-21 18:58:18
Debra Nelson,2020-07-01 15:49:20
David Clark,2020-10-08 18:45:47
Sophia Howard,2020-10-23 18:55:11
Anita Reed,2020-08-19 15:29:31
Carla Bass,2021-05-25 11:20:46
James Horton,2021-05-21 10:02:34
Kenneth Jones,2021-09-09 18:36:25
Jessica Garcia,2021-09-03 10:21:46
Gary Becker,2020-12-05 20:41:17
Kathleen Smith,2021-02-05 04:36:11
Christine Vega,2020-08-28 17:44:01
Joshua Jackson,2021-07-22 05:52:43
Adam Oliver,2021-07-03 16:30:59
Jenny Bailey,2020-11-09 02:24:53
David Howard,2020-06-24 14:55:22
Kathryn Finley,2021-06-23 22:38:58
Eric Johnson,2020-06-09 01:52:08
Michelle Rocha,2021-06-03 06:28:03
Joyce Patton,2021-09-30 22:48:55
Jordan Johnston,2020-07-06 05:45:36
Nicholas Stewart,2020-08-31 18:06:54
Kelly Webb,2021-01-01 23:38:27
Jessica Wright,2020-08-05 22:46:01
Anthony Sanders,2020-05-20 13:34:18
Matthew Gibbs,2020-07-15 20:33:48
Alexis Ruiz,2020-11-09 16:50:13
Amanda Butler,2021-03-18 04:54:14
Lisa Smith,2020-06-30 16:24:00
Kendra Francis,2020-05-25 10:54:50
Michael Cabrera,2020-11-24 00:57:17
Robert Crosby,2021-06-17 14:30:32
Jamie Alexander,2021-09-09 14:04:36
Christopher Murray,2020-10-04 11:03:21
Tammy Johnson,2021-03-23 19:41:06
Joseph Fischer,2020-06-03 15:02:45
Steven Fox,2021-07-27 17:37:05
John Campos,2021-03-18 15:14:42
Justin Terry,2020-07-24 10:14:03
Aaron Briggs,2020-05-09 04:34:55
Evan Martinez,2021-04-10 07:47:22
Miguel Silva,2020-09-04 02:09:59
Nicole Lloyd,2021-12-13 05:38:46
Heather Lang,2020-07-03 14:51:21
Lauren Smith,2021-11-28 14:59:11
Kristopher Larsen,2020-06-02 14:49:25
Jose Weaver,2020-05-01 21:57:29
Brooke Peters,2021-05-22 16:11:49
Beth Fox,2021-01-14 16:44:52
Jennifer Allen,2020-06-28 00:43:19
Karen Fernandez,2020-08-18 09:09:29
Richard Waters,2021-12-01 20:26:10
Roger Ross,2020-08-05 13:12:53
Taylor Washington,2020-07-06 22:08:45
Jeremy Reynolds,2021-02-27 04:52:46
Krista Martinez,2020-06-22 17:24:40
Alexandria Fox,2020-10-04 20:44:18
Jennifer Reyes,2021-10-15 20:51:23
Lauren Matthews,2021-10-04 01:04:21
Catherine Davis,2021-01-09 10:38:58
Megan Morgan,2021-10-10 12:38:54
Rachel Moore,2020-08-18 14:46:25
Brenda Higgins,2020-09-23 03:17:36
Joshua Myers,2020-09-06 04:34:34
Michael Alvarado,2021-08-25 06:34:09
Jimmy Young,2021-03-05 20:49:42
Craig Cruz,2021-06-20 19:49:23
Mrs. Amanda Randall,2020-09-19 04:51:22
Christopher Wood,2021-04-28 21:55:44
Michael Young,2021-04-08 17:30:47
Angela Quinn,2020-11-27 13:13:04
William Zimmerman,2021-04-05 08:34:19
Alicia Webb,2021-07-30 01:57:24
Tonya Brown,2021-08-25 20:28:33
Alison Williams,2020-11-23 09:36:08
Melanie Choi,2021-04-17 00:43:25
Erin Mccarty,2021-10-14 07:54:13
Kathryn West,2021-12-23 20:19:46
James Schultz,2021-12-12 19:43:20
Anthony Barrera,2020-11-09 22:28:38
Tiffany Floyd,2021-05-07 00:49:08
David Robinson,2021-04-29 22:22:20
Kenneth Larsen,2020-12-09 18:21:35
Jerry Larson,2021-10-03 07:21:35
Stephanie Cooke,2020-06-16 20:18:22
Christopher Adams,2020-09-04 11:35:22
Samantha Wright,2021-12-18 15:59:41
Jose Gonzalez,2021-05-15 13:31:40
Susan Perez,2020-08-06 03:19:30
Elizabeth Gonzalez,2021-06-15 06:38:51
Frank Perkins,2021-09-22 01:49:33
Jennifer Ryan,2020-11-25 03:33:22
John Martin,2020-06-19 00:29:19
Brittany Warren,2021-07-14 14:41:41
Martin Myers,2021-02-04 04:49:38
Megan Vega PhD,2020-10-01 17:15:30
Natasha Lewis,2021-02-21 15:54:38
Allison Anderson,2021-12-08 01:59:51
John Farrell,2020-09-05 07:10:49
Miranda Marquez,2021-06-05 06:51:39
Darryl Hawkins,2021-03-11 10:09:31
Margaret Burgess,2021-08-07 05:36:21
Christina Jones,2020-12-03 07:12:39
Henry Smith,2021-09-02 19:39:48
Christina Hampton,2021-09-24 20:41:14
Jason Reed,2021-09-16 21:18:17
Thomas Arnold,2020-12-07 07:22:55
Susan Brooks,2020-12-02 18:41:06
Stephanie Hunter,2021-12-13 06:38:12
Christopher Fields,2020-12-29 15:55:00
Lynn Jones,2021-12-09 15:08:01
Anne Clark MD,2020-07-16 12:47:13
Kimberly Bean,2021-08-06 19:15:21
David Wallace,2020-10-11 06:24:36
Tammy Santiago,2020-12-21 12:45:18
Yvonne Ramirez,2021-11-18 04:35:07
Eric Henry,2021-01-17 12:42:53
Ryan Lawson,2020-07-20 23:33:48
James Morgan MD,2021-08-19 09:01:40
Kristine Benson,2021-01-19 16:49:11
Autumn Young,2021-05-13 13:53:35
Patricia Davis,2021-12-18 17:36:12
Tina Johnson,2021-02-04 04:57:27
Ms. Erin Roberts,2021-09-13 13:42:13
Christina Foster,2020-08-25 11:48:30
Michele Mclaughlin,2020-10-19 22:45:29
Julia Wood,2020-08-05 21:59:03
Amanda Torres,2021-11-26 03:18:20
Jeremy Padilla Jr.,2020-10-03 03:39:28
Susan Morales,2021-02-20 10:53:31
Lawrence Gregory,2021-10-26 01:45:38
Jessica Hudson,2021-02-19 05:37:57
Thomas Boyd,2020-08-14 09:47:07
Tamara Holt,2020-08-26 08:53:58
Gina Hodge,2021-04-02 19:13:58
Linda Hall,2020-12-22 12:57:27
Mrs. Brittany Eaton,2020-12-07 22:58:35
Javier Goodwin,2020-05-13 11:56:58
Jason Bennett,2021-11-16 17:04:26
Michael Mcintyre,2021-04-29 14:35:27
Kathy Mcfarland,2020-08-09 10:49:02
Heather Dawson,2020-08-20 00:15:46
Holly Graham,2020-07-10 15:48:47
Jesse Randolph,2021-03-31 12:55:19
Jessica Adkins,2021-10-18 21:29:26
Zachary Weber,2021-08-02 15:53:46
Gregory Meza,2021-12-02 12:08:41
Elizabeth Clark,2020-05-18 05:58:47
Pamela Pham,2020-09-27 02:48:02
Heidi Harrell,2021-02-11 10:38:00
Sabrina Price,2020-04-24 22:09:06
David Hicks,2021-11-11 20:52:59
Regina Mcdowell,2020-11-19 18:29:30
Kim Farley,2021-09-11 17:51:19
Katie Young,2021-02-11 17:08:49
Joseph Clark,2020-08-01 19:49:42
Brandi Wagner,2020-10-11 02:35:16
Scott Hicks,2020-07-07 06:25:58
Taylor Brock,2021-01-31 14:14:35
Sergio Smith,2021-12-18 04:52:52
Judy Ortega,2021-12-10 14:20:09
Peggy Stewart,2021-03-13 03:01:46
Andrew Davis,2021-10-20 15:48:23
Steven Bryant,2021-01-22 17:29:13
Jack Reeves,2021-11-10 18:28:17
Connie Cox,2020-08-01 18:31:56
Cassandra Carter,2021-12-16 06:34:01
Emily Jackson,2020-06-27 08:36:17
Hannah Perry,2021-09-23 11:20:03
Kristin Rangel,2021-07-21 06:20:41
Aaron Parker,2020-12-10 14:35:31
Benjamin Collins,2020-11-16 10:15:51
Samantha Campbell,2021-05-29 08:58:50
Sierra Adams,2020-11-12 15:54:39
Frank Welch,2020-07-03 04:41:46
Andrew Diaz,2021-03-10 19:26:18
Michelle Palmer,2021-10-07 19:09:05
Kevin Charles,2021-09-26 23:32:56
William Walton,2021-03-21 06:52:00
Ryan Porter,2021-08-15 01:57:36
Megan Burnett,2021-12-03 09:53:51
Jessica Smith,2020-05-27 02:07:56
Jason Ellison,2021-04-11 21:01:54
Kimberly Campos,2020-08-13 12:19:58
Timothy Mora,2020-12-25 18:32:31
Alexander Burgess,2021-01-08 19:20:55
Jeremiah Mcguire,2020-05-24 04:05:50
Laura Arnold,2020-11-30 23:44:59
Patricia Clayton,2021-04-23 09:49:12
Edgar Hall,2020-12-24 01:19:39
Vanessa Pierce,2020-09-24 23:10:54
Cassidy Keller,2021-08-12 16:42:13
Kevin Smith,2021-01-04 09:40:06
William Marshall,2021-01-31 06:42:41
Wayne Perez,2020-05-26 03:09:27
Sean Paul,2020-08-28 23:06:17
Brenda Garcia,2020-06-13 16:58:45
Jennifer Herrera,2021-06-29 10:45:00
Brian Hughes,2021-05-10 01:37:45
Amber Thomas,2021-04-23 19:25:08
Debra Greene,2021-07-24 18:43:38
Tracy Cain,2020-08-29 05:04:23
Benjamin Wolfe,2021-07-19 12:16:36
Rhonda White,2020-07-17 16:45:40
Barbara Chase,2021-01-29 05:37:38
Lisa Strickland,2021-05-07 06:29:32
James Norris,2020-09-01 03:23:47
Lisa Peterson,2021-04-05 07:57:08
Duane Rivera,2021-03-31 19:05:55
Frank Ramsey,2021-03-26 11:39:32
Aaron Odonnell,2021-10-19 17:09:10
James Stout,2021-03-06 11:31:53
Karen Sanchez,2021-04-06 18:08:10
Cynthia Logan,2020-11-16 17:58:53
Thomas Pearson,2021-11-17 01:55:00
Dennis Brown,2021-12-13 18:37:37
Kelly Price,2021-12-25 02:48:51
Lynn Mathis,2020-07-04 11:22:09
Shaun Sims,2021-02-03 10:50:01
Lauren Walker,2020-08-09 20:17:19
Dr. Ronald Hernandez,2020-06-23 06:03:26
Rodney Colon,2020-06-09 07:13:27
Paul Willis,2021-03-02 03:20:03
Mark Payne,2020-08-05 15:34:18
Jennifer Francis,2021-11-20 06:58:38
Robert Gonzalez,2021-10-03 00:38:22
Stephen Long,2021-12-28 23:55:16
Nicholas Alvarez,2021-05-13 03:28:13
Gina Richardson,2021-08-08 21:33:29
Kaitlin Smith,2021-08-25 09:32:42
Justin Douglas,2020-11-20 21:31:26
Kelly White,2020-07-28 08:09:00
Dennis Torres,2021-08-03 03:34:04
Brian Beard,2021-11-12 15:39:17
Jerry Chambers,2021-02-17 02:04:21
Jamie Cruz MD,2020-05-21 03:07:04
Amy Anderson,2020-09-27 07:45:28
Cody Wells,2020-05-30 15:14:57
Steven Thomas,2021-08-29 08:22:03
Kelsey Logan,2021-10-02 03:02:34
Bianca Nunez,2021-10-15 09:43:47
Matthew Sanchez,2021-01-29 19:47:13
Daniel Navarro,2020-06-07 12:02:08
Scott Edwards,2021-11-17 15:21:04
Carol Ponce,2021-04-06 15:15:06
Alexander Hoover,2021-10-08 11:24:48
Dustin Robles,2021-01-10 07:25:53
Robert Howard,2020-07-07 01:24:00
Katherine Wright,2021-04-01 15:54:17
David Cole Jr.,2020-10-27 05:11:50
Mr. Kevin Brown Jr.,2021-09-26 08:32:16
John Meyers,2020-12-25 00:57:10
John Clark,2021-12-05 06:57:42
Jose Warren,2020-06-06 17:37:06
Natalie Martinez,2021-05-08 08:18:10
Matthew Reyes,2020-05-14 02:13:27
Evan Carter,2021-06-02 08:09:51
Zachary Barajas,2020-05-02 19:23:55
Bobby Rose,2020-06-08 09:33:40
Rebecca Lin MD,2021-04-08 08:37:14
Joshua Reed,2021-05-01 19:08:11
Charles Arroyo,2020-06-02 07:26:28
Jamie Walker,2021-06-04 17:51:50
Kristy Decker,2021-11-28 01:03:48
Tonya Jackson,2020-09-28 03:35:32
Benjamin Hunter,2020-07-07 11:53:18
Melissa Wolf,2020-12-09 10:36:40
Kathleen Gonzalez,2020-05-02 16:32:30
Janet Davis,2020-11-16 15:29:21
Jorge Buchanan,2020-07-28 10:42:59
Aaron Harding,2020-10-27 09:21:44
Rose Jones,2020-12-18 16:11:05
Cassandra Owens,2020-05-12 23:28:39
Stephanie Martin,2021-03-05 19:17:57
Randy Johnston,2020-05-03 04:23:33
Rebecca Ball,2020-06-16 05:20:05
Christopher Sullivan,2021-06-30 04:05:49
Catherine Gordon,2020-09-15 00:10:51
Logan Anderson,2021-04-12 14:31:58
Sean Johnson,2021-05-27 13:19:18
David Mills,2021-08-13 21:25:14
Charles Shannon,2021-09-19 23:11:27
Nicole Gillespie,2021-06-01 17:35:19
Kayla Alexander,2021-09-05 21:42:32
Brenda Davis,2020-09-17 17:35:27
Laura Hamilton,2020-08-25 00:44:57
Jesse Hughes,2021-05-28 14:53:46
Tammy Patel,2021-02-13 06:15:47
Benjamin Thomas,2020-05-19 23:03:36
Timothy Anderson,2020-09-28 19:57:11
Justin Washington,2021-09-28 12:46:09
Mark Adams,2020-12-10 12:47:16
Tiffany Johnson,2021-07-22 08:22:51
Catherine Martin,2020-11-12 16:48:30
Douglas Barber,2021-07-09 16:07:47
Lawrence Carter,2020-05-26 11:12:53
Nicholas Smith,2021-07-21 11:54:29
Tyler Williams,2020-06-08 22:24:21
Alexander Mayo,2020-09-19 09:41:08
Timothy Thomas,2021-04-27 19:39:42
Donna Thomas,2021-07-04 14:00:36
Danielle Hancock,2020-05-11 15:34:30
Joseph Mccoy,2021-11-25 14:37:24
Paul Porter,2021-06-04 11:04:10
Thomas Walter,2020-06-30 15:28:20
Kelly Stevenson,2021-03-04 23:24:02
Corey Williams,2020-06-29 16:46:47
Diana Martin,2020-05-07 13:15:08
Jeffery Rubio,2020-07-23 02:23:15
Monica Bray,2020-07-01 21:33:06
Travis Smith,2021-03-24 22:31:33
Adam Owens,2021-06-06 17:35:08
Sharon Lee,2021-07-13 05:39:20
Mary Hill,2021-06-07 07:20:43
Robert Roberts,2021-04-19 03:07:22
Christian Atkins,2020-09-07 01:05:41
Sharon Livingston,2021-05-09 18:13:04
Patricia Brown,2021-12-23 05:06:22
David Reed,2020-07-12 10:39:31
Eric Mcmillan,2020-08-23 17:17:17
Sandra Munoz,2021-02-25 09:12:59
Lee Fernandez,2020-06-28 12:30:45
Courtney Hubbard,2021-10-14 20:33:55
Kristen Pearson,2020-12-05 05:47:41
Sharon Shields,2021-10-10 10:25:02
Michael Rosales,2021-10-04 00:52:02
Seth Wilson,2020-07-26 19:18:23
Meghan Anderson,2020-12-29 02:52:11
Matthew Robinson,2021-04-28 22:18:31
Brian Lamb,2020-11-19 02:30:07
Stephen Barber,2021-06-25 11:46:37
Andrew Mcmahon,2021-08-18 08:25:28
Randy Cook,2021-08-29 05:27:12
Felicia Wallace,2021-02-02 16:10:31
Gabriel Patton,2020-06-12 15:25:02
Mary Brown,2021-08-02 14:32:56
Natalie Franklin,2021-01-07 16:25:56
Stephanie Chang,2020-05-02 22:12:19
Kayla Bender,2021-08-01 22:10:45
Matthew Walter,2021-07-15 19:29:10
Mark Brown,2020-05-04 11:47:48
Whitney Edwards,2020-08-10 13:02:21
Mr. William Miller,2021-03-13 06:12:36
Tiffany Dean,2020-12-05 04:36:38
Samantha Lamb,2021-12-23 14:41:41
Casey Brown,2020-05-17 16:06:45
Joel Rocha,2020-12-09 07:33:43
Reginald Mason,2021-02-17 10:27:40
Howard Patrick,2020-07-16 14:52:14
Jose Rose,2020-09-22 16:44:33
Mary Fox,2020-08-02 09:13:48
Robert Curtis,2021-01-25 02:01:51
Amanda Blankenship,2020-07-03 14:54:04
Carl Murphy,2020-10-19 19:21:11
Courtney Macdonald,2020-11-01 01:05:42
Margaret Friedman,2021-05-09 10:21:58
Joseph Mueller,2020-09-01 01:07:29
Ian Kim,2020-06-19 15:41:30
Stacy Riley,2021-02-12 05:46:31
Walter Morgan,2020-09-27 06:28:27
Evan Briggs,2020-09-30 22:32:45
Madison Flores,2020-10-05 04:11:05
Victoria Schmitt,2021-03-07 16:53:01
Christina Larsen,2020-06-04 14:06:58
Timothy Williams,2020-05-25 15:29:06
Michael James,2021-01-03 07:27:45
Derek Foster MD,2020-09-10 06:01:21
Karen Brady,2021-07-22 18:10:18
James Miller,2020-12-11 03:51:29
Joseph Gardner,2021-12-03 04:41:40
Sharon Carson,2021-09-06 18:09:20
Melissa Jackson,2020-10-30 08:23:25
Gary Brown,2020-07-12 05:12:23
Ryan Mitchell,2020-06-23 09:12:14
Regina Sanders,2020-08-19 19:15:39
Lisa Wagner,2020-08-14 16:06:58
Brandon Davidson,2020-08-01 17:10:06
Jamie Brown,2021-08-14 08:21:33
Ashley Cook,2021-05-19 13:42:13
Dana Chavez,2020-08-28 18:21:46
Andrea Sutton,2020-12-08 04:56:47
Donald Andrews Jr.,2021-08-06 10:38:16
Mark Johnson,2020-06-19 04:00:40
Tyler Parker,2020-05-27 07:29:34
James Avila,2021-03-28 19:22:45
Gerald White,2020-08-03 16:04:57
Richard Wagner,2020-11-15 06:01:01
Brian Martinez DVM,2021-07-19 08:49:52
Mackenzie Acosta,2020-09-20 19:41:24
Julie Garrett,2020-11-26 17:37:49
James Wilson,2021-01-05 22:38:22
Leonard Bradley,2020-10-06 06:41:36
Christopher Wright,2020-07-14 01:09:58
Matthew Wade,2021-06-03 00:40:05
Daniel Dunlap,2020-08-07 21:28:29
Jesse Lawrence,2021-09-28 20:02:03
Kristin Bowman DDS,2021-05-23 12:34:34
Jennifer Short,2021-05-15 10:23:23
Jennifer Warren,2020-05-17 11:57:03
Melissa Robles,2020-10-09 18:57:02
Timothy Henry,2021-01-06 21:58:58
Roy Bryan,2021-12-23 16:47:33
Karen Smith,2021-05-27 08:27:36
Cynthia Bell,2020-09-05 06:04:49
Brandy Nelson,2021-10-16 15:15:34
Austin Harris,2020-06-22 05:14:07
Mary Conway,2021-08-13 12:14:27
Lisa Lowe,2020-11-19 17:08:26
Nicole Simmons,2020-05-24 19:21:23
Mr. Jeffery Guzman,2021-10-02 04:49:14
Cassandra Parker,2021-04-01 00:01:07
Kelly Mitchell,2020-06-18 16:17:35
Sean Brown,2021-10-23 12:30:29
Lisa Allen,2021-06-17 01:50:31
Edward Welch,2020-05-28 11:16:18
Kristen Powell,2021-01-17 03:01:50
Jennifer Butler,2020-05-13 12:39:13
Jamie Hood,2021-05-04 11:05:01
David Duran,2021-02-26 22:32:48
Scott Hayes,2020-07-15 03:38:16
Kenneth Hutchinson,2021-05-28 14:47:32
Ian Dyer,2020-09-04 07:38:35
Kristina Lee,2021-06-25 07:38:30
William Santana,2021-10-02 23:09:41
Janet Duncan,2020-05-20 06:07:38
Kimberly Swanson,2021-08-11 17:17:52
Rachel Smith,2020-07-14 14:09:14
Ashley Thompson,2021-04-15 06:59:54
Timothy Davis,2020-06-14 20:05:16
Michelle Adams,2021-04-16 11:53:54
Benjamin Olsen,2021-10-19 19:22:33
James Johnson,2020-11-07 01:20:45
Tyler Ramirez,2020-09-22 03:23:10
Kristy Shaw,2020-10-08 00:17:36
Lisa Cooper,2021-05-12 23:04:48
Michael Adams DVM,2020-11-07 10:27:33
Elizabeth Wilson,2020-08-11 23:04:10
Tiffany Gomez,2021-02-03 11:31:16
Crystal Moore,2021-11-25 18:44:23
Dustin Shelton,2021-09-16 21:43:40
Andrew Williams DDS,2021-01-29 21:18:43
William Meadows,2020-09-29 06:46:41
Charles Roberts,2020-05-21 05:59:49
Frank Oconnell,2020-07-18 20:04:39
James Ray,2020-10-19 23:43:25
Yvonne Roberts,2020-11-19 05:21:19
Brandon Long,2020-12-21 14:21:22
Heather Gregory,2021-02-15 23:13:31
Kaitlin Bryant,2021-08-07 19:53:15
Steven Martin,2020-05-05 07:35:08
Jerry Ali,2020-12-04 10:03:29
Fred Hopkins,2020-07-06 12:52:13
Tamara Williams,2021-02-25 04:56:10
Isabel Madden,2021-07-20 09:55:19
Paul Riley,2021-04-22 21:46:51
Tamara Stuart,2021-04-26 15:25:15
Lauren White,2020-10-03 10:25:41
Anthony Gonzalez,2021-02-13 23:45:54
Susan Aguilar,2021-06-29 03:12:47
Alyssa Patel,2021-12-16 20:59:03
Bruce Pineda,2021-05-04 21:55:23
Dennis Robinson,2020-07-16 16:01:16
Timothy Rollins,2021-07-02 09:47:09
Alicia Doyle,2021-11-05 14:12:15
Mary Mullins,2020-07-31 03:59:09
Elizabeth Bishop,2021-08-28 11:50:35
Stacey Green,2021-03-09 11:04:28
Miguel Collins,2021-01-01 12:04:26
Curtis Acosta,2020-11-02 23:36:47
Michael Barr,2020-10-08 10:10:13
Daniel Johnson,2021-09-23 17:46:53
James Green,2021-05-04 09:31:37
Melissa Guzman,2020-10-19 21:46:49
Valerie Webb,2020-08-23 04:55:54
Donald Williams,2021-05-30 19:10:50
Barbara Jones,2021-09-27 20:24:32
Jennifer Brown,2021-05-12 04:46:06
Joel Moore,2021-04-22 04:35:06
James Carlson,2020-10-23 23:09:08
Brendan Sellers,2020-06-19 01:09:03
Eric Clark,2020-05-21 03:26:20
Victoria Moreno,2020-12-06 16:36:48
Karen Solomon,2020-06-23 03:00:04
Danny Hudson,2020-08-29 04:53:53
Tamara Cole,2020-05-21 01:37:52
Christopher Ellis,2021-10-30 10:12:17
Edgar Goodman,2021-04-26 21:26:07
Ashley Mcgrath,2020-11-30 03:40:11
Aaron Owens,2021-11-04 12:35:47
Mrs. Courtney Lewis,2021-04-16 14:45:50
Alvin Atkinson,2021-07-15 00:53:55
Lindsay Alexander,2020-11-24 23:59:39
Lori Jones,2020-11-11 14:01:17
Justin Williams,2021-02-11 05:41:25
Ronald Harris,2020-08-29 20:08:35
Michael Lee,2021-11-11 06:57:15
Michael Evans,2021-05-05 09:29:50
Brian Lopez,2020-05-16 10:09:27
Ryan Stuart,2020-09-28 05:24:49
Stephen Walker,2021-11-30 18:49:13
Kathy Anderson,2020-04-28 23:40:44
Mr. Craig Bradley,2021-05-22 19:01:14
Troy Mendoza,2021-03-09 21:07:39
Joseph Thomas,2020-06-30 04:54:35
Joseph Maddox,2020-06-03 12:52:42
Rachel Walker,2021-02-22 13:47:44
Vanessa Nguyen,2021-03-13 22:58:54
Andrea Hall,2021-02-07 13:04:24
Angela Simpson,2021-07-22 02:39:02
Carlos Wu,2021-06-29 03:43:59
Mr. Jerry Vincent,2021-08-20 09:39:46
James Rangel,2020-09-12 09:43:21
Joseph Brown,2021-05-28 00:58:57
Roberto Michael,2020-11-23 01:37:41
Kyle Guzman,2021-07-06 23:07:06
Beth Barnes,2020-04-25 21:16:53
Miss Jasmine Wilson DDS,2020-08-18 18:01:26
John Malone,2020-07-07 13:14:16
Susan Jordan,2021-09-21 23:09:03
Kristen Swanson,2021-02-06 17:49:11
David Ryan,2021-03-14 16:43:12
Scott Mccann,2020-11-22 12:46:50
Heidi Palmer,2021-05-11 02:54:06
Jessica Montgomery,2021-11-03 11:19:08
Elizabeth Patrick,2021-04-13 06:12:04
Andrew Reyes,2021-07-06 07:31:00
Derek Mitchell,2021-03-04 16:23:18
Clinton Herrera,2021-08-11 15:18:18
Jason Martinez,2021-12-10 12:32:52
Vanessa Carter,2021-05-31 16:26:34
Jennifer Little,2021-09-01 12:50:19
Mary Buckley,2021-02-22 11:02:39
Shawn Harris,2021-12-17 21:32:15
Beth Chen,2020-10-20 14:50:46
Matthew Solomon,2021-11-24 19:26:17
Ryan Shields,2021-11-16 08:56:36
Stephen Arellano,2021-05-26 02:23:43
Mary Shepard,2020-05-05 11:45:36
Michele Williams,2021-12-04 05:10:52
Elizabeth Gregory,2021-06-20 19:29:15
Christie Erickson,2021-06-04 15:05:54
Debbie Boyd,2021-03-12 07:42:44
Natasha Henderson,2021-04-18 11:16:11
Joshua Nguyen,2021-11-15 07:05:14
Renee Wilkinson,2020-11-29 04:38:26
Robert Francis,2020-11-16 04:16:35
Mark Young,2021-03-26 06:27:24
Anna Ward,2021-01-01 05:44:41
Margaret Escobar,2021-11-03 09:18:20
Susan Medina,2021-09-10 07:56:03
Kelly Lindsey,2020-11-04 04:04:11
Stephanie Reynolds,2021-11-03 12:01:22
Scott Flores,2021-08-08 14:30:20
Daniel Cruz,2020-10-03 09:12:35
Kevin Alvarez,2021-04-06 21:06:05
Nicole Barron,2020-10-01 01:15:38
Angela Rogers,2021-08-17 15:18:21
Brandon Johnson,2021-01-23 00:55:55
Carl Holmes,2020-12-23 07:12:49
Rebecca Swanson,2021-02-22 14:51:10
Mrs. Donna Brady,2021-01-14 13:11:53
Emily Lyons,2021-03-19 07:57:43
Heidi Murphy,2020-08-01 13:27:23
Luis Reid,2021-12-08 06:36:40
Brenda Wiley,2021-08-18 18:36:16
April Bennett,2020-04-30 01:46:44
Mrs. Theresa Turner,2020-11-02 15:45:56
Shawn Ponce,2021-06-14 20:30:31
John Mitchell,2021-03-10 09:53:30
Rebecca Harrison,2021-02-21 15:24:02
Stephanie Marshall,2021-09-27 11:58:43
Martin Jackson,2021-07-21 17:23:14
Derrick Stokes,2021-12-06 16:34:33
Tammy Clark,2021-07-26 00:20:45
Marcus Johnson,2021-06-24 09:39:29
Lori Reese,2021-05-28 14:25:56
Michael Fritz,2021-07-30 05:54:04
Barbara Roberts,2021-10-23 23:03:14
Katherine Howell,2020-10-29 00:49:39
Victoria Miller,2020-11-09 22:45:51
Brandon Paul,2021-11-22 11:31:47
Janet Smith,2020-07-31 18:53:00
Ernest Peters,2021-02-19 22:06:55
Mr. Christian Greene,2020-09-07 09:06:25
Kristen Barnes,2021-10-27 03:22:01
Angela Hartman,2020-05-11 12:23:12
Madison Brown,2020-09-18 07:34:50
David Burgess,2020-12-19 22:04:04
Tina Smith,2021-01-13 17:33:26
Jordan Nelson,2021-05-22 10:38:14
Jared Todd,2020-12-10 11:37:06
Amanda Miller,2021-03-07 05:46:24
Stephanie Singleton,2020-08-15 12:05:30
Donald Cross,2020-06-15 19:30:01
Tony Henry,2020-09-30 11:59:52
Joshua Buck,2021-08-09 06:23:44
Anthony Johnson,2021-11-13 13:48:47
Sean Reeves,2021-09-24 11:08:40
David Rangel,2021-10-19 07:46:28
Jennifer Arroyo,2021-04-13 21:45:34
Melissa Taylor,2020-11-13 15:53:56
Benjamin Sanchez,2021-04-20 16:03:16
Stephanie White,2021-09-25 07:01:04
Karen Sweeney,2021-07-11 21:55:33
Cheryl Contreras,2021-10-07 02:35:31
Brian Burke,2021-02-03 07:09:57
Samuel Maxwell,2021-03-05 16:20:27
Jason Bush,2020-06-03 05:17:25
Jeffrey Nunez,2021-10-02 12:39:31
Susan Haney,2020-09-24 00:04:00
Justin Miller,2021-07-21 06:50:28
Mary Jones,2020-04-27 06:14:08
James Higgins,2021-04-24 17:25:32
James White,2021-05-18 12:18:03
Adam Murray,2021-05-30 12:44:00
Mark Alexander,2020-10-09 07:09:18
Stephanie Goodman,2021-11-20 22:08:11
Adrienne Brown,2021-06-06 21:32:56
Kenneth Hughes,2021-10-22 17:13:22
Kimberly Marks,2021-07-01 23:56:09
Heather Chambers,2020-09-10 22:29:27
Vincent Green,2021-11-09 12:20:57
Michael Crosby,2021-01-08 10:54:53
Robert Farrell,2020-05-19 05:55:30
Katie Bauer,2020-09-14 05:08:46
