Name,Matched,Liked at
Edgar Pierce,True,2021-01-02 09:21:33
Renee Rice,True,2020-08-01 04:56:47
Stacy Payne,False,2021-04-06 22:09:01
Molly Adams,True,2020-04-27 11:57:00
Hannah Nelson,True,2020-08-08 19:10:28
Donald Coffey,False,2020-08-06 23:11:27
Diana Carlson,False,2021-07-05 01:48:44
Sydney Dyer,True,2021-03-11 09:24:49
Lynn Hale,False,2021-03-03 03:23:25
Theodore Graham,False,2020-07-31 00:48:42
Kevin Thomas,True,2021-10-04 12:40:26
Mitchell Hodges,True,2020-06-30 18:42:05
Patrick Holder,False,2021-09-26 12:35:11
Janet Jackson,True,2020-12-18 16:14:24
Mrs. Kaitlyn Perkins DDS,True,2021-05-31 01:14:17
Heather Henderson,False,2021-03-16 12:39:16
Nicole Dixon,True,2020-09-10 01:20:48
Robert Jones,True,2021-07-05 10:48:04
Casey Bonilla,False,2020-09-19 22:50:28
Tracy Shaw,False,2021-12-22 01:55:40
Albert Sutton,False,2021-07-12 21:57:41
Eileen Roach,True,2021-06-24 19:30:45
Tiffany Robinson,False,2021-07-02 21:00:11
Eric Clayton,False,2021-01-29 23:06:45
Vincent Simpson,False,2021-04-03 21:54:54
Michael Anthony,False,2020-11-07 20:59:11
Troy Guzman,True,2021-09-18 16:36:57
Michael Harrison,True,2021-04-09 21:59:47
Troy Murphy,False,2021-09-09 16:18:35
Evan Watson,False,2021-04-05 04:36:00
David Smith,True,2021-06-17 22:05:23
Steven Fischer DVM,True,2020-09-26 14:37:41
Derek Martinez,True,2020-12-21 18:30:32
Mrs. Stacy Watson,False,2021-08-25 12:47:29
David Quinn,True,2020-07-11 14:26:43
Ryan Barber,True,2021-12-15 06:32:43
Crystal Johnson,False,2021-09-30 14:29:09
Brandon Singh,True,2020-08-11 20:57:52
Felicia Watkins,True,2020-11-04 06:06:22
Kimberly Brennan,True,2021-11-06 05:51:48
Steven Hartman,False,2021-09-29 15:48:10
Monica Turner,True,2020-12-01 16:26:33
Patricia Johnson,False,2020-06-07 06:25:27
Kevin Fox,False,2021-04-03 03:33:16
Donna Glenn,True,2020-12-01 12:33:19
Tyler Brown,True,2020-06-13 09:05:41
Brenda Howe,True,2021-05-13 21:24:39
Justin Jones,True,2020-09-11 13:47:08
Megan Grant,True,2020-10-01 00:35:09
Donna Cunningham,True,2021-11-23 20:46:34
Chloe Berg,False,2021-09-16 09:05:32
Rebecca Johnson,True,2021-12-09 20:31:59
Thomas Gonzales,True,2021-07-19 23:49:43
David Smith,True,2020-05-30 08:18:01
Cynthia Martin,False,2021-05-06 19:42:08
Ashley Russo,True,2020-07-04 22:27:12
Pamela Boyer,False,2021-06-13 04:58:15
Bianca Harper,True,2020-10-06 08:36:30
Maria Jordan,False,2021-08-07 02:43:57
Shawn Horne,False,2020-11-04 04:42:20
Michael Santos,False,2021-09-01 00:29:28
Elizabeth White,False,2020-05-15 06:13:53
Eric Oliver,True,2021-07-07 14:59:32
Robert Molina,False,2021-09-07 14:25:57
Nathan Green,False,2020-08-24 11:56:01
Joyce Gray,False,2021-12-18 08:14:34
Kimberly Allen,True,2021-07-11 08:21:08
James Brown,True,2020-12-27 05:08:24
Jessica Taylor,False,2021-12-16 16:00:33
Scott Williams,False,2021-03-03 09:32:57
Raven Gomez,True,2020-12-01 01:02:30
Matthew Hebert,False,2020-04-27 02:09:25
Daniel Choi,True,2020-05-25 03:58:00
Stephanie Wilson,True,2021-10-09 02:54:11
Clayton Woodward,True,2020-12-01 15:56:44
Brett Smith,True,2021-03-04 21:07:31
Nicholas Moore,False,2020-05-25 03:12:00
Keith Hoffman,False,2020-09-17 07:53:02
Aaron Beasley,True,2021-05-29 03:20:53
Kayla Dunlap,False,2021-10-16 17:57:14
Ashley Owens,False,2020-09-17 02:32:07
Jenna Williams,False,2021-07-20 09:55:17
Tony Wheeler,False,2021-02-05 22:01:41
Kimberly Dunlap,False,2021-12-08 06:20:54
Erica Cooper,True,2021-04-13 10:22:55
Lucas Cruz,False,2021-09-21 12:45:49
Brian Little,False,2021-01-01 07:57:10
Sharon Brown,False,2020-11-27 15:28:51
Emily Carrillo,True,2021-10-10 10:23:50
Mrs. Heather Jackson,False,2020-11-26 11:27:37
Rebecca Williams,True,2021-12-23 12:41:16
Charlotte Palmer,True,2020-06-01 00:08:41
Jason Maxwell,False,2020-08-08 19:58:33
Brittany Zamora,True,2021-12-04 02:59:04
Jennifer Cowan,True,2020-10-06 20:39:41
Susan Fleming,False,2020-11-29 04:10:17
Laura Reed,True,2020-10-13 17:12:48
Elizabeth Benson,False,2021-02-03 05:00:20
Michelle Bentley,False,2021-06-19 06:55:07
Heidi Nelson,False,2021-07-26 11:37:16
Richard Bell,False,2020-07-29 10:48:52
Mark Gentry,False,2021-11-19 19:45:09
Tara Wilson,False,2020-08-01 21:24:05
Jose Gomez,True,2020-10-13 02:38:03
Katie Morales,False,2021-08-15 21:51:54
Frederick Mayo,True,2020-06-17 02:34:28
Stephen Hughes,True,2020-08-14 00:34:50
Sean Gray,False,2021-01-05 00:32:40
Alexander Rose,True,2020-05-30 12:55:19
Jennifer Marshall,True,2020-07-13 12:23:45
Amanda Stewart,True,2020-05-20 13:27:59
Alex Parks,False,2021-03-23 05:15:59
Robin Cohen,True,2021-04-12 04:15:35
David Torres,True,2021-08-12 12:29:36
James Lopez,True,2020-11-14 16:28:15
Kathryn Soto,False,2021-07-23 05:39:34
Kevin Skinner,False,2021-05-24 06:11:54
Amy Dixon,False,2020-07-28 11:28:32
Valerie Franklin,True,2021-07-14 18:53:19
Olivia Marshall,False,2020-06-10 11:22:36
Ruth Fisher,False,2021-03-06 19:08:12
David Perry,True,2020-12-07 01:28:34
Elizabeth Russell,True,2020-11-11 18:45:03
Julie Smith,True,2021-09-09 21:07:26
Tammy Chambers,True,2021-11-30 07:08:28
Jessica Jones,True,2021-08-10 20:59:32
Mary Thomas,False,2021-07-12 20:06:22
Abigail Hawkins,False,2021-04-30 11:25:01
Lee Baker,True,2021-01-06 03:48:22
Jill Pearson,True,2020-12-24 18:34:57
Marvin Sloan,True,2021-07-03 11:27:57
Kelly Rangel,False,2021-05-06 20:51:18
Marissa Peterson,False,2021-08-08 14:40:50
Victoria Waters,False,2021-07-23 00:03:29
William Hall,False,2021-03-22 01:21:59
Kyle Smith,False,2020-11-29 16:24:48
Jeffery Hunter,False,2020-05-19 18:56:28
Whitney Wright,True,2021-04-11 01:32:09
Amanda Gutierrez,True,2020-12-04 22:13:49
Kathy Brown,True,2021-10-17 08:31:35
Heather Gordon,False,2021-08-05 08:34:18
Johnny Foley,True,2021-11-27 05:48:09
Leslie Anderson,True,2020-08-04 06:09:10
Amanda Martinez,True,2020-09-17 20:04:27
Catherine Patton,True,2020-07-31 19:14:53
James Cole,True,2020-06-07 23:51:35
Brooke Villegas,True,2020-10-01 21:51:49
Mark Bond,False,2020-07-03 08:51:08
Tonya Brown,True,2021-03-22 20:39:35
David Flores,False,2021-09-05 22:08:40
Patricia Gonzalez,False,2021-04-18 07:36:35
Chloe Dunlap,True,2020-12-13 13:49:24
John Bentley,True,2021-07-23 15:19:35
Holly Davila,False,2021-07-30 18:19:34
Mary Arnold,False,2021-11-21 05:33:14
Joseph Gonzalez,False,2020-11-27 11:25:19
Jennifer Myers,True,2020-06-07 23:39:35
Rachel Ross,True,2020-12-13 08:54:24
Lauren Brown,True,2021-09-17 19:30:32
Timothy Morris,True,2021-08-03 06:22:09
Nathan Robinson,True,2021-08-18 08:54:29
William Martin,True,2021-06-30 22:43:24
Jason Velasquez,False,2020-09-06 03:53:05
Donald Smith,True,2021-02-01 11:53:43
John Baker,False,2021-11-07 12:55:50
David Lowe,False,2021-09-04 13:12:42
Jennifer Douglas,False,2020-09-23 01:05:25
Robert Pitts,True,2020-10-31 08:21:07
Richard Robbins,True,2020-11-07 05:19:47
Mitchell Mendez,False,2021-05-16 09:28:39
Xavier Lam,False,2021-10-08 01:18:00
Brendan Hamilton,True,2020-10-03 14:05:47
Laura Bridges,False,2021-07-09 22:43:59
Daniel Proctor,True,2020-09-15 11:22:54
Miss Amanda Guerrero DVM,True,2020-10-31 10:10:49
Jessica Bruce,False,2021-06-16 06:27:28
Sarah Evans,False,2021-12-09 15:16:05
Jacqueline Mitchell,True,2020-10-07 22:49:58
Sean Frazier,True,2021-11-13 13:41:25
Jessica Wiggins,False,2021-01-25 19:00:36
Brittany Scott,False,2021-03-04 13:15:29
Hunter Rodriguez,True,2021-02-13 22:54:45
Dennis Pacheco,False,2020-09-03 21:43:53
Heidi Knight,True,2021-09-26 13:27:53
Daniel Walker,False,2020-12-23 06:10:31
Rita Davis,True,2021-08-23 18:35:01
Kaitlin Woods,True,2021-04-13 10:22:18
Arthur Hernandez,False,2021-02-17 14:45:22
Emily Herrera,False,2021-11-13 12:10:05
Natasha Rodriguez,True,2021-05-19 04:42:48
Thomas Rodriguez,False,2021-02-15 20:50:50
Rebecca Ray,False,2021-05-28 06:23:41
Desiree Holland,False,2021-12-08 03:47:00
Jared Russell,True,2021-04-19 01:55:35
Kurt Fuller,True,2020-11-30 23:15:55
Jimmy Perez,True,2020-10-08 00:59:44
Alicia Williams,True,2021-04-29 19:58:06
Susan Chang,True,2021-01-26 10:06:22
Jennifer Riley,True,2020-09-13 04:12:54
Robert Meyer,False,2020-08-26 04:44:55
Danielle Smith,True,2021-08-03 08:52:08
Michael Gutierrez,True,2020-12-23 11:53:25
Austin Johnson,True,2021-02-01 02:59:51
Robert Leonard,True,2021-01-23 05:54:38
Jacob Johnson,True,2021-09-09 18:52:36
William Spencer,True,2021-10-21 11:25:50
William Vega,True,2021-01-18 07:49:41
Gabriel Andrews,False,2021-02-10 08:04:05
Deborah Dominguez,True,2021-03-26 15:46:46
Wesley Jackson,False,2020-12-02 01:14:29
Austin Ortega,False,2021-06-13 10:29:44
Jeanette Freeman,False,2021-05-04 18:02:11
Sandra Romero,False,2021-03-21 03:59:26
Karen Evans,False,2021-02-08 05:53:28
Luke Marsh,False,2021-10-02 21:46:11
Scott Smith,False,2021-03-07 15:04:49
Tara Alvarado,False,2021-11-30 00:44:14
Willie Ponce,True,2020-08-07 20:02:41
Abigail Shah,False,2020-10-25 12:45:46
Leslie Miller,False,2021-08-25 08:38:24
Elizabeth Nielsen,True,2020-07-22 15:17:51
Jessica Holland,True,2021-03-08 17:14:51
Kylie Mcbride,True,2020-07-27 05:51:02
Vincent Thompson,False,2020-07-21 11:09:33
Ronald Griffin,False,2020-12-18 14:35:04
Catherine Joseph,False,2021-10-08 00:57:10
Patricia Parker,False,2021-04-09 03:26:48
Diane Davidson,False,2021-06-28 12:21:29
Chris Johnson,False,2020-06-28 13:19:00
Gregory Wise,False,2021-09-19 05:39:06
Robert Mcclain,False,2021-12-20 10:24:26
Scott Christian,False,2021-01-29 20:59:20
Laura Mosley,True,2021-09-07 21:02:13
Stephanie Gonzalez,False,2021-02-07 08:26:48
Nicole Taylor,False,2021-08-17 17:28:51
Joshua Carlson,False,2021-08-01 20:50:51
Daisy Quinn,False,2021-07-06 17:18:34
Andrea Levy,False,2021-05-18 08:51:41
Carrie Stevenson,False,2021-10-09 03:27:54
Holly Lowe,False,2021-11-16 06:32:19
Jacqueline Mcgee,False,2021-06-08 19:14:29
Raymond Garcia,False,2021-07-23 01:49:18
Lisa Robinson,True,2021-09-19 16:01:23
Brian Rivera,False,2021-02-17 15:20:19
Candace Estes,False,2020-11-18 16:02:35
Sheri Villanueva,False,2021-12-12 15:29:37
Rhonda Velazquez,False,2020-12-27 00:17:33
Margaret Lloyd,True,2021-09-21 19:02:43
Tracey Johnson,True,2021-08-27 04:12:05
Sean Moran,False,2020-08-31 17:36:20
Robert Collier,True,2021-04-25 05:13:38
Shawn Ford,False,2021-04-09 13:55:47
Amanda Mccarthy,True,2021-11-21 09:54:41
Craig Cain,True,2020-07-16 08:30:11
William Hogan,True,2021-08-10 02:49:50
Donald Woods,True,2021-08-12 02:21:21
Yolanda Benjamin,True,2020-08-03 00:57:49
Albert Lewis,False,2021-04-19 14:44:15
Katelyn Mckinney,True,2020-09-30 14:03:14
Sean Salazar,False,2021-05-28 14:29:07
Anthony Morgan,True,2021-10-28 07:42:12
Amber Myers,True,2020-07-05 05:00:25
Stephanie Rowe,False,2020-10-03 16:55:39
Amy Gutierrez,True,2020-08-07 09:16:44
Joseph Ortiz,True,2021-11-20 12:24:43
Melinda Moreno,False,2021-05-11 19:03:20
Tiffany Nguyen,False,2021-07-12 12:44:32
Christopher Barrett,False,2021-11-24 21:46:36
Jennifer Baldwin,True,2020-10-30 13:33:06
Kathy Valdez,False,2021-06-17 03:21:32
Elizabeth Mcintyre,False,2021-09-26 22:06:41
Wanda Meyer,False,2020-10-11 16:27:40
Janet Le,True,2021-01-02 07:31:44
Tyler Johnson,False,2021-09-07 20:02:18
Matthew Schneider,True,2020-08-26 03:16:31
Juan Russell,False,2020-11-29 04:38:12
Laura Dixon,True,2021-09-13 09:34:52
Ashley Lang,True,2021-06-15 07:40:12
John Harrell,False,2020-11-08 00:34:19
Sean Greene,True,2021-03-10 11:44:32
Richard Williams,False,2021-12-09 14:03:57
Robert Juarez,False,2021-11-08 06:46:04
Shane Turner,False,2021-12-12 14:37:30
Alicia Gomez,False,2020-10-05 18:54:06
Joy Edwards,False,2020-10-28 04:25:21
Mary Erickson,True,2020-11-13 14:32:24
Crystal Williams,False,2021-04-23 17:04:19
Kaitlyn Rodriguez,False,2021-06-17 09:57:00
Taylor Chambers,True,2021-08-14 23:54:47
Michelle Brooks,True,2020-12-08 09:34:50
Jody Beasley,True,2021-04-19 10:04:09
Kelsey Kennedy,True,2020-05-08 09:18:02
David Carlson,True,2021-09-04 18:37:28
Melanie Cummings,False,2021-03-27 10:49:50
Amanda Norman,False,2021-07-17 13:43:46
Melissa Ashley,True,2021-02-10 10:19:03
Katherine Pace,False,2021-10-09 02:05:50
Lori Hall,True,2020-08-01 14:44:27
Terry Diaz,False,2021-07-11 10:03:04
James Adams,True,2020-06-26 23:18:16
Sandra Williams,True,2021-05-09 04:38:05
Julie West,True,2021-03-31 16:16:17
Benjamin Shelton,False,2021-05-16 01:44:24
Teresa Peterson,True,2021-03-20 20:57:21
Paul Robbins,False,2021-12-12 21:19:40
Lauren Johnson,False,2021-04-24 18:53:46
Leonard Stone,True,2020-07-14 12:42:13
Natasha Wells,False,2020-05-02 07:25:29
James Kelley,False,2020-07-07 08:04:57
Taylor Sloan,True,2020-08-07 00:32:19
Julia Roberts,True,2021-02-13 00:23:26
Steven Long,False,2021-07-04 03:39:34
Michael Thomas,False,2021-07-03 05:24:19
Terri Bates,True,2021-10-20 18:21:04
Cassandra Turner,True,2020-08-22 09:04:13
Jennifer Barnes,True,2020-09-13 19:54:50
Joshua Martin,True,2020-10-25 06:50:31
Marcus Austin,True,2021-12-25 01:01:31
Nicole Porter,True,2021-04-28 23:09:14
Tanya Gomez,True,2021-08-11 17:42:24
Aaron Jackson,True,2021-03-24 14:56:54
Jeffrey Henson,True,2021-03-21 08:58:12
John Lopez Jr.,True,2021-02-03 22:26:55
Morgan James,True,2021-06-18 01:29:11
Tracy Smith,True,2020-08-02 03:26:44
Daniel Harrison,True,2020-10-28 14:58:18
Jennifer James,True,2021-10-26 09:31:43
Amy Galloway,True,2021-11-19 16:38:50
Allen Webb,True,2021-03-06 15:23:21
John Horton,True,2020-07-13 13:42:01
Natalie Burns,True,2021-11-07 12:36:21
Michelle Norman,True,2020-11-01 03:21:48
Gregory Williams,False,2021-02-25 21:40:15
Crystal Weber,True,2021-11-11 14:02:40
Amy Cole,False,2020-08-04 16:51:56
Elizabeth Costa,True,2020-11-30 06:05:34
Amy Thompson,False,2021-08-22 15:58:33
Jonathan Lewis,False,2021-12-17 06:26:36
Sarah Baker,False,2020-07-17 14:51:24
Cody Rojas,True,2021-02-23 18:35:20
Michael Watson,False,2020-12-02 08:38:32
Carrie Roberson,False,2020-09-08 10:30:58
Peggy Mills,True,2021-05-24 06:16:36
Alexandra Krause,False,2021-01-01 02:38:14
Phillip Decker,True,2021-08-02 17:11:10
Karen Payne,False,2021-08-11 11:43:42
Christopher Lucas,False,2020-06-13 16:07:57
Timothy Wilson,False,2021-10-23 15:56:18
Michael Smith,True,2020-06-30 07:31:02
Scott Cobb,False,2021-05-05 02:37:57
Crystal Molina,False,2021-10-12 13:58:12
Angela Ellis,True,2021-01-06 14:40:54
Kenneth Collier,True,2020-06-28 02:12:05
Sierra King,False,2020-11-05 18:08:59
Renee Herrera,False,2021-04-26 09:46:59
Brandon Cochran,False,2021-09-15 12:15:30
Nathan Johnson,True,2021-08-04 19:06:51
Heather Alexander,True,2021-02-28 15:11:26
Larry Norris,True,2021-01-24 17:44:14
Dawn Adams,True,2020-09-02 20:56:46
Michael Murphy,True,2021-06-05 07:16:47
Lori Sanders,False,2020-07-05 23:27:37
Robert Reynolds,False,2021-03-09 16:45:14
Joseph Nash,True,2020-08-29 04:28:28
Joseph Brooks,True,2021-03-12 08:25:17
Joshua Browning,False,2021-03-07 21:45:11
Jessica Booth,False,2020-06-29 03:06:39
Cheryl Lee,True,2021-10-09 07:54:35
Peggy Holloway,False,2020-10-16 02:13:52
Gina Mckenzie MD,False,2021-01-22 02:31:10
Luis Johnson,True,2021-03-17 19:05:05
Mitchell Reynolds,True,2021-10-24 02:37:21
Ronald Hernandez,True,2021-03-09 07:40:41
Keith White,True,2021-10-19 23:01:09
Amy Burns,True,2020-09-02 22:33:16
Gabriel Burns,False,2021-09-28 23:39:04
Olivia Thomas,True,2020-06-02 11:54:49
James Rhodes,True,2020-09-05 11:19:12
Sandra Reyes,True,2020-05-07 20:02:00
Amber Jones,True,2021-11-15 05:16:06
Jennifer Brown,False,2021-06-02 08:42:39
Christopher Carr,True,2021-02-25 21:19:01
Casey Dillon,False,2021-01-20 09:42:06
Dr. Travis Morris,False,2021-06-03 02:20:24
Samantha Hall,False,2020-06-13 22:51:47
Wendy Velez,True,2021-03-08 22:36:29
Brian Jenkins,False,2020-06-17 12:21:35
Bryan Byrd,True,2021-10-05 07:53:23
Kristen Kelly,True,2020-10-20 12:20:22
Jessica Steele DVM,True,2020-06-08 11:05:38
Sharon Sparks,True,2020-12-21 09:05:56
Crystal Compton,True,2021-07-19 03:38:55
Ashley Jackson,False,2021-03-25 18:24:36
Michelle Owen,True,2020-10-09 02:56:02
Mrs. Debra Johnson,False,2021-10-06 01:59:19
William Bryan,False,2021-03-09 19:33:17
Yolanda Haynes,False,2020-07-31 15:14:10
Jesse Cortez,True,2021-09-15 02:27:44
Carolyn Ritter,False,2020-11-10 05:22:28
Caleb Nelson,True,2020-06-24 19:39:16
Dale Brown,False,2021-09-10 19:02:09
Thomas Kim,True,2021-04-27 23:43:37
Stacy Pace,True,2021-03-08 00:23:12
Kelly Mcclure,False,2020-10-16 06:59:44
Cynthia Williams,True,2021-12-28 11:25:50
Sara Schneider,False,2021-06-14 20:19:00
Reginald Taylor,False,2020-09-21 10:36:25
Kelli Chandler,True,2020-08-18 20:03:42
Richard Jones,True,2021-08-18 22:38:19
Laurie Fields,False,2021-12-30 19:48:25
Tiffany Zimmerman,False,2021-11-04 07:19:12
Anna Trujillo,False,2020-12-14 01:42:07
Jasmine Ellis DDS,False,2021-04-19 19:38:57
Kevin Jones,False,2021-09-10 15:01:15
Pamela James,True,2021-03-21 00:34:27
Mr. Jacob Jimenez,True,2021-11-29 08:01:21
Jose Walsh,False,2021-11-28 06:39:52
Ryan Wilson,False,2021-08-18 03:42:30
Derek Fry,True,2020-05-11 14:43:53
Whitney Wells,True,2020-10-29 14:16:42
Bryan Garcia,False,2021-03-19 04:48:54
Cathy Howard,False,2021-10-27 12:26:00
Margaret Baldwin,True,2021-11-21 14:31:09
Anthony Jones,True,2021-11-10 14:36:48
Sandra Bryant,True,2021-06-24 01:09:16
Karen Scott,False,2021-02-09 05:00:09
Priscilla Lawson,False,2020-07-02 14:39:28
Melissa Wolfe,False,2020-07-06 19:53:14
Jeanne Jimenez,False,2021-01-14 17:00:08
Micheal Brooks,False,2021-12-15 21:43:46
Brian Jones,False,2020-10-02 03:24:22
Dr. Randy Kirby Jr.,True,2020-05-03 15:04:11
Victor Glover,True,2021-06-22 21:38:29
Kristin Martin,False,2021-12-16 04:05:25
Teresa Daniel,True,2020-05-24 06:18:21
Anna Cook,True,2020-09-14 07:57:56
Anthony Harper,True,2021-06-18 02:15:12
Thomas Gibson,True,2021-05-10 11:00:02
Catherine Farrell,False,2020-05-07 11:28:06
Stanley Nunez,False,2020-12-17 02:58:11
Jeremy Jones,False,2021-10-29 17:30:18
Laura Rodriguez,True,2021-10-02 00:01:03
Jacqueline Burgess,False,2020-10-01 07:51:34
Cody Shaw,False,2021-02-26 12:09:52
Brian Murray Jr.,False,2021-10-10 23:05:59
James Valencia,False,2021-02-28 06:39:24
Kiara Wilson,True,2020-12-02 08:24:24
Kelly Salinas,False,2021-08-26 17:58:58
Jose Burton,False,2020-08-04 03:07:11
Ryan Acosta,True,2020-12-17 19:57:29
Maria Smith,False,2020-09-03 15:47:18
Peter Snyder,False,2021-03-29 18:23:24
Jonathan Hall,False,2020-05-16 15:44:15
Kathleen Patton,True,2021-05-18 23:00:28
Brandon Murphy,False,2021-11-29 15:32:00
Brenda Casey,True,2021-07-10 12:36:20
Mark Thompson,False,2021-08-22 14:21:40
Erica Henderson,True,2021-11-11 00:19:11
Stephen Boone,True,2020-06-28 14:31:45
Fernando Peterson,True,2020-07-06 08:24:19
Amber Cooper,False,2020-07-19 23:59:21
Thomas Nicholson,False,2020-12-27 04:40:53
Jennifer Sims,False,2020-08-08 11:53:45
Christopher Wiggins,False,2021-02-06 07:04:31
Kimberly Thompson,False,2021-06-27 07:31:48
Sean Perez,True,2021-09-18 11:44:43
Ms. Natalie Baker,True,2021-06-16 01:01:43
Pamela Coleman,True,2020-07-20 23:28:00
Matthew Doyle,False,2020-12-05 06:50:02
Ashley Skinner,True,2020-08-20 13:09:25
Julia Evans,True,2020-05-25 06:38:56
Amanda Erickson,False,2021-05-22 09:12:14
Aaron Romero,True,2020-06-15 22:55:36
Matthew Rivera,False,2020-09-29 06:39:59
Samantha Flowers,True,2021-01-03 00:36:19
Dr. Jeremiah Fuentes,True,2020-08-26 06:30:24
Chelsea Wheeler,True,2021-04-16 00:35:14
James Mcmahon,True,2021-05-19 11:59:00
Elizabeth Palmer,True,2020-11-24 01:50:01
Levi Ramirez,True,2021-06-30 13:02:53
Mark Garcia,True,2021-08-30 18:59:50
Christopher Morales,True,2021-08-21 10:25:08
Renee Francis,False,2021-10-30 06:01:29
Katelyn Prince,False,2020-05-07 03:11:51
Mark Chaney,False,2021-12-02 23:25:21
Devin Richardson,False,2021-07-14 19:41:13
Duane Barr,True,2020-08-13 18:03:03
Bradley Greene,True,2020-12-17 05:14:22
Gary Williams,False,2020-11-20 09:49:41
Brittany Lamb,True,2020-05-03 16:45:49
Mark Carpenter,False,2021-06-30 03:25:20
Amy Roberts,True,2021-02-01 11:21:06
Tammy Phillips,True,2021-10-09 22:20:13
Cindy White,True,2021-06-12 01:18:26
Tiffany Myers,False,2020-08-14 04:42:17
Susan Howell,False,2020-11-16 17:17:49
Brendan Mack,True,2020-10-21 16:36:38
John Andrews,True,2020-05-29 11:58:01
Rachel Long,False,2021-10-14 17:27:29
Susan Burns,False,2020-06-27 20:15:12
Lisa Hill,True,2021-11-05 17:19:41
Cassandra Smith,True,2020-10-06 19:39:08
Adam Vazquez,True,2020-09-16 04:32:34
Katherine Davis,False,2021-01-05 18:16:42
Lorraine Summers PhD,True,2020-11-02 21:09:23
Jocelyn Harris,False,2021-06-23 08:44:06
Mark Rivera,True,2021-03-10 10:58:31
Joseph Davis,True,2020-11-16 10:52:21
Elizabeth Bartlett,True,2020-05-14 23:58:02
Brett Brown,True,2021-02-23 11:28:49
Sheila Sherman,True,2021-11-27 08:10:52
Sandra Perez,True,2020-06-27 18:27:09
Dr. Samantha Roberts,True,2020-05-03 18:07:02
Anthony Williamson,False,2021-07-06 06:43:39
Cynthia Pruitt,True,2021-06-03 04:42:21
Theresa Doyle,True,2021-02-21 14:42:52
Kayla Sexton,True,2021-10-12 03:02:16
Larry Contreras,True,2020-06-20 07:28:44
Kyle Evans,True,2021-12-06 01:10:28
Mr. Michael Orozco,False,2020-07-29 12:57:14
Nicole Barnes,True,2020-09-18 18:27:59
Kelsey Brennan,False,2021-07-26 14:32:45
Jonathan Palmer,False,2020-04-27 07:00:32
Tammy Garcia,True,2020-06-22 21:10:00
Thomas Chen,True,2020-07-09 05:12:34
John Burns,True,2021-08-11 07:34:48
Maria Moran,True,2020-07-03 11:38:35
Gary Craig,False,2020-12-13 15:14:30
Angelica Day,False,2021-10-20 17:18:29
George Jackson DVM,True,2021-03-09 03:45:29
Dylan Lee,True,2021-08-11 12:40:01
Brian Fleming,False,2021-05-11 08:20:41
Samuel Acosta,True,2020-05-17 08:46:26
Carol Powell,True,2020-08-31 14:34:03
Ashley Carpenter,False,2021-11-09 06:26:07
Yolanda Dunlap,True,2021-03-14 18:59:25
Kaitlin Collins,True,2020-12-15 15:32:24
Hunter Duran,False,2020-06-06 18:45:48
Joseph Jimenez,False,2020-09-28 11:07:31
Dana Taylor,False,2020-10-09 01:26:13
Patty Williamson,False,2021-04-02 14:48:44
Jeremy Allen,True,2021-08-04 23:51:10
Joseph Garza,False,2021-03-02 03:13:11
Diana Beck,False,2021-10-31 23:52:18
Shawna Barton,False,2020-05-28 06:00:19
Erin Davis,False,2021-12-18 00:04:01
David Cooper,True,2020-09-08 10:25:37
Elizabeth Pierce,False,2021-11-29 18:18:26
James Stewart,False,2020-05-27 18:41:45
Mike Schwartz,False,2020-05-13 22:01:47
Ariel Esparza,True,2021-09-15 05:34:26
Daniel Pope,True,2021-06-11 07:57:28
Ashley Hill,True,2020-12-26 05:49:44
Paul Sherman,False,2020-11-14 23:18:06
Angela Henson,False,2021-01-21 05:57:20
Kristen Pugh,False,2021-09-28 04:50:13
Megan Johnson,True,2020-05-22 11:27:35
Kaitlin Wood,True,2020-08-10 04:24:29
Diana Watson,True,2020-07-14 13:14:03
Matthew Berry,True,2020-09-13 17:32:50
William Finley,False,2021-06-20 12:14:00
Laura Kline,True,2021-08-30 07:17:53
Martin Mendez,False,2021-03-17 08:14:55
Timothy James,False,2021-08-12 07:12:41
Curtis Gonzales,True,2021-05-09 15:22:57
Teresa Clark,False,2021-05-19 13:52:30
Brian Yang,True,2020-08-07 11:47:25
Stephen Schroeder,True,2020-08-16 12:09:46
Dylan Larson,True,2021-02-21 11:29:22
Victoria Yoder,False,2020-05-11 07:54:34
Amanda Moore,True,2021-09-25 04:42:37
Anna Moreno,False,2021-04-27 06:50:12
Michelle White,False,2021-09-17 20:06:53
Andrea Hicks,False,2021-10-01 11:52:48
Emily Hayes,True,2021-11-17 12:39:22
Francisco Day,False,2021-08-09 02:27:53
Mason Herrera,False,2020-09-29 19:43:00
Sarah Phillips,True,2021-04-26 16:12:25
Sean Kim,False,2020-05-07 16:48:10
Colin Miller,False,2021-12-29 10:42:10
Christopher Dixon,True,2021-01-26 14:12:24
April Fleming,True,2021-02-17 09:50:17
Lisa Alvarado,False,2021-04-04 13:29:06
Michelle Cain,True,2020-07-29 23:57:36
Leslie Stephens,True,2021-11-22 05:49:18
Erica Nichols,True,2021-07-25 06:47:48
Gary Brown,False,2020-11-02 18:36:44
Tyler Santana,True,2021-07-22 16:02:33
Cheryl Moore,False,2021-04-29 18:45:54
Joseph Pruitt,True,2021-01-31 07:22:56
Cesar Smith,False,2020-10-29 02:35:40
Tammy Johnson,False,2021-08-16 17:32:23
Susan Cohen,True,2021-08-22 04:52:05
Karen Lopez,False,2021-04-04 13:09:02
Stephanie Christensen,True,2020-12-02 21:22:28
Stephen Taylor,False,2021-04-19 09:37:23
Jason Tran,True,2021-10-08 20:35:35
Courtney Ramos,False,2021-02-13 02:37:19
Sarah Avila,False,2021-08-22 07:28:29
Amber Fitzpatrick,True,2020-10-05 02:04:51
Patrick Johnson,True,2021-08-27 18:23:47
Jennifer Bass,True,2021-10-18 06:29:20
Sara Daugherty,True,2020-06-06 00:01:17
Andrew Garrett,True,2021-03-23 23:54:30
Ryan Parker,False,2020-07-31 22:19:21
Bruce Thompson,False,2021-01-23 04:49:25
Rachel Romero,False,2020-07-01 22:20:34
Jessica Herrera,True,2021-09-13 06:39:09
Brandon Hoover,False,2021-12-26 09:21:49
Steven Rice,True,2020-06-20 09:54:42
Mitchell Hicks,True,2021-11-03 04:01:09
Tara Baker,True,2021-01-27 06:29:03
Gregory Cameron,False,2021-08-16 21:16:47
Patrick Joseph,False,2021-10-02 08:46:06
Krista Hall,False,2021-12-08 14:46:03
Crystal Torres,True,2020-06-04 05:06:07
Adam Taylor,True,2021-03-07 09:23:54
Dawn Cantrell,False,2021-09-14 17:30:09
Christine Mcmillan,True,2021-05-30 17:01:36
Briana Johnson,False,2020-05-08 08:48:22
Timothy Mcdonald,True,2021-02-12 11:54:51
Leslie Rodriguez,False,2021-09-01 15:04:24
Brian Key,True,2020-06-14 07:16:03
Katrina Moreno,True,2020-07-27 07:41:28
Ryan Leon,False,2021-07-09 11:11:07
Jason Griffith,False,2021-08-03 10:28:36
David Mejia,True,2021-09-28 18:25:20
Jonathan Smith,False,2020-10-23 21:22:02
David Hodges,False,2021-04-21 15:53:46
Brenda Mercer,True,2020-07-04 09:22:31
Amanda Meadows,True,2021-08-30 11:53:38
Ricardo Rodriguez,True,2020-06-17 03:09:23
Kristy Ramirez,True,2021-05-16 17:13:50
Jason Brock,False,2021-10-12 17:11:35
Reginald Aguirre,False,2020-05-01 02:49:42
Michael Watkins,True,2021-12-03 07:23:13
Nathan Mcdonald,False,2020-11-08 11:10:22
Joseph Hunt,False,2021-02-08 07:30:26
David Ramirez V,True,2021-08-01 02:28:24
Brittney Flores,True,2021-01-16 09:32:07
Mr. Alan Vasquez MD,False,2021-08-17 00:51:08
Maria Ramsey,True,2021-06-23 17:32:55
Erin Mitchell,False,2020-07-25 13:01:31
Robert Richardson,True,2020-06-05 08:40:58
Rachel Maxwell,True,2021-11-27 12:49:35
Crystal Rowe,False,2021-11-02 14:00:51
Tina Rosario,False,2021-11-14 23:50:54
Laura Walls,False,2021-08-11 16:03:11
Jerry Byrd,True,2020-09-26 10:19:15
Justin Hebert,True,2020-10-07 18:54:28
Victoria Vargas,False,2020-04-25 16:01:32
Frederick Lewis,True,2020-06-26 20:19:50
Colin Mcneil,False,2021-11-26 05:16:13
Debra Rogers,True,2021-08-26 21:40:01
David Young,True,2020-06-06 13:56:17
Russell Charles,True,2021-08-20 22:47:05
Ashley Watson PhD,False,2021-07-11 08:01:55
Christopher Collins,False,2020-08-03 03:52:26
Alexandra Hughes,False,2021-08-20 22:23:58
Jennifer Young,True,2021-05-01 00:49:07
Melissa Hansen,True,2020-08-14 15:19:18
Roberto Morrison,False,2020-04-27 13:53:48
Susan Ellis,False,2020-07-01 21:47:59
Margaret Andrews,True,2021-04-24 04:27:33
Rodney Munoz,False,2021-06-15 03:54:18
Thomas Herman,False,2021-12-10 11:56:05
James Diaz,False,2021-05-07 15:18:21
Richard May,False,2020-11-27 08:19:37
Charles Conrad,True,2021-08-28 01:35:52
Sara Walton,False,2021-09-25 13:35:21
Christina Torres,True,2021-06-09 07:01:53
David Garcia,False,2021-10-04 09:58:08
Catherine Powers,True,2021-06-26 20:47:43
Victoria Cooper,True,2021-11-20 02:38:47
Jacob Beck,True,2020-10-05 06:50:05
Jesse Freeman,True,2020-05-15 17:13:43
Brittney Hall,False,2020-06-23 05:26:51
Paul Peters,True,2020-06-25 08:14:13
Matthew Davidson,False,2020-06-03 00:43:13
Shelby Adams,True,2020-10-27 17:17:04
Linda Andrade,True,2021-10-24 17:54:25
Alexis Richard,False,2021-08-16 15:46:12
William Gray,False,2020-09-20 00:12:11
Shelby Moss,True,2020-05-23 09:44:33
Samantha Ritter,False,2020-08-06 13:59:43
Christy Harmon,True,2020-11-02 04:46:00
Melissa Lewis,True,2020-08-13 16:46:46
Andrew Ruiz,True,2021-05-08 05:36:43
Jill Rivas,False,2020-06-11 15:00:51
Peter Everett,False,2020-12-23 00:06:33
Mario Thompson,False,2020-06-20 16:50:39
Caitlin Ward,True,2021-05-29 03:55:38
Alexis Murray,True,2020-06-09 18:54:50
David Lin,True,2021-01-07 15:22:01
Alyssa Walsh,True,2021-11-03 13:33:52
Toni Thomas,True,2020-06-08 09:33:16
Julie Burton,False,2021-09-06 14:36:27
Kimberly Campbell,True,2020-08-20 09:52:49
Matthew Davis,False,2021-08-23 12:23:16
Melvin Chan,False,2021-11-13 12:02:20
Roberto Brown,True,2020-11-04 00:18:03
Jacob Thompson,False,2021-10-13 13:01:31
David Wilson,True,2021-03-08 00:17:55
Nancy Weiss,False,2020-10-21 16:28:43
James Adams,False,2020-07-13 06:24:34
Stephen Hernandez,False,2020-08-04 13:30:39
Pamela Horn,False,2021-11-29 00:25:51
Steven Smith,False,2021-04-11 02:27:30
Jason Phillips,False,2021-03-25 19:55:41
Erica Cox,False,2020-10-22 10:43:11
Kenneth Cannon,True,2020-10-17 21:52:42
Jay Sexton,False,2020-07-17 16:48:51
Donna Wagner,False,2020-08-29 00:47:52
Ronald Hanson,False,2021-08-08 14:05:50
Erin Mayo,False,2021-02-22 07:33:01
Leslie Johnson,True,2021-02-25 21:51:22
Melissa Singleton,True,2020-06-14 05:38:12
David Byrd,False,2021-10-05 02:58:41
Randall Jones,True,2020-11-24 06:40:10
Jessica Moore,True,2020-09-24 12:20:21
Sylvia Chambers,True,2021-01-31 01:40:12
Lisa Rice,False,2021-06-09 06:08:14
Hunter Gregory,False,2021-09-24 20:17:04
Samuel Casey,False,2020-08-04 07:13:32
Jordan Snow,True,2020-12-18 12:42:43
Jessica Collins,True,2020-05-04 16:25:55
Douglas Lee,False,2021-04-17 05:53:09
Sean Williams,True,2021-09-11 08:31:58
Anthony Hernandez,True,2020-05-06 19:52:32
Jasmine Foster,True,2020-05-29 21:51:14
William Norris,True,2020-05-26 19:40:06
Sean Perry,False,2021-12-20 05:17:35
Jessica Baldwin,True,2021-10-27 22:13:52
Kimberly Miller,False,2021-05-11 14:47:35
Dr. Michael Parrish,False,2021-10-16 19:51:15
Julian Collins,True,2020-06-05 00:03:12
Michael Harris,False,2020-07-25 06:39:55
Carlos Quinn,False,2021-02-27 13:04:55
Albert Avery,True,2021-01-22 09:19:52
William Hardy,True,2020-09-12 10:51:21
James Wilcox,False,2021-08-08 20:42:40
Michael Wade,True,2021-02-07 12:06:36
Eric Williams,False,2021-11-21 10:48:48
Mrs. Julie Smith,False,2021-07-28 00:32:58
Madison Potter,False,2020-09-25 08:31:47
Alexander Munoz,True,2021-10-20 08:49:42
Xavier West,False,2020-11-06 10:52:52
Jillian Walters,False,2020-08-22 14:02:33
Jared Franklin,True,2021-02-06 11:54:31
Robert Cobb,False,2020-12-12 15:40:43
Frank Gonzalez MD,True,2020-05-13 02:34:37
James Thomas,True,2020-12-10 02:08:03
Lisa Fox,True,2021-05-23 08:56:58
Matthew Parker,False,2020-12-22 02:52:36
Joshua Walker,True,2021-10-15 11:16:49
Laura Brown,False,2021-06-02 18:16:46
Tammy Christian,False,2021-03-21 04:36:09
Michael Smith,True,2021-10-01 19:32:41
Sara Spears,True,2021-09-03 09:24:43
Makayla Porter,False,2020-12-25 10:49:11
Regina Williams,False,2020-09-27 20:20:50
Albert Owens,True,2020-11-20 19:53:31
Joe Nelson,False,2021-11-18 13:48:15
George Hoffman,True,2021-01-23 02:46:08
Dylan Castaneda,True,2021-05-06 11:29:47
Jasmine Young,True,2021-12-25 21:07:46
Amber Frazier,True,2021-08-24 20:03:32
Gary Velasquez,True,2020-08-13 02:26:23
Walter Vazquez,True,2020-10-01 05:50:16
Kayla Brooks,True,2021-02-06 14:25:03
Megan Wilkerson,True,2021-02-03 19:41:55
Morgan Jacobs,True,2021-12-22 09:50:37
Mark Hall,True,2021-01-20 09:54:01
Jordan Flores,True,2020-10-29 00:47:29
Jose Welch,True,2021-08-12 06:44:00
Kristen Cruz,True,2021-07-22 22:17:24
John Williams,False,2021-01-07 04:43:38
Jason Ferrell,True,2020-04-27 16:17:21
Christine Davis,False,2020-12-24 12:06:00
Alexandria Curtis,False,2020-11-22 23:02:06
Kristy Hill,False,2021-10-05 19:13:51
Loretta Wise MD,False,2020-07-19 10:16:31
Lauren Robinson,False,2020-06-23 21:06:57
Sheila Brewer,False,2021-03-07 19:04:37
Mr. Wayne Pacheco,True,2020-10-07 07:10:13
Jason Gallagher,True,2021-08-23 22:25:07
Brent Monroe DDS,False,2020-08-02 20:29:16
Scott Ryan,True,2021-01-18 00:42:21
Timothy Munoz,True,2021-01-28 11:46:35
Craig Snyder,True,2021-03-02 06:14:59
Christopher Long,False,2020-11-17 20:11:40
Shannon Miller,True,2020-11-15 07:10:27
Tina Hanna,True,2020-12-29 12:17:27
Jennifer Jones,True,2021-08-19 13:36:42
Steven Rice,True,2020-11-01 21:30:32
Robert Stephens,False,2020-07-16 03:43:38
Yolanda Palmer DDS,True,2021-08-18 20:21:41
Mark Sloan MD,False,2020-06-09 08:38:44
Gary Sawyer,True,2020-12-07 04:46:37
Anthony Castillo,True,2021-06-02 18:16:08
Lindsey Graham,False,2021-08-03 15:03:29
Chad Logan,True,2021-07-13 09:52:45
Kelsey Nguyen,False,2020-07-12 14:22:56
Brian Bryant,True,2020-09-27 04:18:50
Paul Patrick,False,2021-09-05 12:32:04
Ricardo Flores,True,2020-10-03 15:52:46
Gabriel Foster,True,2020-07-02 19:43:46
Kevin Brown,False,2021-01-18 15:56:35
Eugene Turner,True,2021-10-26 18:22:52
Faith Warren,False,2021-11-29 04:28:30
Patricia Rowe,False,2020-06-30 16:00:09
Dale Charles,True,2021-03-05 05:47:08
Alexis Yu,False,2021-07-29 05:30:20
Taylor Larson,True,2020-12-02 21:24:23
Robert Chandler,True,2021-04-05 20:36:19
Cynthia Aguilar,False,2021-06-15 06:16:15
John Stewart,True,2020-07-14 07:03:19
Tina Reed,True,2021-08-01 01:21:40
Lauren Wade,False,2021-05-28 20:49:55
Joseph Lee,True,2021-05-11 02:48:27
Gary Townsend,False,2020-08-16 12:56:17
Catherine Hood,False,2021-07-20 10:57:45
Cory Hobbs,True,2021-01-27 20:24:48
Kenneth Martinez,False,2021-02-14 07:51:57
Anna Taylor,False,2020-05-08 07:31:23
Sarah Garcia,True,2020-07-06 19:17:24
Denise Williams,False,2020-11-29 05:59:08
Dr. Pamela Williams,False,2021-04-04 03:09:11
Megan Jordan,True,2020-09-18 14:45:38
James Rosario,False,2021-02-27 23:17:00
Kevin Martin,False,2020-10-04 19:10:37
Debra Alvarez,True,2020-07-29 12:29:06
Rachel Aguilar,True,2021-02-28 02:20:11
Rachel Skinner,True,2021-03-08 15:26:06
Erica Johnson,True,2021-08-11 05:26:06
Jessica Johnston,False,2021-02-14 00:11:38
Michael Williams,False,2021-09-03 16:18:44
Susan Jimenez,True,2021-08-23 20:55:55
Christine Huang,True,2021-11-08 00:15:50
Joseph Elliott,False,2020-11-29 01:20:57
Mark Mann,True,2021-01-07 09:41:52
Amy Clark,False,2021-01-23 03:56:21
Allison Black,True,2020-07-25 12:08:44
Christopher Thomas,False,2021-02-10 11:19:47
Scott Moore,True,2021-04-19 03:59:54
Christy Lewis,False,2021-09-18 12:31:00
Kyle Hernandez,True,2021-06-14 10:41:42
Amanda Smith,True,2020-08-07 21:58:05
Mary Young,False,2020-07-20 01:30:50
Christopher Murillo,True,2021-06-07 00:04:32
Lindsey Paul,False,2021-05-13 02:48:30
Jordan Miller,True,2021-04-09 08:14:59
Kathy Carter,True,2020-07-28 10:26:29
Victor Mcdonald,True,2020-11-22 11:56:29
William Davis,True,2020-10-21 12:43:48
Joseph Long,False,2021-09-07 00:47:35
Theresa Rodriguez,True,2021-12-18 18:06:19
Caitlin Nichols,True,2020-07-25 21:52:05
Cheyenne Thomas,True,2021-02-18 18:53:19
Scott Ferguson,True,2021-03-03 03:27:54
Steve Roach,False,2021-12-11 13:00:59
Ronald Dawson,True,2021-08-12 11:58:45
John Mcdonald,False,2020-06-05 08:07:44
Kathryn Reed,True,2020-06-22 03:41:42
Diane Cannon,False,2020-09-12 19:21:15
Brian Rogers,True,2020-09-28 22:01:48
Brent Mckenzie,False,2021-12-27 02:51:23
Richard Trevino,False,2020-10-07 13:36:14
Edward Carson,True,2021-12-27 15:43:51
Michelle Gardner,True,2020-08-27 21:15:29
Michael Shepherd,True,2021-08-07 12:08:15
Evan Warren,True,2021-07-31 17:54:56
Matthew Hernandez,False,2021-12-28 03:32:18
Mr. Timothy Soto,True,2021-10-20 18:36:28
Kenneth Hancock,False,2020-09-24 09:20:30
Andrew Rowland,True,2021-12-07 23:43:53
Jennifer Bell,False,2021-04-11 20:10:45
Amy Smith,True,2020-07-08 08:05:21
Jose Johnson,False,2020-11-05 14:42:09
Joseph Rogers,True,2021-04-19 10:25:29
Clifford Johnson,False,2020-05-21 20:07:18
James Nelson,True,2021-09-18 20:58:54
Janet Miller,False,2020-08-26 19:42:10
Kevin Chavez,False,2020-06-21 06:44:44
Danielle Williams,False,2020-05-22 04:48:42
Kathleen Boyle,True,2021-10-21 22:45:51
Heather Berry,True,2020-05-09 00:58:50
Carlos Campbell,True,2020-12-07 17:14:36
Ryan Francis,False,2020-08-04 23:17:06
Ronald Ramirez,True,2021-08-28 15:53:20
Timothy Peters,True,2021-08-23 11:10:55
Gregory Evans,True,2020-10-01 12:25:59
Christine Martin,False,2021-10-19 21:40:53
Todd Graham,True,2020-08-22 08:29:31
Kelly Montoya DDS,False,2021-08-06 17:41:52
Susan Young,True,2021-10-26 01:10:57
Vanessa Griffin,False,2020-10-30 15:43:03
Jeffrey Adams,True,2021-04-21 22:53:34
Tara Harrison,True,2020-04-26 21:24:20
David Tanner,True,2020-07-29 00:34:03
Timothy Owens,True,2020-08-23 18:56:56
Robert Reynolds,False,2021-02-09 15:47:56
Annette Ramirez,False,2021-06-17 09:08:11
Abigail Pitts,False,2021-08-30 06:23:04
Michael Nichols,False,2020-12-11 05:16:26
Margaret Alvarez,False,2021-12-07 18:53:40
Brenda Gilmore,True,2021-01-30 07:04:49
Amanda Lindsey,False,2021-03-12 00:29:19
Jessica Wiggins,False,2021-02-01 18:53:00
Valerie Wilson,False,2021-09-24 14:56:16
Frank Thompson,False,2021-01-24 18:36:09
Danny Goodman,True,2020-12-20 16:36:01
Cheryl Jensen,True,2020-11-10 14:25:12
Roy Armstrong,False,2021-04-24 09:53:27
Brian Flowers,True,2021-04-27 13:40:30
James Austin,False,2021-01-06 20:39:33
Shelby Aguilar,True,2021-09-10 06:11:38
Cynthia Potts,False,2020-11-26 17:09:10
Tiffany Martin DDS,True,2021-09-04 05:59:58
Stacey Espinoza,True,2020-09-30 12:51:37
Diana Shelton,True,2021-10-02 02:57:06
Tiffany Jimenez PhD,False,2020-11-03 19:39:31
Juan Schneider,True,2020-11-09 04:29:47
Latasha Johnson,False,2021-07-02 04:53:31
Rebecca Williams,False,2020-07-26 10:24:17
Daniel Nguyen,True,2021-03-19 17:21:45
Kyle Smith,True,2021-12-17 17:39:21
Evelyn Hebert,False,2020-09-02 15:06:25
David Kennedy,True,2021-10-30 08:11:01
Philip Hurst,False,2021-05-09 15:12:29
Tammy Brandt,True,2021-11-13 04:16:31
Michael Conway,False,2021-05-05 00:08:44
Elizabeth Castro,True,2021-09-22 13:10:50
Laura Hayes,True,2020-11-05 22:40:08
Steven Neal,True,2020-07-06 20:55:38
Kristen Sanford,True,2021-04-03 14:51:39
Henry Beltran,False,2020-08-10 14:46:25
Nicole Pratt,True,2021-11-16 13:03:00
Stacey Frank,False,2020-07-13 16:24:22
Kenneth Lee,True,2021-01-28 12:35:30
Jason Smith,False,2020-12-30 05:03:52
Stephanie Weber,False,2021-08-16 12:33:47
Alexandra Pham,True,2021-12-15 16:03:06
Andrea Johnson,False,2021-09-03 15:16:31
Maria Nguyen,False,2021-12-18 09:24:35
Sharon Rogers,True,2020-11-20 01:41:44
Trevor Hughes,True,2021-10-01 07:47:22
John Lee,False,2020-07-07 07:44:45
Brian Mathews,True,2020-12-08 02:47:11
Ashley Cuevas,True,2021-04-30 09:03:17
Richard Jones,False,2020-06-04 02:39:48
Anthony Boyle,True,2021-08-31 20:52:12
Jennifer Caldwell,True,2020-09-14 17:20:19
Rebecca Calderon,True,2021-05-09 02:28:19
Joseph Espinoza,True,2021-04-12 07:41:08
Julie Brown,False,2020-12-07 23:37:12
Ryan Armstrong,False,2020-08-24 02:11:24
Rose Murray,False,2020-09-17 05:09:50
Angel Miller,True,2020-11-19 10:53:02
Mark Davis,False,2021-03-30 05:02:44
Terri Pierce,True,2020-07-30 08:10:44
Gloria Smith,False,2020-08-05 15:09:45
Debbie Walsh,True,2021-11-12 01:34:37
Elizabeth Hill,True,2021-05-13 09:27:07
Colleen Crawford,False,2021-05-30 06:34:03
Richard Rivera,True,2021-12-16 20:25:05
Matthew Kennedy,False,2021-01-24 18:19:30
Thomas Smith,False,2020-06-04 20:22:04
Eric Green,True,2020-06-19 03:09:38
Jeffrey Romero,True,2020-07-23 03:09:57
Tina Smith,True,2020-06-23 01:39:37
Juan Fleming,False,2021-06-27 23:08:55
Eric Gordon,True,2020-07-13 12:45:16
Steven Lester,False,2021-01-24 19:39:20
Jose Johnson,False,2020-06-07 12:33:38
Michael Wise,True,2020-05-12 23:05:12
Michael Lang,True,2020-05-01 16:50:56
Ebony Arnold,True,2020-09-29 15:50:04
David Martinez,True,2021-01-29 21:56:16
Heather Alexander,True,2021-12-10 16:33:57
William Yang,False,2020-06-10 07:13:05
Beverly Marsh,False,2020-10-12 01:06:31
Jean Gibson,False,2021-03-16 07:23:11
Joshua Salas,False,2021-05-20 10:40:15
Michael Davis,True,2021-04-10 10:52:28
Cory Sullivan,True,2021-02-20 08:46:56
Wesley Simpson,False,2020-09-23 00:05:14
William Miller,False,2020-05-25 17:01:57
Justin Mitchell,True,2020-12-03 14:04:14
William Wall,True,2020-08-16 16:08:45
Susan Sharp,False,2021-08-07 18:39:44
Carla Brown,False,2021-09-14 12:15:38
Samantha Ramos,True,2021-05-13 04:38:06
Erin Banks,False,2021-08-31 10:25:25
Duane Pitts,False,2020-06-12 04:37:27
Cody Atkins,False,2021-01-22 11:19:22
Shawn Clark,False,2021-12-08 01:58:19
Melinda Sharp,False,2020-08-02 09:40:25
Logan Smith,True,2020-08-20 21:35:46
Matthew Brooks,False,2021-11-17 08:53:04
