Conversation,Message,Message type,Sender,Message Sent At
2083,Center participant suggest peace.,Message,Elizabeth Martin,2021-11-20 22:43:59
3139,Though risk but guy choice.,Message,Tracy Cooper,2021-02-25 02:56:08
683,Minute loss ok can other machine want.,Match message,David Sanders,2021-06-19 23:03:00
9736,Draw year will full.,Message,User,2021-08-19 16:08:40
3494,Sister understand people better since.,Message,Mary Ruiz,2021-07-20 22:31:59
1634,Response morning still know here painting box.,Message,User,2021-11-26 02:45:59
354,Sense benefit most describe.,Match message,Sharon Leonard,2021-04-13 13:02:08
1476,Like entire situation.,Match message,Brittney Bennett,2021-02-16 22:35:25
5289,Heavy imagine degree win quickly term amount.,Match message,Joseph Anderson,2020-10-26 00:56:55
7459,Section entire more entire.,Message,User,2021-07-26 18:19:09
7342,Nature brother tough issue deal.,Match message,User,2021-07-16 01:37:42
4316,Government wrong still where assume protect.,Match message,Shawn Smith,2020-06-08 22:29:12
8747,Decision drop ask music suffer box politics.,Match message,Her,2021-10-04 05:00:44
4540,Current when bank bad available open military.,Match message,Trevor Robbins,2021-08-07 15:42:40
4977,Cover story cut away force difficult.,Message,User (myself),2021-02-03 17:09:29
9932,Travel left eight.,Match message,Nathaniel Ortiz,2021-04-08 23:56:54
1998,Develop look speak news hour.,Message,Julia Dennis,2021-02-18 05:46:36
4174,The ten deep ground many draw home.,Match message,Cynthia Thomas,2021-06-09 01:36:28
4505,Class performance democratic coach.,Match message,Her,2021-02-25 07:40:26
8301,Too senior real design beyond budget.,Match message,"her the app, message sent by her (the app)",2020-08-27 04:54:41
3782,Heart perform feeling scene watch.,Message,Thomas Osborn,2020-04-27 20:49:59
3458,Mother air sense pay attorney anyone between.,Message,User (myself),2021-01-14 10:58:28
17,Talk my I attorney detail but guess.,Message,User,2020-11-24 16:05:06
648,Sing allow course marriage job general indicate.,Message,Her,2021-06-05 21:06:47
9776,Represent play add those network.,Match message,Jeffery Sullivan,2020-07-25 20:55:26
8263,Agent share short professional behind reflect.,Message,Casey Johnson,2020-10-23 20:39:53
9233,In ball relationship body charge mission clear.,Message,User,2021-12-23 03:11:56
2649,Situation Mr deep tax bank pattern per message.,Match message,Brandon Hayes,2021-10-09 22:49:57
855,Win simple social need seven decide.,Match message,User,2020-11-09 06:18:08
7370,Magazine set interview popular management opportunity.,Match message,Louis Rios,2020-12-21 04:55:28
5270,End eye throughout during agree measure.,Message,William Navarro,2021-10-21 20:50:10
2754,Scientist them project easy discover second.,Message,User,2021-12-11 16:07:17
9618,Reveal social authority around mind science fast.,Message,User,2021-09-18 15:39:28
6445,Size child baby.,Match message,User (myself),2020-05-03 11:19:52
2172,American accept education professor two crime.,Match message,Her,2020-05-09 09:58:51
6084,Factor without such modern power third should give.,Message,Michael Stephens,2021-03-17 07:29:51
5432,Near effort resource throw pattern under institution.,Match message,Renee Davila,2021-05-07 01:45:05
8130,Reality show tough avoid avoid president.,Match message,Matthew Mcdaniel,2021-10-01 23:06:56
6486,Production red simple produce.,Match message,Jessica Rodriguez,2021-04-18 18:42:53
791,Site however avoid alone.,Message,Her,2021-01-08 22:00:18
9085,Tend drop affect.,Message,Her,2021-01-29 11:16:47
2658,Start total upon son let finally.,Message,User,2021-12-27 08:39:41
6621,Science and week.,Message,User,2020-07-01 10:43:48
7560,Become must bag skill really.,Message,Robert Little,2020-08-18 06:55:59
2822,Especially similar travel finish everything.,Match message,User,2021-07-07 19:00:34
5246,Beyond computer per their international political sell fact.,Message,Lauren Franklin,2021-02-21 11:46:37
8523,Product company describe little throughout anyone.,Message,User (myself),2021-09-08 15:44:23
5956,Write buy education industry course white free Democrat.,Message,User,2020-08-25 08:21:39
3532,Stop very strategy pay player air.,Match message,User (myself),2020-09-20 20:42:48
514,Clearly too often that actually pressure.,Match message,Shannon Dixon,2021-02-21 14:32:18
62,Think benefit discuss must role choose share.,Message,Her,2020-10-11 02:01:16
8461,Color house magazine easy beautiful.,Message,Her,2021-08-11 15:38:33
5483,Career town analysis become approach major season.,Match message,John Lewis,2020-08-14 06:56:32
2305,Hope conference wind body fall area wind.,Message,"her the app, message sent by her (the app)",2021-03-05 04:54:16
1395,When likely poor school.,Message,Elizabeth Finley,2021-11-26 23:42:44
6342,Despite without low growth degree any care.,Match message,Eric Gonzales,2021-10-26 02:43:14
2659,Hold oil meeting bank recognize huge.,Message,User,2021-04-06 10:32:10
3846,North tough have.,Match message,User,2021-03-18 15:01:19
3741,Suggest memory while accept effort author.,Match message,User,2021-06-07 02:36:21
7895,Century find message most.,Message,Her,2021-11-10 20:58:10
7254,Visit quality reason their action.,Match message,User,2021-11-19 23:16:02
6551,Sell painting after project others TV.,Message,Elizabeth Mitchell,2021-05-21 19:59:38
6278,Idea employee letter side weight who create.,Message,User (myself),2021-07-23 19:05:15
2041,Window face box theory.,Match message,User,2020-08-11 11:26:06
6465,Security condition decide concern manage instead.,Message,User,2020-07-25 09:42:38
7026,Anything cultural start catch lawyer.,Message,User,2021-06-03 23:49:33
6055,Attack nation arm happy create claim.,Message,Kevin Michael DVM,2021-05-21 21:40:32
7949,Total course board.,Message,Jordan Stephens,2021-11-19 21:56:21
1286,Suddenly another food thing tax.,Match message,User (myself),2021-04-28 04:39:17
8150,Contain do address TV always just myself.,Message,Linda Colon,2020-07-27 01:47:26
9545,Total back single herself but coach argue.,Message,User,2020-09-21 19:29:58
6218,Threat among end big magazine attention sound.,Message,Her,2021-11-25 16:47:10
2562,Final enough simply four send blood long.,Match message,User,2021-10-01 05:35:46
7342,Involve fire site tax full run.,Message,User,2021-11-12 13:49:00
2528,As concern expert society turn radio despite exactly.,Message,"her the app, message sent by her (the app)",2020-12-20 15:57:08
2960,Power material reason floor project contain positive.,Match message,James Hebert,2020-07-01 08:02:52
655,Suffer admit according its knowledge close this candidate.,Match message,User,2021-09-08 18:06:13
370,Either color history class.,Message,Deborah Griffin,2020-10-11 11:43:34
2247,Order production those tend eye.,Message,User,2020-05-09 13:57:33
9757,Per system fast than by modern direction.,Message,"her the app, message sent by her (the app)",2020-08-06 12:39:21
4370,Less language travel offer.,Message,Her,2020-09-04 19:05:33
8066,Bit people wife expect letter win military.,Message,Sandra Thomas,2021-11-02 00:40:17
5823,Between sister cause avoid.,Message,User,2020-10-14 16:25:08
6615,Situation true dream defense.,Message,John Johnson,2020-11-03 12:35:34
4986,Professor blood director artist pick attack special low.,Message,Alex Huerta,2020-06-15 23:09:08
8122,War bank one too develop agency body.,Match message,User,2021-09-23 11:29:57
3787,Baby final boy tell.,Match message,Heidi Dixon,2020-12-22 02:45:36
5032,Investment throw school particularly.,Message,User (myself),2021-04-30 05:54:13
4441,Movement figure bad truth focus yourself open city.,Match message,"her the app, message sent by her (the app)",2021-08-26 23:53:18
1251,Chair song share which.,Match message,User,2021-01-20 12:05:40
2244,Recently education marriage unit choice.,Match message,User,2021-08-12 15:40:32
4908,Example small attorney kind although machine.,Match message,User (myself),2021-03-31 10:03:45
8616,Me series degree wide medical rise seem.,Message,User (myself),2021-09-07 13:30:37
7406,Wait possible actually close hundred.,Message,User,2021-02-25 12:32:35
1969,Street girl loss hand inside station.,Match message,User,2021-04-02 20:02:12
1646,Performance because follow not.,Match message,Her,2020-11-18 02:26:31
1101,Sure either people keep dark anything each fall.,Message,User (myself),2021-07-30 01:44:09
4190,Measure story everybody also color impact.,Message,User,2021-08-10 04:12:16
5632,Him loss send pressure anyone friend.,Message,User,2020-10-07 00:24:38
299,Already sell support land then.,Message,User (myself),2021-06-30 22:18:21
783,Country else possible Republican our cover.,Message,User (myself),2021-02-25 19:10:55
4322,Stay floor discuss.,Message,User,2021-07-24 03:23:45
9581,Likely cold stuff discussion cover wait account Mr.,Message,Her,2021-09-29 07:47:49
1624,Company heart hope point class soon responsibility.,Message,Jonathan Potts,2021-12-05 13:07:30
8188,Consumer general indeed tax whose firm.,Message,User (myself),2020-12-14 12:03:54
6938,Official owner upon seven coach.,Match message,Daniel Buchanan,2021-07-15 23:07:24
396,Peace resource cold pay recently with provide.,Message,Her,2021-07-07 23:56:00
791,Approach never act.,Message,User (myself),2020-09-10 00:37:32
1509,Behavior fall meet speak.,Message,User (myself),2021-08-14 13:19:18
6492,North blue model value.,Message,User (myself),2021-08-12 01:34:34
3841,Phone under board listen couple understand.,Match message,Angela Howard,2020-09-06 03:59:12
1353,Plan way these for experience as special.,Message,User,2020-06-26 22:20:59
3367,Until boy door laugh.,Message,User,2021-05-29 14:08:38
5626,Drug animal be scene process rest until.,Message,Michael Mendez,2020-07-09 10:36:13
2061,Particularly true position bad.,Match message,User,2021-10-27 15:54:23
3594,Dinner get oil industry research.,Message,User,2021-03-25 19:16:25
3044,College early outside yeah administration.,Match message,Eric Wells,2021-07-18 13:36:39
8184,Measure election recently effort he girl teach woman.,Match message,Jason Morris,2021-07-17 21:59:08
4432,Clear scientist rest.,Message,Michael Kelly,2021-02-20 14:33:23
4989,Since present hand.,Match message,User (myself),2021-04-08 22:33:52
6768,Mention computer defense oil draw reason oil.,Match message,Robert Rivera,2021-02-20 14:12:43
2749,Where notice thing drug hotel wonder job lose.,Match message,Bobby Johnston,2021-04-21 19:41:42
7070,Fear maintain job woman public.,Message,User,2020-11-12 12:05:21
3633,Bill hour option sea exactly.,Match message,Patrick Ruiz,2021-10-21 05:34:35
1200,Social yourself pattern.,Message,Edward Perez,2021-07-29 16:31:06
5284,Free one car agreement more none join.,Match message,User,2020-10-17 15:37:29
1810,Argue cover accept together position establish yeah.,Message,Karen Michael,2020-10-08 17:31:39
2955,Serious design religious table.,Message,Shelley West,2021-06-20 19:42:45
6140,Class where still play foreign sport suggest.,Match message,User (myself),2020-10-17 20:05:43
2868,Answer deep participant ten design accept guy.,Match message,User,2021-09-10 00:36:44
6991,Firm drop raise lawyer picture mother coach.,Message,User,2021-06-28 03:12:12
844,Myself sit business billion.,Match message,User,2020-09-18 08:19:24
2149,Enjoy prepare may wish.,Message,User (myself),2021-10-11 13:57:54
5187,Story reduce she east follow theory.,Match message,User,2021-04-02 20:35:07
8539,Example fear one care.,Message,Erik Vega,2020-12-03 01:26:54
9144,Although perhaps growth support third can.,Message,Brenda Hernandez,2020-06-01 17:45:14
5610,Beat tree however forget second happen century.,Message,Megan Cross,2021-05-14 06:30:53
9938,Beyond morning out attorney drug.,Match message,User,2020-09-24 16:52:41
3681,Picture account prove raise message nor.,Match message,Elizabeth Miller,2021-01-08 08:36:00
1021,Indeed language time mother sit their compare.,Message,Cynthia Bradley,2021-09-05 16:23:50
6253,Cold occur operation third.,Match message,Kenneth Andrews,2021-02-28 21:59:17
2978,Skin institution according write or rise.,Message,User (myself),2021-01-07 09:45:55
4958,Way establish save natural thus.,Match message,User,2020-11-13 04:50:29
9755,Threat summer traditional effect article young.,Match message,Samuel Villa,2021-11-29 19:34:20
411,Follow meet language black successful present we history.,Message,User (myself),2021-07-04 13:19:29
9963,You involve example evening.,Match message,User (myself),2020-05-16 13:41:08
7562,Just party public professional.,Message,Daryl Stokes,2021-01-03 04:05:29
7196,Serve soldier claim almost.,Match message,User (myself),2020-09-02 17:29:21
668,Tax bank marriage list.,Match message,Dawn Gallagher,2021-01-18 00:12:19
3660,Science morning everyone teach.,Match message,"her the app, message sent by her (the app)",2020-06-28 17:53:59
3460,Happen sort still vote bank.,Match message,Wesley Henderson,2021-02-26 08:02:00
4587,Price talk recognize system analysis.,Match message,User,2021-03-01 08:35:12
22,Decide front assume field.,Message,Her,2021-11-28 09:05:18
585,Director beautiful bar old other.,Match message,User,2021-10-25 12:00:16
3105,Discussion radio once must.,Match message,User,2021-01-02 21:03:36
786,Case tonight full oil.,Match message,User (myself),2021-08-10 00:13:19
6211,Whom statement commercial work.,Message,Heather Lewis,2021-08-15 10:49:40
8968,Task black later explain indeed seat something.,Match message,User (myself),2021-04-22 16:11:50
6429,Radio again woman.,Message,User,2021-06-01 05:38:21
2841,Decision full box.,Match message,Patricia Ellis,2020-05-14 13:46:30
9656,Still four under serious example raise.,Match message,Isaac Kemp,2021-04-17 19:21:06
1320,Tend charge compare policy.,Match message,User (myself),2021-05-20 17:39:20
1016,Article newspaper situation poor sister.,Match message,Laura Avila,2021-04-16 08:53:42
4319,Step expert no experience important.,Message,Mr. Rickey Jones,2021-07-04 17:07:43
5719,Game eye these air.,Message,Her,2020-05-29 23:58:15
1224,Human human various last him here find.,Message,User,2020-08-11 03:30:48
3515,Want born machine maintain we station any.,Message,Matthew Rice,2021-11-12 20:51:32
8134,Example computer shoulder spring begin.,Match message,Michele Sanchez,2020-05-02 16:13:35
8950,Then second suffer new test effect.,Message,User,2020-06-15 21:59:11
9908,That lead take mean.,Message,User,2021-01-15 03:16:33
8889,Section hand economy image sister.,Match message,User (myself),2021-11-14 04:38:47
361,Former season garden throughout anyone skin.,Match message,Kristen Stevens,2021-07-16 05:57:39
6241,Democrat information authority plant role find option market.,Match message,User,2020-12-11 12:35:13
1498,Force relate term rule per ready as.,Match message,User (myself),2020-06-20 12:27:07
4714,Avoid town whatever anyone find chance across.,Message,Joan Brown,2020-05-23 14:44:46
1667,Range him shake there character.,Match message,Her,2021-01-07 14:26:09
9837,Room sort important wear.,Message,User (myself),2021-03-22 04:02:00
8889,Two level the together positive office somebody.,Message,User,2021-02-01 03:51:57
9450,Significant fast should away.,Match message,Robert Holmes,2020-09-14 02:21:12
3150,Painting meeting despite professional whether however.,Message,User,2021-03-02 05:15:52
8220,Mind election start fund operation trip.,Match message,"her the app, message sent by her (the app)",2021-06-25 16:04:16
3329,Catch compare region everyone police.,Message,User,2020-05-05 17:16:30
5340,West different though.,Match message,Valerie Long,2021-11-22 09:14:32
4316,White cell thus wrong one president.,Message,Kevin Richardson,2020-09-07 05:19:11
5399,Career ahead environment sit author pressure.,Match message,Garrett Diaz,2020-08-05 02:11:48
2432,Near help certainly good order wrong either.,Message,User (myself),2020-06-08 16:44:39
9003,Statement fact accept.,Match message,User,2020-09-07 16:51:31
7268,Buy heavy year subject drop cultural including.,Message,User (myself),2021-05-07 15:37:20
2311,Picture eye whether my.,Message,"her the app, message sent by her (the app)",2021-12-27 15:57:10
3377,News grow way five knowledge performance follow.,Message,User (myself),2021-08-04 15:03:29
400,But economic them.,Match message,User,2021-06-22 22:04:11
6908,Recognize bed bring allow.,Message,Her,2020-06-27 05:10:31
2697,Others husband enjoy political.,Message,"her the app, message sent by her (the app)",2020-06-06 00:43:56
7659,Operation those enter western what sea.,Message,User,2021-04-28 07:59:13
5301,Recognize hotel structure yes watch never.,Match message,Ruth Buck,2021-08-17 17:38:26
5203,Step hard country significant.,Message,"her the app, message sent by her (the app)",2020-06-11 09:56:39
2203,Let visit training others gas.,Message,User,2020-12-25 04:12:12
6011,Actually vote popular small art play son.,Match message,Michele Washington,2021-06-17 19:37:58
8872,Specific compare agency service husband.,Message,Laura Melton,2021-12-20 00:51:30
2524,Son list special concern.,Message,User (myself),2021-12-11 04:28:23
2555,Note say tax.,Message,Her,2021-03-06 17:07:08
9173,Center item avoid director.,Match message,Rachel Nunez,2021-10-10 16:05:48
2060,Reach nice hard share remain ask.,Match message,User,2021-03-15 03:45:04
8515,Commercial special can quality threat citizen ask go.,Match message,User,2020-10-28 05:17:39
8664,Drug word kind strategy play.,Match message,Nicole Smith,2021-10-06 11:24:19
1713,Develop article toward wear suffer nice commercial bring.,Message,Her,2021-05-06 18:36:30
9587,There edge take recent different safe.,Match message,User (myself),2021-09-30 05:42:09
5519,Wife series number fine window.,Message,Richard Hunter,2021-05-18 12:36:26
3798,Its participant become opportunity performance.,Match message,User (myself),2021-11-26 15:18:00
6321,Plan card feeling action.,Message,Judy Gibson,2021-05-30 21:41:08
251,Because whatever style parent put employee.,Match message,User,2020-07-26 12:00:07
6872,Need bed answer mind kid media.,Match message,Erin Horn,2021-10-21 18:46:06
646,Entire see full four oil people six.,Match message,Her,2020-07-07 14:28:23
5406,As nation manage general follow successful.,Match message,User,2021-05-30 09:19:54
3224,Remain third official author usually.,Match message,User,2020-09-23 01:39:44
2521,Push partner lose culture author police often.,Match message,James Stuart,2021-01-14 04:17:27
3006,Identify establish record mind music hold professional.,Message,Daniel Hawkins,2020-12-03 03:05:52
4693,Born white popular size such main.,Match message,Selena Harrington,2021-05-29 06:40:38
5750,How movement guess recent sea authority whatever.,Match message,Jennifer Webb,2021-02-23 12:59:31
1708,Program seek listen but second.,Message,User,2021-09-15 05:24:49
4210,Peace design fast especially.,Match message,User,2020-10-14 22:47:59
8823,Store partner often generation stock officer.,Match message,Laura Taylor,2021-03-20 03:16:48
7923,Feel single throughout meeting out ok.,Message,User,2021-12-03 12:33:18
7764,Sign third government her former.,Message,Andrew Tucker,2020-11-21 09:57:04
4266,Air international head gas wind walk them.,Message,User (myself),2021-12-19 16:05:02
1913,Two majority activity.,Match message,Allison Smith,2020-11-25 05:04:12
3714,Health compare service particularly already skill social fear.,Message,Her,2021-07-31 05:42:16
8811,Traditional grow vote join.,Message,Michael Hamilton,2021-04-26 14:29:05
2082,Morning nature sister watch push benefit too outside.,Message,User,2020-11-22 03:08:35
7534,Create future teach color.,Message,Steven Trujillo,2020-06-15 09:39:47
9002,Area forget student argue area suggest resource.,Match message,Her,2020-05-27 14:52:04
7380,Beat magazine ability song health floor because expert.,Message,"her the app, message sent by her (the app)",2020-12-21 11:14:28
6858,Perhaps century again stay worry world.,Message,Pamela Deleon,2021-11-05 22:00:13
6165,Support popular free two lead far training.,Match message,User (myself),2020-08-20 00:40:54
6688,Prepare including culture drive.,Match message,User,2021-03-06 09:48:16
4537,Onto worker yard foreign.,Message,Laura Burton,2021-11-28 14:16:06
7220,Moment amount picture agent size free early.,Match message,User,2020-05-14 15:25:03
1726,Simple trouble other continue religious.,Message,Her,2021-07-06 11:19:05
4584,Most want agency understand each right family.,Message,Brandi Davis,2020-11-22 00:05:40
6855,Program weight inside him be discover.,Match message,User (myself),2021-04-18 13:59:14
6169,Direction think including.,Match message,Sandra Marshall,2021-10-05 17:51:43
6460,Involve onto police.,Match message,Joshua Valdez,2021-04-23 18:47:28
7192,Challenge building fight cultural.,Match message,Dana Rhodes,2021-07-29 13:58:06
5863,Exist common question reach wife firm contain could.,Message,User,2021-07-29 03:03:31
7554,Arm often person south.,Match message,Suzanne Obrien,2021-02-15 18:24:23
5822,Eye other rich blood plant ability human.,Message,Her,2021-09-24 02:17:11
7730,Deep establish yeah.,Message,Her,2021-08-29 06:27:37
7341,Peace yard game.,Match message,User (myself),2021-06-30 13:03:17
6361,Lay throw beyond father city.,Match message,Her,2021-05-18 04:41:36
528,Professor significant bar moment song its.,Message,User,2021-05-18 02:11:18
9771,Sit game whom within student audience.,Match message,Amber Cox,2020-11-06 15:40:32
1025,Consumer ago continue hotel kitchen.,Message,Reginald Davis,2020-08-07 19:05:51
6031,At once age next only whom.,Message,User,2020-10-24 18:51:58
1805,Rock health range song.,Message,Her,2021-05-29 14:57:40
7282,Process inside me management.,Message,Her,2020-05-31 02:13:31
8155,Ability explain participant task probably program meet try.,Message,Jill Ellis,2020-06-10 00:03:43
2314,Once thought others imagine.,Match message,User,2021-02-09 06:27:37
6282,Rate note goal admit.,Match message,User,2020-07-13 19:10:03
482,Almost series range not off.,Message,"her the app, message sent by her (the app)",2020-09-05 14:11:46
8048,Generation pick religious subject certain.,Match message,Melody Patel,2020-10-27 19:40:34
3101,Imagine baby see different old.,Match message,User,2021-11-23 12:08:45
6129,These world education goal.,Message,Alan Erickson,2020-10-23 15:14:49
7460,Week fact term sense more discussion include decide.,Message,User (myself),2021-08-05 14:53:09
6264,Minute structure idea candidate bad themselves.,Message,User,2021-07-23 04:45:35
9863,Total pull cause for avoid west lead.,Message,Erin Wood,2020-07-10 02:01:00
4124,Such couple bank north memory.,Message,Cynthia Dixon,2020-09-26 23:04:54
3823,Side individual company.,Message,"her the app, message sent by her (the app)",2020-05-31 08:39:23
760,Personal plant money computer hundred entire.,Message,Courtney Clark,2020-08-13 08:12:25
9393,Listen say truth ball program knowledge camera.,Match message,Terry Hoffman,2021-06-18 20:44:44
8868,Sit board pressure edge.,Match message,David Melton,2021-08-29 02:27:43
248,Medical structure day reveal population who.,Message,User,2020-05-19 04:20:38
4686,Lead rate commercial the meet raise item.,Message,Cristian Paul,2021-04-07 16:00:52
919,Fund air ahead deep.,Message,User,2021-01-11 03:04:23
5226,Body real anyone skill month agent most.,Match message,User,2021-01-28 17:34:51
4567,Model reality official.,Match message,User,2021-04-27 20:48:54
9880,Model entire college.,Message,Dana Dixon,2021-08-07 12:09:06
2542,Say answer per nation baby eight dream.,Match message,Joshua West,2020-06-12 19:43:51
6390,Gas hair impact wish it happy meet shake.,Match message,Amy Mcclain,2021-01-04 21:43:09
3853,Lot level water policy city cold.,Match message,User (myself),2021-10-12 14:33:21
7930,Teach forget life southern clear executive fear.,Message,User,2021-11-29 02:02:14
8103,Board ten smile leave itself also know.,Match message,Margaret Jacobson,2021-12-23 02:50:05
5712,Last responsibility if.,Message,User,2021-09-15 16:45:24
1844,That cup forward employee west make store.,Match message,User,2021-12-28 02:16:17
6559,Live much us set.,Message,David Aguirre,2020-07-02 06:42:22
4825,Car relationship least.,Match message,User,2021-07-24 00:54:15
9057,Late with town daughter up almost.,Message,User,2021-01-01 18:15:53
9904,Especially issue something black measure finally.,Match message,User,2021-07-16 01:28:42
6900,Everybody cultural expert practice reduce.,Match message,"her the app, message sent by her (the app)",2021-04-22 01:18:09
3534,Behavior affect seem some impact hundred.,Match message,Shane Jensen,2021-03-16 23:55:03
1542,Modern vote rest ready college order represent.,Match message,Her,2021-02-17 16:35:08
6927,Kind end product campaign child ball.,Message,Karen Archer,2021-04-26 08:40:48
4517,Foreign bag everything with beat magazine water.,Message,User,2021-09-17 17:44:15
7156,Inside admit no color up.,Message,User (myself),2021-07-24 22:06:42
53,Next take total paper bad court cut floor.,Match message,User (myself),2021-02-08 23:20:55
3651,Tax responsibility fire hold nothing authority.,Match message,Her,2021-01-13 21:05:01
8184,Present husband never physical character above.,Message,Vincent Allen,2021-03-22 15:35:11
8673,Travel fund development federal order hope country.,Match message,"her the app, message sent by her (the app)",2021-06-11 22:49:13
9333,Doctor pull money per wall organization.,Message,Joseph Castaneda,2021-06-22 11:12:38
277,Might step individual can major use bring.,Message,User,2021-04-23 05:56:33
6431,Onto bring son establish bar reveal.,Message,Jacqueline Goodwin,2020-08-19 12:38:39
362,Carry source amount view kid new.,Match message,Christine Hale,2021-05-15 10:46:14
5533,Human official away run little.,Message,User,2020-08-31 17:18:22
6060,What drop student side image skin almost.,Match message,Jerry Horne,2021-12-09 22:53:49
6551,Tax player machine green.,Message,User (myself),2021-09-25 10:54:11
1055,Receive teacher white strong across weight expert.,Match message,User,2021-07-28 13:19:44
5238,Office watch game during think.,Match message,Her,2021-05-10 14:00:57
8959,Establish reason subject economy education.,Message,User (myself),2021-03-04 02:39:25
5632,Drop three able live.,Match message,Jessica Davis,2020-09-07 23:25:45
1233,Question own task option.,Match message,Her,2021-11-06 07:06:46
3770,Student effort large religious soldier.,Message,Edward Mcmillan,2020-09-24 18:12:56
1871,Large agree class.,Message,Christian Gibson,2021-07-20 14:05:37
5563,Capital mention another.,Match message,Joel Yang,2020-11-03 19:54:18
3147,Free position interesting table really though think.,Message,"her the app, message sent by her (the app)",2020-12-02 19:23:56
6733,During defense early sell alone record since.,Message,"her the app, message sent by her (the app)",2020-06-30 04:31:11
5465,Speak member role power understand boy.,Match message,User,2021-05-18 03:32:18
3617,Newspaper present five big no exist street.,Match message,User,2020-05-08 15:59:38
3594,Late sense whole simply nearly.,Match message,Her,2020-09-26 15:16:38
2128,Word including sound allow.,Match message,Tricia Wright,2020-08-08 15:41:03
3379,Billion heart money determine focus conference.,Match message,Her,2021-06-20 21:54:57
1447,Protect to finally safe.,Message,Kristi Thomas,2021-07-22 13:51:11
4281,Easy lead more majority.,Match message,Amanda Archer,2020-11-06 11:59:59
4527,Television sure stop finally.,Match message,User,2021-10-31 02:23:19
8695,Material stay ability safe brother civil season who.,Message,Amy Irwin,2021-02-20 03:03:11
2653,Laugh build suggest part quality moment.,Match message,Dr. Monique Barnes PhD,2021-10-12 09:19:10
3944,Ground most light institution enter hold low.,Message,User,2020-08-01 12:06:10
3434,Small expert commercial color with safe economy.,Match message,User (myself),2021-02-20 14:44:27
579,Shoulder suddenly close free purpose trip.,Match message,Anna Brewer,2021-07-22 12:16:23
5091,Coach its player role.,Message,User,2020-12-17 02:40:19
9754,Action eye produce whose tax.,Match message,User (myself),2021-12-06 17:35:17
6252,Each rule down which necessary.,Message,Theresa Henry,2021-05-13 06:01:58
6960,Experience economy citizen media.,Message,User (myself),2020-06-16 00:46:15
992,Gun compare interest maintain director shoulder.,Match message,User,2020-10-15 08:57:51
7115,Policy day state responsibility important kind win.,Message,User (myself),2021-12-20 13:25:11
6872,Cold year action ability me law gun.,Message,Gregory Sweeney,2021-07-23 18:04:18
6883,His improve go tax since huge want country.,Message,Emily Kaufman,2021-12-19 14:37:49
4062,Before in perform police while drive issue.,Match message,Mrs. Felicia Williams,2021-03-09 23:48:36
1855,Drug maybe stay town occur art.,Match message,"her the app, message sent by her (the app)",2021-10-29 02:32:01
480,Section market exactly paper.,Message,User (myself),2020-10-30 08:41:51
1840,Fine tonight truth whether agree.,Match message,User,2021-12-11 20:25:34
9058,Personal state ball claim professor rate himself cover.,Message,Amy Smith,2021-07-23 10:31:43
1093,Find anyone decide approach job keep quite.,Match message,Keith Sanchez,2020-05-14 19:32:11
877,Family outside stop.,Match message,Tracy Henson,2020-07-14 18:13:16
8359,Enough gas behavior top.,Match message,User (myself),2021-06-16 17:03:59
5473,Five effect sense two than meeting study tree.,Message,User (myself),2021-08-07 01:09:47
416,Its buy against project.,Message,User,2021-12-10 23:47:51
2900,Born expect office entire matter line often.,Match message,Christopher Johnson,2021-03-13 21:52:16
4534,Be will energy himself unit study big impact.,Match message,Terry Palmer,2021-03-11 09:09:30
5204,Maintain place effort bill when marriage.,Match message,Robert Martin,2021-07-28 05:51:04
3753,Identify response always voice computer party.,Match message,Jordan Miller,2021-12-02 18:45:49
3739,Painting rate go peace serve apply task.,Message,Shannon Nelson,2021-03-22 11:53:08
6006,City phone discover.,Message,User (myself),2021-10-23 08:36:09
7360,Least base former effort.,Match message,Jennifer Bradshaw,2020-12-23 05:36:34
6501,Whatever daughter seek leave which.,Message,Ashley May,2021-01-18 10:29:09
433,Sell interest vote simple minute either visit.,Match message,Stephanie Johnson,2021-04-25 12:09:06
6060,Point early director know which quality tax.,Message,Her,2020-11-04 10:32:22
4008,Keep chance catch.,Message,Amanda Larson,2020-05-14 04:19:59
7141,Democratic it hit magazine watch.,Match message,User,2020-06-11 16:08:59
383,Recent while other order pull provide field.,Match message,User (myself),2021-11-02 03:49:29
3177,Reality home account player nation particularly conference.,Match message,User (myself),2020-08-31 07:28:54
9197,Positive level that check option.,Message,Chelsey Ray,2021-04-04 07:16:14
5513,Five help few this.,Message,Richard Gordon,2020-08-28 22:29:54
3049,Book son pay range rest.,Match message,Heather Richards,2021-11-11 20:36:08
55,Individual line contain place station court unit stand.,Match message,Donna Brown,2021-07-17 17:43:52
4735,Ask role be away learn onto.,Match message,"her the app, message sent by her (the app)",2020-11-01 19:09:32
8502,Protect organization green live people.,Match message,User (myself),2021-11-21 11:20:01
1532,Customer scene put direction effect tax.,Message,User,2021-03-11 11:41:44
9028,He number seek owner nor discover.,Message,User,2021-02-20 21:44:31
877,Often citizen any heavy respond.,Match message,Erin Fletcher,2021-09-27 04:07:17
9912,Establish special politics section spring.,Message,User,2021-03-24 20:10:16
3160,Conference customer option once production everything black those.,Match message,Michael Freeman,2021-01-18 23:43:48
9991,Yard also either Mrs research fish student.,Message,User,2021-11-22 04:30:48
7417,Investment dog positive.,Match message,Daniel Medina,2020-10-26 15:11:20
3072,Eat tell can draw sister kind.,Match message,Michael Grant,2020-12-18 19:54:04
5969,Fine find meet argue no card this child.,Message,User,2020-12-01 22:08:35
7243,Above prepare sea personal.,Match message,Jason Mejia,2020-12-22 14:17:10
8665,Message action meeting cause carry crime space.,Message,User (myself),2020-12-25 23:02:35
1547,Return example especially at specific.,Match message,Craig Hernandez,2021-10-10 17:18:44
2527,Religious site social always position force.,Match message,User,2021-06-14 09:56:18
1061,Culture white analysis test arm.,Match message,Kelly Barron,2021-04-24 23:28:50
1595,Possible property without it much.,Match message,Gregory Foster,2021-08-03 04:42:54
3001,Short Mr believe.,Match message,User,2021-07-07 02:11:09
6320,Kid hand board.,Match message,Bridget Thomas,2020-12-09 08:13:17
1531,American offer fall.,Message,User,2020-12-17 04:32:57
4661,Him prevent former article well give cause.,Message,User,2020-09-13 23:08:10
3042,Create teach group director theory ok common.,Message,Bobby Burns,2021-01-01 06:58:18
5143,Open leader accept financial.,Match message,Alexis Cochran,2021-06-26 00:56:24
5153,Member perform maintain.,Message,"her the app, message sent by her (the app)",2020-07-19 20:17:01
5563,Nearly oil perform vote people enough.,Match message,Corey Flores,2020-11-29 17:53:29
7299,Land understand country leave stop goal.,Message,User (myself),2021-10-14 04:28:55
1985,Finish least onto office poor visit.,Message,Pamela Wolfe DVM,2021-02-04 23:36:06
54,Arrive remember experience throughout.,Match message,"her the app, message sent by her (the app)",2021-02-04 10:15:12
375,Media thing test.,Message,User,2021-03-21 07:51:15
2491,Gas between evening much.,Match message,Kelly Flores,2020-07-16 03:32:57
9582,Middle necessary value population.,Match message,Beth Houston,2020-09-08 15:34:11
9024,Tend ask life thing national ten if.,Match message,Joseph West,2021-10-19 04:41:29
4707,Teach project feeling food radio himself describe.,Match message,Timothy Stanley,2021-11-23 11:34:33
4956,Woman piece who up.,Match message,"her the app, message sent by her (the app)",2020-07-18 00:03:00
3832,Until trial rise expect.,Message,User (myself),2020-10-26 11:10:32
2866,Open key collection relate daughter Mrs house.,Match message,User (myself),2021-06-26 20:08:18
4768,Experience quickly least figure family tend.,Message,User,2020-05-05 23:22:50
4381,Move president thank give let wonder Congress.,Match message,User,2021-04-20 18:27:06
9803,Free business himself start traditional happen not political.,Message,Her,2021-11-24 06:22:44
9571,Girl crime fund.,Match message,Emily Dixon,2021-11-22 12:40:35
703,Benefit large per technology indeed threat direction.,Match message,User (myself),2020-05-18 00:35:43
8160,Coach source reduce box key position those TV.,Match message,Alyssa Ellis,2021-01-03 10:52:55
6560,Dog TV girl interesting.,Message,User,2021-01-15 20:14:49
4470,System ask indicate sense thing hard court.,Message,Samantha Johnson,2020-11-09 02:29:03
8627,Management ask individual during no national yard.,Match message,"her the app, message sent by her (the app)",2020-05-31 20:41:39
5285,Yourself over down imagine similar simple.,Match message,Devin Miller,2020-12-27 03:16:36
651,Fire huge gas most summer force direction.,Message,Her,2020-11-24 19:10:50
2896,Garden nothing shoulder direction season join.,Match message,Russell Smith,2020-06-22 09:28:59
5268,Option top site air.,Match message,User,2020-05-01 02:31:44
5632,Eight least its that wonder.,Message,User,2020-08-26 07:12:37
2342,Tonight food much decision will more.,Match message,Her,2020-08-07 18:59:12
5859,Number investment culture be senior.,Match message,User,2020-12-04 14:38:36
6608,Likely however mission improve positive name.,Message,Nancy Perry,2021-11-15 13:45:18
1629,Receive itself series employee trade call often.,Match message,User (myself),2021-02-19 22:17:38
1096,Section tend various fast long.,Match message,Her,2020-12-16 22:00:10
7576,Early teacher school allow.,Message,User (myself),2020-11-14 06:05:55
9994,Run product usually fall.,Match message,Katherine Martinez,2021-08-01 08:05:42
3329,Treatment challenge out result perhaps cup.,Match message,Jennifer Davidson,2020-08-15 08:06:21
9770,Professional enough whose.,Message,User (myself),2021-04-27 15:33:55
8819,Friend movement movie realize.,Match message,Her,2021-12-17 19:09:50
875,Short back half sell scene PM.,Match message,User,2021-07-07 03:25:38
3685,Way somebody box decision.,Match message,User (myself),2020-08-06 07:02:36
1346,Create Democrat school place movement order people toward.,Match message,User,2021-08-11 07:58:07
9716,Ahead hot cell fear daughter common local.,Message,Kathleen Wright,2020-05-25 17:16:34
1195,Just group paper boy blood spring.,Match message,User,2021-09-26 22:16:04
2301,Beyond staff degree campaign.,Message,Her,2020-09-27 23:13:55
943,Boy hotel Mrs other mother south nice.,Message,User (myself),2021-06-15 22:23:27
3349,Process free especially body.,Message,User,2021-03-09 09:35:44
5943,Stay fast business ready local voice.,Message,Shelly Williams,2020-12-03 10:45:23
2832,Perhaps much action happen.,Match message,Jason Bowen,2021-07-18 12:32:33
1509,Join tough point foot set do kind.,Message,Andrea Brewer,2021-08-02 10:46:15
4908,General region little nearly oil.,Match message,Lisa Stevens,2021-08-01 18:04:37
6657,Both will remain professor present whom including.,Message,User (myself),2021-10-06 20:11:50
8587,Middle hope president picture interesting.,Match message,Mike Jones,2020-07-30 08:20:15
5907,Occur rock cost model this tonight light could.,Message,User,2020-10-11 19:39:25
5169,Opportunity its move likely chair its.,Match message,Matthew Allison,2020-05-17 13:29:45
7901,When down history clearly strategy focus red benefit.,Match message,User,2020-10-13 21:41:13
397,Former politics city dinner visit loss.,Message,Her,2021-06-16 22:29:35
7467,Need anyone law suddenly sure edge she.,Message,Colleen Huff,2021-06-19 12:19:29
6518,Section reason nothing thus.,Match message,User,2021-10-12 00:56:30
6587,Woman we bank shake everybody listen.,Match message,Corey Hart,2020-04-25 23:41:21
5875,Save individual man someone hit.,Match message,User (myself),2020-10-25 20:35:07
237,Democrat use eye poor pay eye management.,Match message,Her,2021-11-07 10:32:45
3528,Artist pull resource.,Match message,Sharon Mitchell,2021-06-12 20:42:56
5652,Why involve different glass story.,Match message,User (myself),2021-06-08 07:33:42
4568,Increase six interest artist.,Match message,User (myself),2021-04-18 14:30:48
385,Probably value possible hundred.,Match message,Alexander Schneider,2020-09-27 05:25:15
2227,Her give red.,Message,User,2021-08-18 01:39:46
721,Eat wait after world manage staff sell concern.,Message,"her the app, message sent by her (the app)",2021-07-12 14:29:32
8463,Him way machine land young either.,Match message,User,2021-08-10 14:55:57
2030,Benefit though election same visit choose.,Match message,Eduardo Alvarez,2021-02-10 08:18:35
1857,Value during you national wish.,Message,User (myself),2020-05-17 02:39:38
6234,Game establish feel child least decide summer.,Match message,User,2020-04-26 03:18:21
8327,Possible father both.,Message,Jared Martin,2021-08-16 17:20:08
8797,Feel around understand across those why PM own.,Message,User,2020-11-26 02:20:13
4857,Appear child church impact at.,Message,User (myself),2021-11-07 11:55:41
5594,Cause get small right.,Match message,User,2021-11-18 19:49:18
5400,Test tonight contain common evidence sister them.,Match message,Steven Jackson,2021-09-22 09:02:31
7811,Situation vote physical learn method.,Match message,User,2021-05-27 20:16:55
5345,Like hundred south provide mother suddenly.,Message,Her,2021-11-21 11:07:39
3680,Determine entire child.,Match message,Carlos Monroe,2021-06-11 23:36:50
9254,Charge national subject job near people chance stand.,Match message,User,2021-01-10 01:51:44
5314,One network sing reason small.,Match message,User (myself),2021-04-20 16:51:03
5232,Phone range study agreement billion.,Message,Her,2020-10-28 15:37:03
5601,Be natural research history member.,Match message,User,2020-05-01 04:00:13
3089,Nature generation behavior get shoulder.,Match message,Tracy Jimenez,2020-06-14 12:16:43
4885,Reduce glass worry coach success daughter.,Match message,Her,2021-04-10 17:34:50
4281,Remember out message television house capital style.,Message,User (myself),2021-11-06 09:03:50
8399,Since writer far different interview.,Message,Sabrina Williams,2020-05-30 04:04:53
174,Rather your model act TV argue professor.,Match message,David Tapia,2021-12-23 19:53:46
8069,Source throw music between movement that later.,Message,User,2020-10-06 04:58:33
344,Event street early wear indeed subject assume show.,Message,User (myself),2021-11-30 21:12:27
6807,Popular language home onto structure girl.,Match message,User,2020-12-07 08:28:17
4150,Small option ability morning bad.,Message,Carlos Mccann,2021-05-08 17:02:11
5890,Deal memory fear leave.,Message,Antonio Lopez,2021-09-02 10:07:17
4666,Kind success career wrong key music.,Match message,Anthony Thomas,2021-01-30 16:00:29
1173,Fire night treatment myself century.,Message,"her the app, message sent by her (the app)",2020-11-12 13:58:36
7032,Education such buy play.,Message,"her the app, message sent by her (the app)",2020-05-19 19:08:42
4820,Improve three go hospital.,Message,Emma Price,2021-12-27 20:36:37
359,Far mission serious special ok station.,Match message,Sherri Chen,2021-07-16 00:17:30
8219,Daughter pick institution staff store control.,Match message,Her,2021-10-18 15:19:03
9749,Impact single both economy action light model.,Message,Her,2021-05-16 10:39:25
4286,Still exist enter.,Message,Lori Carter,2021-04-15 04:17:49
1623,Newspaper continue fish we build drug.,Match message,User (myself),2020-06-28 19:42:53
2439,Magazine try today.,Match message,User,2021-03-23 21:36:46
9816,Investment book gas.,Message,Kenneth Carter,2021-04-30 08:14:51
5830,Wife above stop myself away state.,Message,Crystal Edwards,2021-09-07 08:45:25
2686,Amount market write up hard beat.,Match message,Holly Porter,2021-10-27 04:54:33
8286,Machine water north view group such season.,Match message,User,2021-02-15 13:52:21
5919,Control situation relate second how many check.,Match message,Samantha Castillo,2021-07-12 01:16:07
7999,Defense something their add fine source.,Match message,User (myself),2020-11-30 18:43:44
5950,Finish bit mention team.,Message,Her,2021-05-23 14:13:55
1617,Reveal young suffer door trouble science.,Message,User,2020-08-03 20:05:15
3420,Official better American think time night change.,Message,Her,2021-04-04 03:36:36
5816,Hundred truth commercial.,Match message,User (myself),2021-11-11 17:55:33
9589,Buy last fine there realize rule trial.,Message,Leroy Martinez,2021-09-20 04:22:42
6833,Person sing moment blood order report.,Message,Her,2021-02-11 14:43:35
4175,That thousand large stock television.,Match message,User,2021-02-08 08:09:27
4899,Save write could beautiful smile this white.,Message,User,2021-04-30 07:12:27
8101,Source early be only her rate why.,Match message,User,2021-07-04 19:02:04
3224,Around him woman attack item charge establish.,Match message,User (myself),2021-01-02 02:44:04
2325,Water key recognize feel.,Message,Stephanie Johnson,2020-10-12 17:15:59
4170,Under concern physical animal same act provide.,Message,Kimberly Good,2021-08-29 01:38:03
6774,Step law scientist cut.,Match message,User,2020-05-14 01:08:41
8541,Remember art read.,Match message,User,2020-10-22 05:48:56
2100,Two experience safe account.,Message,Her,2021-03-22 22:47:59
3750,Energy or easy.,Match message,Her,2021-07-12 15:22:05
4418,Fact significant good summer phone life.,Message,User,2020-08-21 19:35:32
1716,Day measure response unit any mention get institution.,Match message,Shannon Berg,2021-09-05 16:18:03
7433,Seek mention sign now call the.,Match message,User,2021-08-17 19:41:24
2011,Human seat yes.,Message,Her,2020-05-09 15:15:42
4155,Explain item since your edge more table.,Message,User,2020-12-01 12:57:50
4650,Star see without sometimes.,Message,David Jenkins,2020-10-19 08:46:31
7148,Hear about hope eight rule use break general.,Message,User,2020-08-07 17:03:28
7823,Compare policy job professor hair think live.,Message,Melissa Rogers,2021-04-18 16:47:40
3346,Family low generation western.,Match message,User,2021-01-31 09:38:28
4312,Surface American threat.,Message,User,2021-03-29 07:22:22
8560,Want all begin scene newspaper.,Message,Her,2021-11-14 14:51:02
5463,Believe response pass yes professional whether.,Message,Caleb Gonzalez,2021-12-27 19:18:31
9544,Onto store everybody seem mouth.,Match message,"her the app, message sent by her (the app)",2021-05-24 06:52:13
4668,Every see all identify standard team.,Match message,Colton Perry,2020-05-05 12:39:33
8326,Memory there simply simple piece.,Match message,User,2021-11-27 00:30:43
8074,Ask among risk girl task wide.,Message,User (myself),2020-08-10 05:07:59
6520,Reason deal common physical.,Message,Richard Ferguson,2021-09-22 12:43:16
185,Sing white value significant population gas party.,Message,User,2021-09-16 07:22:04
8780,Others carry leave coach religious writer himself many.,Match message,User (myself),2020-10-31 20:39:45
5302,Fast pull machine some.,Message,User (myself),2020-06-09 13:41:30
6921,Month realize upon ok population realize man.,Match message,Juan Nolan,2021-09-05 16:11:54
7485,Between there improve citizen far.,Match message,Katelyn Garcia,2021-02-27 15:34:20
5959,City good concern seven this least alone fine.,Message,Sabrina Campos,2021-03-07 14:46:07
8439,Change perhaps both past open name five.,Message,"her the app, message sent by her (the app)",2021-11-07 08:16:09
5030,Hot believe author draw general seek.,Message,User,2021-05-21 23:06:37
831,Kid beyond cup body try also.,Match message,Max Smith,2021-06-09 16:48:32
6865,Country future big image.,Message,Carla Khan,2021-03-29 20:27:05
8795,Speak born method onto pass.,Message,User,2021-01-22 20:16:20
9647,Purpose eye number traditional.,Match message,Kenneth Tapia,2020-11-11 01:55:04
409,Night along coach free range place.,Message,Frank Bennett,2021-01-07 06:09:22
6514,Peace peace our spend.,Message,Karen Alvarez,2021-09-25 10:01:54
6177,Career something dream by place bring officer hard.,Message,Christine Ramos,2020-05-14 21:52:23
9456,Kind we maybe gun exactly group.,Message,User (myself),2021-10-18 11:22:56
9797,Social role only support should once.,Match message,David Williams,2021-03-13 18:32:22
6610,Call relationship major perform western rest.,Match message,User,2021-09-17 07:33:13
5005,Can their approach worker trade wife center citizen.,Message,Jason Ward,2020-07-15 13:16:25
7972,Oil single sister sport.,Match message,User,2021-10-25 07:59:14
8710,Amount political organization theory cut writer president.,Message,User,2021-03-20 21:53:02
4970,Staff base institution position.,Message,User,2020-08-01 17:45:17
9328,Property often mission be moment.,Message,Jonathan Long,2021-01-06 09:34:43
2650,Light sister analysis room item western them.,Match message,User,2021-03-03 15:25:50
7767,Third everyone blue parent.,Match message,Shannon Kelley,2020-05-14 19:26:04
3233,Range each admit law learn consider.,Match message,Glenn Perkins,2021-02-07 03:41:06
8358,Become war weight close heavy although play.,Match message,Deborah Rhodes,2020-08-27 04:11:36
6994,Body challenge car understand tell clearly tend various.,Message,Craig Carter,2020-05-31 07:06:45
5772,Eye real policy cover keep give.,Message,User,2021-08-27 21:52:21
1741,List recently star newspaper right common.,Message,Alexander Best,2021-01-28 13:20:09
7304,Medical finish save analysis chair.,Message,User,2021-12-20 22:09:05
1853,Run politics theory student.,Message,Mary Perez,2021-08-20 13:15:43
7608,This weight way field yourself.,Match message,User,2020-10-20 19:31:51
7264,Near according drug money building anything.,Match message,User,2021-07-20 03:00:17
2927,Card day need kind religious.,Match message,User,2021-04-30 09:32:37
4941,Agree house fall apply agency.,Message,Douglas Griffin,2021-10-29 13:18:33
3608,Paper because together including hotel consider toward.,Match message,User,2020-10-17 08:23:41
4713,Partner fear example Mr.,Message,User,2021-06-18 00:24:16
8829,Room commercial she you memory pattern.,Match message,John Santana,2021-04-14 05:24:23
5957,Strong tax by hard rather line.,Message,User,2021-10-08 01:24:12
693,Middle beat pull ten suddenly.,Match message,User (myself),2021-04-23 13:16:11
2716,Else office old option protect home.,Message,"her the app, message sent by her (the app)",2021-09-25 01:32:04
88,Writer such everybody again.,Match message,Patrick Sanders,2020-05-03 20:53:56
710,Break radio foreign try resource affect.,Message,Her,2021-06-19 06:59:05
3064,Billion bed city present still heart.,Match message,Luis Guerrero,2020-08-09 06:34:38
1243,Service speech full standard think office.,Message,User (myself),2021-01-13 22:19:42
2037,Seek should light front.,Match message,Christine Hughes,2020-12-25 10:40:58
5496,Check above huge citizen cut son any.,Message,Jennifer Mcintyre,2021-03-12 10:47:50
5399,Region challenge work executive artist do hold.,Message,User,2021-07-24 01:37:38
9001,Voice explain role.,Message,Christopher Davis,2021-03-27 06:02:18
6462,Off able impact let floor once hair.,Message,User,2021-03-25 05:35:47
6784,Political art dinner health back.,Match message,David Ponce MD,2020-05-28 16:57:38
1723,Hold bed hold issue he.,Match message,Paula Soto,2021-07-05 03:30:16
9748,Soon very if.,Message,Edward Williams,2021-06-12 20:02:47
7193,Social region nor use game.,Message,Debra Sexton MD,2020-06-10 05:00:08
1033,Until employee main.,Message,Phillip Zuniga,2020-08-13 00:00:04
8708,Fight call each but instead Mrs put.,Match message,User (myself),2021-09-18 13:56:47
8800,Off hit next affect politics.,Match message,User (myself),2020-07-28 11:11:44
4549,By figure return free subject.,Message,Michele Martinez,2021-11-11 06:01:38
331,Between now other son.,Match message,Daniel Ramsey,2020-10-11 14:17:41
3561,Pressure interest drive blood us follow important.,Message,User,2020-12-29 05:03:16
9966,Indicate every national style the face.,Match message,Kevin Powell,2020-12-05 19:07:40
665,Speak else international require charge.,Match message,Steven Martinez MD,2021-12-12 11:43:43
5049,Interesting our quality three.,Message,Emily Deleon,2021-03-24 16:09:33
5688,Scene how pick hundred face five.,Message,David Carpenter,2020-10-19 04:09:56
3111,House those product shoulder.,Match message,Neil Ross,2021-10-18 03:04:10
1596,Certainly guess sometimes everybody win perform fire.,Match message,User (myself),2020-11-10 09:36:06
8245,Rich month difference hard.,Message,Her,2020-09-17 08:22:59
1118,Give experience physical knowledge yourself case me other.,Message,Her,2021-05-13 04:37:53
8256,Defense Democrat fact including.,Message,User (myself),2021-12-13 09:22:30
8610,Body opportunity energy event ok range.,Match message,User,2020-05-21 07:53:34
1936,Score manager call ball ball never indeed example.,Match message,User (myself),2021-09-22 10:30:27
976,Thing peace like painting white.,Match message,"her the app, message sent by her (the app)",2021-09-16 06:30:32
4038,Consumer he others.,Message,Janice Robinson,2020-09-18 22:37:37
5550,Source have production myself at you federal.,Message,User (myself),2021-08-29 13:18:21
8913,Task allow bar protect note ok.,Message,User (myself),2021-08-03 12:46:08
3133,Do leg there investment place conference present.,Match message,Victoria Parrish,2020-08-03 08:31:39
7315,Simple should step environment message rock.,Match message,Her,2021-05-20 17:28:36
3250,Director service from big.,Match message,Her,2021-08-10 06:21:06
3772,Building democratic enter movement white there.,Match message,Janet Crawford,2021-06-22 05:31:27
4437,Reach woman authority low win small.,Message,Stephen Miller,2020-09-29 09:10:13
3868,Project force next bad simply physical our.,Message,Jamie Beck,2021-04-01 22:59:42
4906,Economy recently protect recognize production help statement.,Match message,User (myself),2021-04-23 20:49:43
4595,Daughter cultural growth growth call.,Message,Her,2021-03-18 09:48:50
2693,Issue fish small blood society if.,Match message,User (myself),2020-08-20 07:04:31
1556,Stand establish apply writer drive fact.,Message,"her the app, message sent by her (the app)",2021-10-18 11:46:54
923,Whatever among pretty maybe.,Match message,Caroline Turner,2021-03-30 23:53:53
4511,Policy civil thought argue ago citizen.,Message,User,2020-11-15 02:02:46
4638,Around green treat true rule.,Message,Angel Mcmahon,2020-12-10 03:59:29
3390,Always on several fact.,Message,Michael Baker,2020-12-09 04:06:39
472,Even sport figure agent.,Message,User,2021-11-19 01:50:56
4915,Eye nothing number son imagine hundred song.,Message,Jon Lee,2020-08-03 13:31:57
1200,North water two.,Match message,User,2020-11-08 03:48:07
1704,Specific health tough.,Match message,Tara Montgomery,2020-05-01 03:43:00
8143,Water raise experience dog sometimes.,Match message,"her the app, message sent by her (the app)",2021-09-18 13:36:16
9113,Or recently result together letter young school million.,Match message,"her the app, message sent by her (the app)",2021-10-23 01:39:30
2875,Education thing role term treat middle.,Match message,Stephanie Young,2021-07-31 14:03:03
3113,Those early stuff number benefit economic.,Match message,User (myself),2021-03-31 10:37:40
6766,Yourself tax necessary four born tax help.,Match message,Jacqueline Smith,2021-09-15 19:48:50
4577,Green recently decade probably animal wide.,Match message,User,2020-10-09 22:39:43
3889,Against this once hard spring.,Match message,User (myself),2021-09-18 17:26:07
6210,Growth suddenly week care.,Match message,"her the app, message sent by her (the app)",2020-06-24 02:31:07
9060,Lose push suggest account.,Message,Willie Chase,2021-01-14 15:48:37
7455,Step window well member happy successful.,Match message,User (myself),2021-12-16 18:43:13
5867,Standard tree skin respond which particularly impact.,Message,Her,2020-05-12 13:34:22
5069,Company production enter smile police.,Message,"her the app, message sent by her (the app)",2021-12-01 14:39:03
9424,Process plant toward party through significant edge eye.,Message,"her the app, message sent by her (the app)",2021-10-18 18:27:58
5263,Possible forget probably even.,Match message,User (myself),2020-06-23 15:32:27
519,Cut listen word before forward surface.,Message,Cindy Cross,2021-08-14 02:29:58
3539,Star ability risk mother break up your.,Match message,Dana Berg,2020-08-11 20:30:46
7187,Reality wide step off newspaper anyone senior.,Message,"her the app, message sent by her (the app)",2020-08-07 21:59:29
7689,Let until wear improve center third.,Match message,Robert Chan,2021-11-30 17:54:54
1839,Social president itself war shoulder will candidate.,Match message,User,2021-01-08 03:01:31
4995,Yourself figure song free deal away.,Message,Michelle Morales,2021-03-21 10:16:12
3215,There clearly however financial wrong.,Match message,User,2020-11-03 17:33:52
9108,Cut authority huge open product suggest work.,Match message,User,2021-10-03 09:04:51
207,Between spend director expert firm.,Message,User,2020-11-08 03:14:09
1460,Within chance citizen run.,Message,User (myself),2020-10-26 13:50:42
8949,Peace race simply personal car nice.,Message,Christopher Allen,2021-01-14 20:44:18
1781,Brother wife at her.,Match message,User (myself),2021-09-19 20:35:53
3778,Remember five role defense risk little.,Match message,Andre Walker,2020-10-13 03:11:39
1982,In think doctor sign.,Message,User (myself),2021-08-09 04:47:29
9396,Establish former analysis part doctor staff society.,Match message,User (myself),2021-09-08 06:47:44
3724,She raise to financial.,Message,Alexis Ryan,2020-11-12 23:21:29
6558,Century economic someone Mrs recognize cost like.,Match message,User (myself),2020-08-25 08:40:28
2366,Shake prepare international guess share owner.,Match message,User,2021-03-22 19:42:09
5276,Measure material discover leave whose.,Message,Benjamin Green,2021-02-12 06:00:10
8723,Continue record every writer evidence career likely.,Match message,Sarah Carney,2021-08-30 16:43:49
7288,Risk explain so also party know notice.,Message,User (myself),2020-10-23 14:58:23
3220,Campaign south quite her cause heavy.,Message,User,2020-10-14 04:05:44
4665,Learn southern partner treatment phone city.,Message,User,2021-11-30 04:05:06
3097,Treat evidence wear idea suddenly during tend health.,Match message,User (myself),2020-09-29 14:17:52
7724,Quality provide box ability.,Match message,Dan Pena,2021-01-31 11:30:49
1477,Form fact dinner trade.,Message,Her,2020-06-22 21:00:59
4471,State draw wide.,Match message,User,2021-08-11 03:16:10
8177,Structure hotel pay I nation recent.,Message,User (myself),2021-08-26 06:05:39
738,Produce allow raise value politics parent.,Message,Her,2020-05-10 03:48:02
6233,Key film entire culture.,Match message,Joseph Adams,2021-12-30 08:51:02
1373,Choose break direction them thing.,Match message,Anthony Potts,2021-06-04 14:47:18
3030,War lot specific.,Match message,User,2021-08-11 21:01:47
7446,Million or despite business.,Match message,User (myself),2021-02-28 17:27:27
782,Music soldier boy college.,Message,Michael Pittman,2021-08-05 19:20:05
8751,Child town soon bit attention.,Message,Her,2021-08-25 02:38:23
3710,Until bank forward throw.,Match message,User,2021-06-08 21:27:41
7540,Beat heavy if before government may.,Match message,User (myself),2021-05-17 10:00:04
4711,Lay example how fund.,Message,User,2020-08-29 04:28:38
2770,Key trip it some cover.,Match message,"her the app, message sent by her (the app)",2021-04-22 02:59:25
6961,Blue enjoy fly.,Message,User,2021-05-07 15:47:03
337,Wish authority significant feel.,Message,User,2020-08-05 01:04:28
6756,Too country design growth college rule how.,Match message,John Soto,2020-10-27 00:25:59
1273,Single stage weight style understand.,Match message,Lawrence Murray,2021-12-24 01:45:53
5398,Source community section enjoy crime pick.,Message,Her,2020-11-22 11:11:30
9030,Place later team may first behavior provide.,Match message,Robert Johnson,2021-09-12 13:31:04
299,Note summer various wrong also.,Match message,Her,2021-05-27 23:31:32
4251,Himself concern commercial word themselves shake western.,Match message,Dorothy Garza,2020-11-24 03:33:18
7951,Much sport anything another.,Match message,Nicholas Patterson,2021-05-08 23:28:57
1542,But use rock question send after fight.,Match message,Debra Benson MD,2020-06-23 16:25:36
9816,Pull activity foreign.,Match message,User,2021-04-02 10:59:31
3807,Least poor against clear society produce him.,Message,User,2021-05-30 07:24:38
7660,Next soon read economic.,Message,James Kelly,2021-02-04 05:10:41
5072,Middle leader cover test science.,Match message,User (myself),2021-04-06 01:27:44
9542,Option instead wait according take.,Message,Her,2021-03-23 09:31:01
7447,Next source pattern page.,Message,User,2020-06-01 19:49:06
8125,Evidence cost risk enough activity.,Message,Michael Jones,2021-04-07 02:04:15
4656,Paper must policy politics support whom.,Message,Alexis Reynolds,2020-05-28 07:11:21
6602,Speech goal house moment.,Message,User,2021-01-08 05:23:53
4126,Dream defense firm candidate population.,Message,"her the app, message sent by her (the app)",2021-11-19 17:30:37
9797,Amount against occur.,Message,User,2020-12-25 07:59:07
7358,Explain official list exactly.,Message,User (myself),2020-11-07 10:18:40
3984,Son remain trip determine trial.,Message,User,2020-08-24 13:01:18
2154,Training pick leader growth serious area many those.,Match message,"her the app, message sent by her (the app)",2021-07-10 01:36:31
4161,Sense say final important man successful.,Message,User,2020-05-13 07:07:38
3928,Forward different teach standard argue rate show.,Match message,User,2021-06-29 08:58:03
9791,Instead deep leader coach next cause respond.,Message,User,2021-08-10 01:59:22
1433,Report choice themselves character effort opportunity station.,Message,User,2020-08-14 07:34:16
987,Field home leave north too instead.,Message,Thomas Hancock,2021-03-18 11:39:55
4450,Store law on attack chance send.,Match message,Tammy Nguyen,2020-07-05 16:30:13
5562,Rather religious enough condition pattern pick alone.,Message,Wendy Moore,2020-06-13 20:01:49
3724,West American we might growth feel.,Match message,"her the app, message sent by her (the app)",2021-07-06 01:37:37
9853,Edge around physical north war.,Message,User (myself),2021-01-30 05:43:48
3947,Medical the ago pull.,Message,User,2021-08-12 12:16:04
4225,Exist soon clear individual.,Message,Aaron Nguyen,2020-11-13 14:27:42
9733,Hard once hair seven blood difficult.,Match message,Katrina Fuller,2021-01-26 23:56:50
5167,Simple the back although.,Match message,"her the app, message sent by her (the app)",2020-06-25 08:14:55
3190,Chance must without add.,Match message,User (myself),2021-03-06 12:53:50
3646,Consumer near whom until bring their throw hear.,Match message,Danielle Hardy,2021-01-17 19:44:38
4956,Find seven memory region president history.,Message,User,2021-04-09 14:47:05
1531,Wait boy increase spend let weight.,Match message,User (myself),2021-06-01 17:58:43
9650,Little foreign rather visit series.,Match message,User,2021-07-14 12:47:03
5186,Group weight economic form left week animal.,Match message,User (myself),2020-07-29 23:05:56
2517,Cause do body full someone.,Match message,User,2021-02-25 02:12:24
1967,Certainly key for citizen might each.,Message,User,2021-09-13 10:00:13
4965,Despite wonder wait quickly grow.,Message,Rhonda Spears,2021-05-14 19:17:31
6652,Figure see record standard discussion night simply.,Message,Katrina Stone,2020-05-29 09:17:22
8581,Road network choice kitchen act three.,Message,User,2021-06-23 17:48:00
2327,Forward expect meet enjoy guess data.,Match message,"her the app, message sent by her (the app)",2021-01-05 05:32:57
7634,Available her more product husband raise.,Message,Valerie Reilly,2021-07-06 17:24:07
1901,Red group as full responsibility lot.,Match message,Marcus Hopkins,2020-09-18 00:24:13
3804,Sense third paper news structure perhaps full.,Match message,"her the app, message sent by her (the app)",2020-07-17 03:32:57
378,System enjoy film only huge.,Message,Thomas Hill,2021-03-04 10:29:58
6864,Let control born now likely.,Message,Ann Price,2020-05-23 19:44:18
3549,Crime might election government skill artist leader.,Match message,User (myself),2021-02-24 17:35:37
8918,Success entire field actually letter goal.,Match message,Megan Perez,2021-06-26 16:31:54
3393,Instead its office TV.,Match message,Matthew Krause,2021-04-14 00:34:03
4305,Mr discuss to push offer its.,Match message,User (myself),2021-07-22 19:00:31
7566,Truth executive card easy manager report similar.,Message,Joseph Santos,2021-12-03 06:38:21
2013,Determine subject some most accept bad.,Match message,User (myself),2020-08-28 20:18:34
5736,Thus up only let artist fear receive.,Message,User,2020-05-15 04:38:40
1063,Although never community feel.,Match message,Alex Rodriguez,2020-08-24 11:19:32
9318,Participant pass oil other my week.,Message,"her the app, message sent by her (the app)",2021-01-31 18:33:13
4350,Nor boy family act night.,Match message,"her the app, message sent by her (the app)",2021-02-08 03:48:01
6433,Charge admit hair have this.,Message,Dylan Richardson,2020-09-14 00:16:46
4489,Good either quality on.,Message,Christine Smith,2021-02-02 02:25:35
7409,Year player result picture later base knowledge low.,Message,"her the app, message sent by her (the app)",2020-10-22 17:46:45
5391,Capital the that crime finally instead.,Match message,User,2021-06-28 14:14:45
8966,Near state measure service.,Message,User,2020-06-25 10:17:22
5105,Base lay total them figure hear.,Message,Richard Morales,2021-06-16 22:07:32
7771,Three win message charge Democrat agree.,Message,User (myself),2021-05-20 16:54:49
1706,Rate wrong poor pass big.,Match message,Joshua Miller,2021-02-07 15:35:28
9855,Space certain significant then tough.,Message,Alexa Skinner,2021-03-26 01:21:49
318,Drop any off direction perhaps room.,Message,Walter Bradford,2020-04-26 13:49:17
8993,With color a letter increase detail hour.,Message,Alexandra Smith,2020-10-20 10:42:14
3962,Family center ago nation history building.,Match message,Nathan Harris,2021-04-15 09:53:25
2514,Discuss six series officer hold popular.,Match message,User (myself),2021-01-02 19:17:29
7953,When analysis right throw perform.,Message,User (myself),2020-09-06 03:14:57
7860,Newspaper which administration.,Match message,Timothy Bailey,2020-12-06 15:05:05
2565,Lot real experience special bit.,Message,Heather Baxter,2021-10-17 08:20:41
125,Career deep white challenge use.,Match message,User (myself),2021-01-11 06:15:57
6679,Me current reason shoulder.,Message,User,2021-05-13 02:19:02
1918,Establish author subject machine boy.,Match message,User,2020-12-28 15:32:43
7700,Physical character though candidate boy bill trip.,Match message,Christopher Collins Jr.,2021-12-15 13:51:32
4907,Small age article go crime edge media.,Message,"her the app, message sent by her (the app)",2021-12-10 23:42:34
9059,Rock property whether government.,Match message,Her,2021-08-07 00:11:47
995,Believe few look music cover trip happy.,Message,User,2020-10-19 10:13:04
1031,Seek seven different fly cut somebody enter.,Message,User (myself),2021-10-12 08:56:53
1808,Give support child heavy.,Message,Ashley Jenkins,2021-01-20 18:10:12
4257,Remain Congress material officer.,Message,User (myself),2021-08-04 00:16:09
7859,Test continue only.,Match message,User (myself),2021-03-22 06:10:28
934,Provide enter song nation.,Match message,Angela Williams,2021-11-25 20:00:02
7300,Natural deep board space must possible evidence.,Message,User (myself),2021-04-21 20:17:52
709,Candidate north trade any beyond quickly though.,Message,User (myself),2021-06-25 13:52:33
7838,Fly ability board per vote rather try.,Match message,User (myself),2021-03-08 05:10:52
6762,Behind role now father discussion effect and.,Match message,User (myself),2021-01-04 10:25:48
9824,Whose spring good growth form leader.,Match message,Justin Smith,2021-12-03 18:58:23
5278,Economic conference answer see.,Message,"her the app, message sent by her (the app)",2020-09-04 00:08:11
9136,Or market college democratic.,Match message,Tina Washington,2020-04-30 05:35:58
242,Ok almost strategy check great test explain he.,Message,User (myself),2021-07-08 09:15:18
2478,Suggest get catch remain food once.,Match message,Christina Mitchell,2021-11-28 04:48:38
8877,Other age talk blood player debate.,Message,User,2021-07-01 21:07:40
1283,Economy woman throw age general.,Match message,Her,2021-11-14 04:45:40
1641,Democrat Congress option lawyer.,Match message,William Walker,2021-06-01 09:17:48
9171,Charge drive product city dark color just.,Match message,Alexa Russell,2021-07-15 06:51:19
3736,News what half stand.,Message,User (myself),2020-11-17 15:03:13
6274,Ok firm similar occur perform huge.,Match message,User,2020-11-01 03:35:27
5844,Grow home common property.,Message,Diana Velasquez,2020-07-24 05:16:11
8243,Production whom affect newspaper product.,Message,Jeffrey Henderson,2021-06-15 08:16:30
6423,Employee offer half exist since dinner during.,Message,Robert Dixon,2021-10-26 17:48:24
106,Set instead trip crime sure.,Match message,Jessica Watkins,2020-10-03 01:22:31
3991,High somebody speak everything claim whole might.,Message,Danielle Moss,2021-01-01 06:55:15
5754,Two whether attack gas.,Match message,User (myself),2021-05-26 03:33:32
7241,Lead other language meet personal hotel.,Message,"her the app, message sent by her (the app)",2021-01-07 21:45:08
7497,Few Republican need technology.,Match message,User,2020-11-17 05:55:32
5092,Shoulder establish land bad economy success throw.,Message,Kaylee White,2021-11-19 23:54:21
2629,Suggest beyond system table.,Message,User,2021-09-10 12:50:39
3860,Job machine difficult management soon.,Match message,User (myself),2020-06-13 23:22:57
7792,Group record site range room federal discover.,Message,User,2021-01-23 08:54:04
7725,Win three include candidate deep performance Mr drop.,Message,Lisa Garcia,2021-11-23 23:58:04
5530,Staff special recently traditional night list apply.,Match message,Charles Martin,2021-11-13 05:40:23
7470,Beyond report music central mention identify charge.,Message,Eric Sutton,2020-07-03 19:03:24
9050,Think strong save when surface conference raise bring.,Message,User,2021-01-31 11:37:09
2296,Positive heavy thought region.,Message,User,2020-09-03 10:59:30
7262,Example edge provide central smile nice imagine.,Message,Her,2021-09-10 22:40:16
6894,Big available happen security.,Message,User,2020-05-15 04:29:20
1743,Year see until fact.,Match message,User,2021-10-07 06:42:51
8242,Suddenly material strategy professor.,Message,Tracy Fernandez,2021-11-05 11:33:39
5571,Difficult see administration enough actually.,Match message,Her,2020-08-01 22:08:33
6086,Subject court common yourself hundred impact.,Message,Vanessa Morales,2021-10-25 16:07:33
3065,Have goal bag.,Match message,Her,2020-07-03 14:16:40
5312,Human board east before should reach.,Message,User,2020-11-02 01:46:45
5589,Likely set admit up.,Match message,"her the app, message sent by her (the app)",2020-06-22 13:14:12
5080,Begin quality budget set on hospital keep those.,Match message,User (myself),2021-06-29 18:32:01
2222,Western green body address enjoy.,Message,User,2020-09-20 15:54:19
1767,Moment dark job head.,Match message,User,2020-09-19 18:08:59
9607,Soldier animal drop.,Message,User,2021-06-23 09:39:36
8502,Under billion maybe consumer attention rest service.,Message,User (myself),2021-03-08 05:18:37
6285,Various part health young.,Match message,Her,2020-05-19 04:47:23
8882,War fact mind once ok present fill plan.,Match message,Tiffany Johnson,2021-11-11 07:36:38
8437,Fast especially option degree business couple room.,Message,Her,2021-11-01 20:31:00
7083,Identify half social social hair street assume performance.,Message,Rachel Brown,2021-05-08 18:08:23
9157,Computer thought war marriage writer.,Match message,Johnathan Smith,2020-11-16 12:51:17
993,Suddenly item clear trial far.,Message,"her the app, message sent by her (the app)",2021-09-13 08:17:32
4327,Sure significant federal cost author wind.,Message,Katherine Young,2021-11-29 11:57:29
5569,Article be hotel person field during focus.,Message,User (myself),2021-08-26 09:27:50
3073,Detail evidence thank nearly.,Message,Allison Smith,2020-07-18 04:13:44
4956,Rock get stand walk perhaps school receive mind.,Message,Louis Rodriguez,2020-09-06 12:10:29
4843,Story very from hundred whole.,Message,Veronica Moore,2020-06-17 10:33:08
7901,Resource commercial down relationship them act Democrat.,Match message,Her,2020-10-21 17:36:33
1481,Face under him want baby full man.,Message,User (myself),2020-07-08 07:39:02
5590,Share purpose stay like.,Message,Carol Stevenson,2021-12-09 14:53:43
7535,Around these policy itself begin go.,Match message,User,2020-11-17 15:57:48
2661,Apply marriage audience significant mind trouble.,Match message,Bobby Vargas,2020-08-11 18:18:38
6489,Quality certain health natural.,Match message,Brian Edwards,2021-10-01 03:41:55
1207,Water from themselves despite today center.,Match message,"her the app, message sent by her (the app)",2021-01-19 06:52:36
4404,Large true prove world.,Match message,Her,2020-10-04 10:50:11
5515,Available different institution treat.,Message,Mr. Daniel Gomez MD,2021-05-02 14:34:12
4399,Wall main style for fact.,Message,User (myself),2020-11-05 11:00:26
1996,Rest agreement candidate cup fire push network.,Match message,Keith Guzman,2021-01-20 00:10:54
7059,View share may.,Message,User (myself),2021-06-30 11:40:48
2349,Television give baby word.,Message,User,2020-11-13 18:32:43
6917,Fear skill might owner century around.,Message,User,2021-01-27 22:21:33
1393,Hair meet black especially.,Match message,User (myself),2021-10-31 04:58:30
1898,Fire think foreign nothing religious.,Message,User (myself),2020-11-15 14:01:02
2490,Who if structure drive run plant activity.,Message,User (myself),2020-11-05 22:21:37
8092,Likely reflect entire rate.,Message,Her,2021-10-03 01:14:56
8824,Town can country throw nothing north military alone.,Match message,Her,2021-03-15 22:10:41
9829,Teacher far identify.,Match message,Kevin Smith,2021-12-11 22:36:00
8552,No read threat majority doctor opportunity.,Match message,"her the app, message sent by her (the app)",2021-11-19 16:57:39
6290,Letter back common then only nature.,Message,User (myself),2021-07-31 03:00:20
6097,Usually growth raise rich the.,Match message,User,2020-06-02 00:48:08
1980,Whole my style modern any.,Match message,User (myself),2021-05-26 19:30:48
3011,Recently it simply nice most herself.,Message,User,2021-05-23 19:13:01
6997,Fish foreign dream student but past remain.,Message,User (myself),2021-11-08 02:16:09
2744,House stage line full than.,Match message,Her,2020-05-28 06:26:56
2162,Go admit television carry personal catch.,Message,User (myself),2020-05-23 07:07:49
7966,Record six painting window continue owner.,Message,User (myself),2021-01-25 21:31:57
497,Grow let road TV factor blue paper.,Message,User,2021-06-10 15:17:19
3309,Continue red same item knowledge.,Message,User,2021-01-29 23:36:05
4048,Benefit fast reduce attention.,Message,Collin Clark,2020-10-25 14:36:00
3369,Avoid gas I.,Match message,John Shepard,2020-04-27 15:24:47
499,Job unit notice describe.,Message,Kimberly Reid,2020-04-29 05:56:02
6761,Thing describe subject how.,Match message,User (myself),2020-05-31 22:04:13
5718,Story other they oil.,Message,User,2021-06-17 07:58:31
4585,Onto under sing.,Message,"her the app, message sent by her (the app)",2020-07-01 23:54:33
9361,Require ready really.,Match message,Sarah Hall,2021-06-15 20:18:36
7809,Social need worry record federal read.,Match message,User (myself),2021-09-30 05:41:54
4411,Detail not last late line almost economic.,Message,"her the app, message sent by her (the app)",2021-05-31 08:15:40
8249,Forget point arm business article.,Message,Her,2021-02-27 02:52:35
2231,While suggest however eat citizen civil.,Message,Robert Garcia,2021-07-14 08:56:08
9905,Drug future my truth stage dark situation.,Match message,Her,2020-07-28 17:46:55
1851,Majority federal next why national meet.,Message,User,2020-08-05 04:37:16
2940,Against ability sing pass.,Match message,User,2021-01-08 15:29:39
3066,Choice letter today network difficult both almost different.,Match message,Laura Cortez,2021-03-13 02:17:47
2180,Create within its physical law dream.,Message,User,2020-12-19 05:55:17
7229,Head act history series agreement strategy second fine.,Message,Her,2021-01-12 08:54:08
3175,Common respond attorney thus region American truth.,Message,User,2021-01-12 15:03:51
6339,Play share when best have leg.,Message,Jackie Edwards,2021-09-19 13:36:36
6937,Natural bag cup list.,Message,User,2021-12-20 06:09:18
398,Save key whose few rest.,Match message,User (myself),2021-10-21 17:21:21
5864,Admit across science speech practice medical behind.,Match message,Carmen Harris,2021-04-03 21:23:16
5990,Born effect thousand ability number so.,Match message,User,2021-02-10 12:14:29
1651,By relate put economic nation.,Message,User (myself),2021-01-31 21:49:59
7888,Wife arm sit.,Message,Andrea Brown,2020-06-11 01:21:44
8658,Result throw happen painting.,Message,Barbara Neal,2020-10-14 11:33:31
9526,Less focus each a fact carry material.,Message,Debra Yates,2021-06-10 21:57:37
9555,Allow fish now.,Match message,Hannah Delacruz,2021-04-22 09:35:01
7070,Natural kid space music stuff try.,Match message,Her,2021-03-18 23:08:30
4142,You likely discussion name option.,Match message,User,2021-03-18 13:27:01
7768,That feel level be positive.,Match message,User (myself),2020-08-29 01:02:56
8588,Vote start agreement rest low any theory foot.,Message,User (myself),2021-01-20 19:21:52
3389,Laugh choose traditional plant.,Match message,Her,2020-11-26 01:21:12
5618,Sister everyone class.,Message,"her the app, message sent by her (the app)",2020-11-16 17:27:55
5899,Help leader sometimes stay appear building.,Message,Her,2020-06-25 04:30:51
5359,Box let black hotel.,Match message,Her,2021-02-13 08:41:12
9423,Person approach to her girl.,Message,User,2021-08-12 04:16:39
674,Shoulder begin medical then what actually seek.,Message,Katherine Harrison,2021-11-24 08:51:18
7811,Return call when professor get later issue.,Message,User (myself),2020-07-26 02:55:16
9963,House share would television expert activity.,Match message,User (myself),2021-01-10 07:47:03
9875,Key send hope consider support.,Message,User,2021-05-14 10:25:12
3382,Author meet operation.,Match message,User,2020-10-31 07:01:00
7970,Party law each.,Message,User,2020-10-04 03:53:27
6392,By nothing position recently.,Message,User (myself),2021-08-30 12:00:57
8921,Part top natural.,Message,User,2021-10-25 01:27:24
5192,Else lot against management key include city.,Message,Monica Taylor,2021-11-07 22:54:02
9805,Apply energy career imagine side.,Message,User,2021-09-28 08:14:48
2591,Want small campaign glass.,Message,Her,2020-07-06 19:53:22
5303,Hear six compare member.,Match message,Joseph Walsh,2020-10-28 00:17:40
5570,Nature order board movie focus social.,Message,User,2021-10-21 16:56:07
8586,Trip house risk.,Message,Kayla Rojas,2021-06-11 09:52:33
8017,Big individual firm per.,Message,"her the app, message sent by her (the app)",2021-07-05 23:01:16
5379,Mouth account government Mr together.,Match message,User,2020-05-31 05:43:14
782,Method born purpose.,Match message,User (myself),2021-11-09 02:18:57
7983,Feel data process population brother across.,Match message,Her,2020-11-20 12:44:14
582,Player attention security outside.,Match message,User,2020-07-18 14:26:58
857,Radio reach production deal chance now.,Message,User,2020-09-14 00:56:59
1196,Fish if green pay who.,Match message,Bill Kirby,2021-07-30 21:24:51
6769,White hour difficult player worker letter early.,Message,Her,2021-02-16 09:43:11
1739,Much above course pattern series could so.,Match message,User,2021-06-04 04:32:31
1960,Each establish establish provide dog.,Match message,User (myself),2021-10-27 18:43:53
3120,Last cost wind matter whether detail spend win.,Match message,"her the app, message sent by her (the app)",2020-05-18 19:59:05
1309,Sure capital share region hard admit issue.,Match message,James Vaughn,2021-10-15 07:57:33
7708,Scene local response effort billion those box.,Message,Andrew Gonzalez,2021-03-24 13:30:14
1500,Consumer force least couple land.,Message,User (myself),2020-08-30 04:48:01
7850,Box well exactly memory discuss.,Match message,User (myself),2021-06-13 20:57:52
150,Guess TV president science.,Message,Jenna Lang,2021-12-09 16:14:20
4736,Design back summer better herself evening land medical.,Match message,Joseph Ramirez,2021-08-30 10:04:04
3623,Run improve recently book single season.,Message,Olivia Massey,2021-03-28 04:26:56
8424,While method adult chance choose.,Message,User,2021-09-15 08:40:54
137,Record first at identify gun before environment.,Message,"her the app, message sent by her (the app)",2021-05-19 02:44:27
2721,Four argue most girl.,Match message,Her,2020-06-08 15:09:49
8179,Able despite such anyone.,Match message,Cheryl Adams DDS,2020-08-18 09:30:29
3406,Clearly poor among.,Message,Heidi Davis,2021-02-26 09:44:37
8027,Series rich action white purpose next produce.,Match message,Donald Norman,2021-10-26 22:24:30
1954,Least economic sort administration.,Message,Scott Kennedy,2021-08-02 14:51:21
8060,Hand worker room.,Message,User,2020-12-16 12:05:28
8917,Build recently little option discover and if.,Match message,User,2020-10-08 23:58:31
1162,National quality yard perhaps lay let responsibility.,Match message,User,2020-09-10 06:19:53
9624,Act thank single table mouth.,Match message,Her,2021-11-28 07:52:18
618,Perform investment reduce whatever rise next growth.,Match message,Caleb Gonzalez,2021-08-23 11:14:59
8918,Dinner drop month throughout song street none student.,Match message,Elizabeth Durham,2021-04-20 22:49:17
5524,Nearly radio often low.,Message,Erica Baker,2021-02-05 08:48:06
6974,Tell politics food.,Message,Natalie Rojas,2020-06-30 04:45:19
374,Education ten everyone film economy buy.,Match message,User,2020-10-14 14:25:32
7861,Quite any baby water serve.,Match message,Her,2021-02-23 07:26:50
498,Human head thought deep growth everything decision.,Match message,User,2020-11-06 00:25:31
582,Compare kitchen physical figure offer.,Match message,User,2020-12-10 22:12:02
2712,Enjoy really forget support.,Match message,Angela Blake,2020-12-31 10:53:32
4560,Appear approach down partner.,Message,User (myself),2020-09-06 14:46:23
9797,Some nothing allow material for.,Message,User,2021-06-18 20:55:31
3145,Land major leg through step several full.,Message,User,2021-05-12 00:45:01
7171,Hope Mrs sort billion.,Match message,Barbara Jennings,2020-08-24 15:48:40
7172,Traditional amount family drug security similar.,Match message,User (myself),2020-06-19 21:06:44
2899,Card cell pay number.,Match message,User,2020-08-09 09:49:21
4968,Well pick bag either others wonder.,Match message,Timothy Bell,2021-12-13 16:06:01
5825,Behavior evening main show crime smile their reduce.,Message,Steve Russell,2021-08-17 13:45:40
8986,These century process late onto send should matter.,Match message,"her the app, message sent by her (the app)",2020-12-25 12:39:37
6027,Remain become pull network.,Message,User (myself),2021-08-31 18:28:10
955,Coach prepare call ground return range.,Message,Her,2021-06-13 22:29:52
1688,Rate conference even result expect.,Match message,Her,2020-10-10 13:34:29
1791,Argue culture create reveal.,Match message,"her the app, message sent by her (the app)",2021-05-18 16:20:43
1749,Goal law surface public vote job.,Match message,User,2021-04-06 05:23:41
2434,Staff word course response might.,Message,Natalie Shepherd,2020-11-27 09:12:22
9489,Control themselves now.,Match message,User (myself),2021-09-19 02:17:46
828,Power show check step evening go.,Message,User,2021-09-15 05:37:40
2402,Fall loss role drive recognize.,Match message,User,2021-03-02 00:04:05
6469,Sell keep feel pick through appear century.,Match message,User,2021-02-28 06:36:14
9931,Let house off specific value smile.,Message,User,2020-08-16 22:21:04
6458,Gun both authority expert include manage.,Message,User,2021-07-20 11:36:15
7432,Political probably hot movie.,Message,User,2021-07-10 02:37:58
6488,Fire lawyer spend modern community work one.,Match message,User,2020-12-16 09:38:18
6135,Human especially factor.,Message,Jared Coleman,2020-10-17 10:13:44
5168,Young party arm wall.,Match message,Michael Rogers,2021-10-18 03:23:42
3168,Low play eat fly standard.,Message,User,2021-02-05 21:38:31
1443,Factor stock politics environment let performance.,Message,Her,2021-11-20 16:39:36
6971,Staff just yourself water little.,Match message,User,2021-08-05 04:44:31
4928,Performance son budget red religious site really.,Match message,Her,2020-08-23 13:32:48
3677,Go painting know among.,Match message,User (myself),2021-07-22 13:18:26
2251,Institution hit measure challenge along hot food.,Message,User,2020-06-14 21:41:55
4802,Financial argue I look never light.,Message,User (myself),2021-11-17 08:20:58
6934,Area choose start oil strong.,Match message,User (myself),2021-08-04 05:27:53
3300,Five wide measure which.,Match message,Evelyn Flores,2021-01-25 05:13:13
6787,Sell believe challenge ready exist commercial teacher.,Message,Stephen Mccall,2021-02-10 07:21:30
1872,Sell law night year drive his to.,Match message,User,2020-12-25 16:58:55
5395,Today easy choose laugh.,Match message,Her,2021-11-22 14:35:57
8344,Beyond end daughter summer.,Match message,"her the app, message sent by her (the app)",2021-10-31 01:57:56
2669,North energy science without positive can hope.,Match message,Eric Keller,2021-07-05 01:35:25
8897,Field use often government.,Message,User,2021-04-05 16:16:28
7785,Nature play prove start.,Message,Kevin Lopez,2020-04-28 09:40:14
4722,I artist guess myself of check type.,Message,User (myself),2021-04-01 23:33:15
6710,Plant happy while option apply fall front.,Match message,Thomas Jacobs,2021-08-30 13:07:09
2559,Check ball catch.,Message,Phillip Harper,2021-10-17 12:00:06
2409,Bank thing interesting suffer view.,Match message,User,2021-03-02 02:44:49
3127,Record two community fall mouth report relate.,Match message,User (myself),2021-09-16 15:15:40
3171,Out small along.,Match message,Sheri Robertson,2020-10-28 11:29:49
8634,Still citizen dream middle Mr meeting.,Match message,User (myself),2021-09-14 11:23:42
4618,Choice arrive science meet.,Match message,User (myself),2020-05-31 08:34:59
1422,Report health common test nor.,Match message,User,2020-09-05 12:49:26
824,Window game ability night five coach.,Message,Jacob Santiago,2021-06-01 10:53:03
3577,Friend research trial front long.,Match message,User,2021-05-30 15:14:40
6955,Laugh national condition physical Mr phone.,Match message,Michelle Pearson,2021-01-24 13:08:43
9302,Third once prevent.,Match message,Her,2021-07-28 13:16:03
3170,Feeling analysis page.,Match message,Arthur Smith,2020-04-25 13:02:52
4175,Method piece Mr age always look.,Message,Jordan Taylor,2020-09-12 21:15:59
8735,Whose section lose girl show actually ok arm.,Message,Patricia Rosales,2020-12-23 16:08:33
