Sender,Notification type,Notifcation sent at
Brenda Morales,liked_you,2020-10-18 22:42:06
Christina Jackson,friend,2021-02-23 19:12:31
Kyle Bender,liked_you,2020-07-18 04:58:30
Michael Reilly,friend,2021-11-10 16:54:54
Michelle Stafford,liked_you,2021-01-01 04:55:50
Curtis Cain,liked_you,2021-01-19 05:45:58
Vickie Bailey,liked_you,2020-09-24 10:23:13
Adam Calderon,liked_you,2021-06-16 01:41:32
Cynthia Smith,liked_you,2020-10-27 07:58:52
Lawrence Osborne,friend,2021-06-18 05:30:58
Stephanie Osborne,friend,2021-11-28 12:32:31
Bryce Clark,liked_you,2021-07-17 07:14:10
Micheal Hatfield,liked_you,2020-12-06 19:16:51
Lisa Hansen,friend,2020-12-04 23:41:44
Micheal Newton,liked_you,2021-04-02 19:00:35
Nicole Smith,liked_you,2020-06-24 17:11:25
Dwayne Davis,liked_you,2020-08-10 21:10:44
Benjamin Gonzalez,liked_you,2021-03-15 20:07:23
Vincent Gonzales,friend,2020-06-20 04:07:31
Lisa Adams,liked_you,2020-06-22 10:26:51
Daniel Hernandez,liked_you,2020-06-09 00:36:53
Eric Trevino,friend,2021-04-08 19:11:54
Pedro Bauer,friend,2020-09-14 02:48:08
Monique Beasley,liked_you,2021-06-11 21:00:42
Ashley Schroeder,liked_you,2020-07-19 20:34:36
Katrina Anderson DDS,friend,2021-02-10 22:58:01
Stephen Cooke,friend,2020-10-07 23:11:07
Katherine Brock,friend,2021-04-13 00:41:30
Jamie Preston,liked_you,2021-05-27 19:03:34
Thomas Cox,friend,2020-05-01 20:16:18
Alicia Walker,liked_you,2021-07-06 03:37:53
Sarah Bray,liked_you,2020-05-12 17:35:11
Jared Sellers,friend,2021-02-24 03:04:11
Amanda Larsen,liked_you,2020-12-23 19:22:36
Amanda Martinez,liked_you,2020-11-18 10:36:24
Dana Watkins,liked_you,2020-05-29 23:14:27
Kristine Lopez,friend,2021-04-07 12:00:24
Phillip Kennedy,friend,2020-10-11 15:02:48
Cesar Daniels,liked_you,2021-06-19 09:27:09
Jennifer Cox,friend,2020-06-03 06:42:36
Rachel Alexander,friend,2020-12-09 09:20:30
Kimberly Butler,friend,2021-02-03 03:16:42
David Noble,friend,2021-01-06 11:17:16
Kelly Mcdonald,liked_you,2020-09-15 07:21:45
Bryan Taylor,friend,2020-08-03 18:31:05
Rebecca Esparza,friend,2021-03-22 17:29:59
Nancy Walsh,liked_you,2020-05-19 20:56:33
Amber Jones,liked_you,2021-07-23 23:39:10
Mr. Edward Carroll,friend,2021-03-09 22:38:36
Adam Miller,liked_you,2021-02-28 18:33:26
Richard Glass,friend,2021-11-16 22:22:06
Tommy Kennedy,liked_you,2020-09-19 16:06:26
Christian Acosta,liked_you,2021-08-13 04:21:18
Sara King,friend,2021-09-18 07:54:56
Michael Melton,friend,2021-09-26 03:04:51
Laurie Floyd,liked_you,2021-05-13 13:20:07
David Rodriguez,liked_you,2020-11-17 00:36:57
James Brooks,liked_you,2020-09-19 02:13:48
Jerome Woodard,liked_you,2021-12-20 12:00:16
Jessica Christensen,liked_you,2021-02-01 00:57:06
Wendy Rice,liked_you,2021-10-19 21:21:35
Casey Davis,friend,2021-07-25 20:46:40
Kelly Fox,friend,2021-06-13 19:57:15
Timothy Brady,liked_you,2021-10-13 11:13:23
Mr. Edwin Skinner,liked_you,2020-12-25 04:07:07
Bradley Sweeney,friend,2020-09-23 20:48:39
Kimberly Boone,liked_you,2020-07-09 08:59:12
Marie Rodriguez,liked_you,2020-11-02 15:00:04
John Watts,liked_you,2020-10-20 23:12:21
Melissa Wise,friend,2021-03-11 20:07:34
Christina Rodriguez MD,liked_you,2021-09-10 17:17:46
Morgan Hart,friend,2020-12-11 14:35:19
Mrs. Angela Preston,liked_you,2021-12-23 04:23:15
Beverly Hancock,liked_you,2020-07-21 13:49:14
Alyssa Stevens,friend,2020-06-01 04:28:56
Darlene Diaz,friend,2021-06-28 17:23:18
Ryan Carrillo,friend,2020-05-14 19:13:46
Stephanie Smith,friend,2021-07-23 15:56:24
Jack Mathews,liked_you,2021-02-25 18:37:29
Brandon Francis,friend,2021-09-03 22:08:55
Dominique Ballard,friend,2021-08-06 18:27:19
Jeffrey Shannon,liked_you,2021-07-23 19:14:41
Alan Scott,liked_you,2020-09-26 21:58:31
Nicole Torres MD,friend,2021-10-22 22:05:20
Rhonda Hensley,liked_you,2021-10-11 00:10:43
Natalie Brown,friend,2020-07-30 21:15:24
Joseph Sanchez,friend,2020-10-09 21:32:04
Amber Adams,friend,2020-04-27 02:51:51
Laura Harris,liked_you,2021-01-04 08:03:10
Rachel Costa,liked_you,2020-11-06 04:16:56
Joseph Campbell,liked_you,2021-02-22 06:04:51
Michael Perry,liked_you,2021-08-05 21:18:57
Joseph Rodriguez,friend,2020-10-06 01:50:22
Tommy Morales,friend,2021-09-03 21:18:04
Tammy Durham,friend,2020-06-12 04:27:59
Jennifer Davis,liked_you,2021-02-17 20:32:04
Benjamin Calderon,liked_you,2020-09-04 09:16:37
Thomas Sanders,liked_you,2021-06-16 02:02:56
Kelly Brown,liked_you,2021-12-07 05:53:53
Randall Nichols,liked_you,2021-01-10 09:15:22
Amanda Carter,friend,2021-07-01 21:22:23
Adam Schwartz,liked_you,2021-08-28 16:22:46
Michelle Guzman,friend,2020-10-08 20:59:42
Jennifer Scott,friend,2020-10-06 03:04:54
Kyle Baldwin,liked_you,2020-08-04 22:13:01
Stephanie Maynard,friend,2021-03-11 13:09:40
Michael Wolf,liked_you,2021-04-06 10:35:12
Kathleen Kirk,friend,2021-08-01 05:32:16
Christopher Jones,liked_you,2020-08-14 16:17:08
Anne Hahn,friend,2021-07-23 12:42:41
Haley Diaz,friend,2021-12-18 18:38:36
Destiny Vargas,friend,2020-07-17 07:29:48
Christopher Ingram,liked_you,2020-12-26 00:34:22
Jason Ferguson,liked_you,2020-05-04 02:07:34
Brandi Hernandez,friend,2021-06-19 23:30:05
Margaret Campbell,liked_you,2021-10-10 13:29:48
Cassandra Burch,liked_you,2021-08-19 21:41:09
Carlos Jones,friend,2021-07-27 09:58:58
Sabrina Brown,friend,2021-11-01 10:10:55
Colleen Cook,friend,2021-03-13 15:13:07
Emily David,friend,2020-11-17 19:54:29
Cindy Jones,friend,2021-06-01 07:38:06
Jamie Sanchez,friend,2021-06-25 09:22:47
Angela Brown,liked_you,2020-06-10 00:14:09
Kristy Miller,friend,2021-09-05 00:26:17
Patricia Nunez,friend,2020-10-27 17:14:59
James Lloyd,liked_you,2021-12-09 20:09:10
Daniel Duke,liked_you,2020-06-30 17:07:19
Amy Richard,liked_you,2021-10-03 20:05:57
Brandon Smith,friend,2021-03-28 10:54:44
Kevin Alexander,friend,2020-07-22 06:43:33
Paul Myers,liked_you,2020-08-03 21:36:32
Scott Hodges,friend,2021-06-05 02:05:43
Dana Brown,friend,2021-10-30 07:10:07
Vernon Ochoa,liked_you,2020-06-08 00:57:53
Julie Atkinson,friend,2021-03-02 23:44:26
Joanne Robinson,friend,2021-12-18 17:09:35
William Patel,liked_you,2021-02-09 13:03:24
Katie Davenport,liked_you,2021-02-05 04:44:35
Sarah Daniel,friend,2020-10-11 00:29:01
Justin Frost,friend,2021-01-09 10:42:07
James Smith,liked_you,2021-01-07 10:35:35
Jessica Fowler,liked_you,2021-07-18 22:20:45
Sharon Avery,liked_you,2021-04-13 03:39:47
Margaret Lynch,liked_you,2021-08-14 11:18:30
Joseph Colon,liked_you,2020-11-19 07:20:27
Jocelyn Garcia,friend,2021-02-05 11:18:43
Roberto Burgess,friend,2021-11-23 17:27:04
Michael Reed,friend,2020-05-31 07:19:27
Christopher Gonzales,friend,2021-11-22 01:12:56
Vanessa Lewis,liked_you,2021-11-07 16:35:54
Ronald Cox,friend,2021-06-07 01:35:10
Richard Green,liked_you,2021-02-03 23:40:40
Whitney Taylor,liked_you,2021-11-09 23:43:11
Tammy Rasmussen,friend,2021-08-14 15:19:05
Kathryn Myers,liked_you,2020-10-04 05:09:22
Caitlin Marsh,liked_you,2021-11-23 11:48:49
James Gates,liked_you,2020-10-04 13:23:19
Robert Yoder,liked_you,2020-10-08 23:28:25
Duane Wade,liked_you,2021-07-16 05:41:46
Nicholas Mack,liked_you,2021-10-24 02:57:36
Julie Richardson,liked_you,2020-08-26 03:19:23
Herbert Miller,liked_you,2021-05-09 04:21:46
Michael Cortez,friend,2021-08-12 04:45:23
John Clark,friend,2021-08-03 19:43:53
Jeremy Morgan,liked_you,2021-09-19 19:38:32
Vincent Holt,friend,2021-04-21 08:18:30
Nicholas Martin,friend,2020-06-26 21:46:17
Marissa Schmidt,friend,2020-09-12 01:39:19
Kathleen Alexander,liked_you,2021-10-22 01:06:43
Melanie Willis,liked_you,2020-05-27 23:15:19
Tiffany Whitehead,liked_you,2021-06-04 03:08:59
Lucas Burgess,friend,2020-09-02 08:29:49
Mark West,liked_you,2020-10-17 03:36:57
David Carter,friend,2020-09-09 02:51:43
Jennifer Howell,liked_you,2021-01-11 12:56:31
Joshua Morrison,liked_you,2021-08-20 03:31:49
Jason Gallagher,friend,2021-09-09 21:15:59
Joy Kelly,friend,2021-06-11 16:17:11
Bonnie Paul,friend,2021-06-06 23:32:58
Jennifer Alexander,friend,2021-01-20 03:16:56
Ryan Barry,friend,2021-02-21 09:41:43
Blake Acosta,liked_you,2021-07-10 05:20:37
Kathryn Kerr,friend,2020-12-11 06:11:28
Matthew Marshall,friend,2020-09-23 10:15:45
Michelle Hunter,liked_you,2021-04-07 17:09:27
Ms. Tracey Morrison,friend,2021-08-31 16:13:18
James Adkins,friend,2020-12-01 08:20:54
Andrea Sherman,liked_you,2020-08-19 14:34:38
Melissa Fry,liked_you,2021-12-01 17:05:45
David Gonzalez,liked_you,2020-10-04 13:59:46
Derek Riley,liked_you,2021-09-17 01:42:47
James Lewis,friend,2020-09-25 00:13:11
Leah Cowan,liked_you,2021-06-07 19:00:42
Angela Ewing,friend,2020-10-05 02:12:50
George Watson,friend,2021-03-03 18:25:13
Nicholas Fox,friend,2021-05-07 17:19:13
Brandi Henderson,friend,2021-11-22 12:15:58
Crystal Johnson,liked_you,2020-10-04 09:20:23
Kimberly Warren,friend,2021-06-16 10:50:51
Jesus Moore,friend,2020-12-04 06:21:10
James Benitez,friend,2020-05-30 21:42:06
Jonathan Green,liked_you,2021-12-14 00:01:41
Jon Garrett,liked_you,2020-05-05 23:55:11
Brandon Lyons,liked_you,2021-05-26 17:49:51
Stephanie Harrison,friend,2020-06-17 18:49:21
Ian Franklin,friend,2021-08-23 23:00:18
Anthony Mendoza,liked_you,2021-01-11 01:10:40
Amy Miller,liked_you,2021-11-04 18:28:36
Brian Hill,friend,2021-04-30 14:37:32
Austin Neal,liked_you,2020-11-19 13:29:33
Jennifer Hayden,friend,2021-05-31 17:15:17
Laura Fleming,friend,2021-06-30 22:28:27
Amanda Villegas,liked_you,2020-06-11 03:34:52
Bobby Long,friend,2021-12-10 12:23:22
Julie Garcia,friend,2021-05-23 19:05:05
Kerry Pham,friend,2021-08-23 23:23:24
Jennifer Garner,liked_you,2021-04-16 21:18:50
Jennifer Jones,friend,2020-12-25 22:05:58
Tamara Rose,friend,2020-05-17 09:33:37
Christopher Martinez III,friend,2020-12-26 02:57:15
Allison Mason,liked_you,2021-09-24 17:53:03
Jeremy Abbott,liked_you,2021-10-24 12:23:41
Kelly Jones,friend,2021-11-28 18:16:14
Sharon Roberts,friend,2020-09-26 17:45:33
Nicholas Lam,friend,2021-09-15 23:33:46
Jennifer Wilson,friend,2021-08-23 03:54:08
Jessica Schneider,liked_you,2020-09-20 03:07:25
Spencer Powell,liked_you,2020-07-17 05:49:02
Hayden Wong,liked_you,2020-11-12 21:55:19
Sarah Harvey,liked_you,2021-07-30 22:37:09
Nathan Smith,friend,2021-01-03 04:47:16
Michelle Shelton,friend,2020-06-03 14:33:49
Shaun Gomez,liked_you,2021-06-11 04:42:09
Kathryn Calderon,friend,2021-07-14 01:22:40
Ashley Osborn,friend,2020-06-27 21:52:11
Christopher Cooley,friend,2021-07-25 11:01:37
Paul Baker,liked_you,2021-05-20 09:59:40
Mrs. Chelsea Lam,liked_you,2021-01-21 02:42:47
Michelle Costa,friend,2021-10-06 15:56:09
Andrew Mason,liked_you,2020-11-25 06:34:09
Paul Gutierrez,friend,2021-06-20 17:28:06
James Hendrix,friend,2020-11-21 07:07:04
Amy Willis,liked_you,2021-11-07 03:55:31
Matthew Beard,friend,2020-07-14 23:56:19
Tammy Price,friend,2020-12-12 04:43:06
William Heath,friend,2021-08-17 21:40:00
Dale Cox,liked_you,2020-06-26 04:08:22
John Turner,friend,2021-03-03 17:23:40
Monica Davidson,liked_you,2021-03-20 21:46:32
Aaron Stone,liked_you,2021-01-11 06:00:05
Billy Grimes,liked_you,2021-08-17 13:29:19
Nicole Martin,liked_you,2021-01-01 07:51:59
Harry Lindsey,liked_you,2021-05-14 05:31:35
Joanna Miller,friend,2020-05-28 06:46:51
Henry Herrera,liked_you,2021-01-17 01:12:23
David Cantrell,liked_you,2020-11-07 10:53:56
Jose Richardson,friend,2021-03-17 16:07:08
Lauren Johns,friend,2021-11-19 15:27:20
Emily Skinner,liked_you,2020-09-20 18:03:09
Jason Crawford,liked_you,2021-06-14 08:16:43
Benjamin Murray,liked_you,2020-07-02 17:12:37
Jennifer Wright,liked_you,2021-11-26 13:14:34
David Williams,friend,2021-05-15 23:27:43
Michael Wilkerson,friend,2020-10-09 03:34:56
Edward Aguirre,friend,2020-05-26 07:59:57
Mary Stone,friend,2021-04-06 16:03:18
Trevor Hodges,liked_you,2021-09-16 03:48:09
Christine Salas,liked_you,2020-10-25 13:16:00
Kimberly Jacobs,friend,2021-02-08 19:34:26
Bailey Ferguson,liked_you,2021-01-21 07:21:13
Matthew Garcia,liked_you,2021-08-02 12:35:13
Leslie Henderson,liked_you,2020-07-14 02:55:32
Michael Wright,friend,2020-08-28 10:03:24
Joshua Campbell,liked_you,2021-09-28 18:00:59
Jose Bishop,liked_you,2020-09-22 08:50:25
Ronald Young,friend,2020-09-03 14:08:44
Richard Gray,friend,2021-09-24 19:36:48
Shannon Wilson,friend,2021-11-05 00:31:23
Mrs. Pamela Jenkins,friend,2020-07-28 19:34:54
Vanessa Hunt,friend,2021-03-10 17:30:43
Kyle Orozco,friend,2021-09-17 22:26:13
Robyn Ellis,friend,2020-10-23 00:29:02
Selena Romero,friend,2021-12-09 08:18:57
Benjamin Ward,friend,2021-04-11 22:22:00
Steven Morgan,liked_you,2020-05-26 21:01:38
Timothy Williamson,friend,2021-12-20 12:32:57
Suzanne Smith,liked_you,2020-04-29 15:17:38
Stacy Williams,friend,2020-05-15 08:44:22
Taylor Miller,liked_you,2020-09-26 02:09:56
Jonathan Vasquez,liked_you,2020-10-04 12:32:30
Alan Savage,liked_you,2020-11-15 20:27:18
Susan Adams,friend,2021-10-12 05:26:17
Pamela Zamora,friend,2021-05-20 00:04:57
Jane Miller,liked_you,2021-01-17 18:58:43
Timothy Jones,liked_you,2020-07-16 21:22:27
Christine Taylor,friend,2020-06-08 13:04:18
Mark Hall,liked_you,2020-06-06 05:52:09
Emily Cruz,liked_you,2021-01-06 13:47:16
Jose Russell,liked_you,2021-02-28 14:46:28
Justin Wolf,liked_you,2020-07-21 03:50:40
Brittany Jones,liked_you,2021-06-07 17:20:19
Paula Mendez,friend,2021-02-27 03:55:01
Joseph Harris,liked_you,2021-03-17 20:16:16
Eric Taylor,liked_you,2021-10-27 12:28:03
Travis King,friend,2021-04-07 17:51:11
Terry Turner,liked_you,2021-02-14 23:24:32
Jose Ballard,liked_you,2021-02-18 01:02:09
Lindsey Johnson,liked_you,2021-02-23 12:52:44
Susan Johnson,liked_you,2020-08-09 19:22:38
Stephen Garrett,liked_you,2020-05-08 15:03:14
Erika Willis,liked_you,2020-07-27 00:49:40
Beth Moss,friend,2021-04-02 17:58:40
Jenny Brown,friend,2021-02-24 17:17:57
Anthony Walker,friend,2021-11-22 11:08:42
Jason Kaiser,liked_you,2020-06-27 15:24:48
Mr. Nicholas Bishop,liked_you,2021-08-22 21:35:46
Edward Sanchez,friend,2021-12-22 05:29:31
Katie Brooks MD,friend,2021-04-03 14:25:02
Ellen Russell,friend,2021-11-25 01:33:58
Thomas Carr,friend,2020-11-13 13:31:49
Rickey Mills,friend,2021-06-21 04:54:10
Erica Robbins,friend,2021-07-13 13:04:03
Joshua Wilson,liked_you,2021-11-27 09:36:16
Denise Hendricks,friend,2020-05-18 12:06:23
Antonio Alvarez,friend,2021-05-29 04:57:49
Terri Dean,liked_you,2020-06-06 15:43:48
Lisa Navarro,friend,2021-02-08 06:28:56
Ronald Perez,friend,2020-12-25 01:07:03
Dr. Briana Parker,liked_you,2021-03-26 06:57:53
Joshua Turner,liked_you,2020-09-19 15:18:22
Alexis Coleman,friend,2021-07-05 01:05:43
Christine Lopez,friend,2020-05-13 21:04:37
Jonathan Larson,liked_you,2020-05-20 20:48:38
David Flowers,friend,2020-10-12 19:13:01
Renee Ray,liked_you,2021-09-17 04:55:35
Mrs. Sarah Gamble,liked_you,2021-09-25 00:48:36
Michael Diaz,friend,2020-07-20 05:55:42
Karen Silva,liked_you,2020-12-17 12:26:34
Christine Carroll,liked_you,2021-11-26 01:17:02
Kelly Jones,liked_you,2021-01-03 21:04:07
Jack Hodges,liked_you,2021-03-17 06:33:21
Paul Sandoval,liked_you,2021-02-10 10:59:07
Kyle Watkins,liked_you,2021-02-27 02:08:19
Wayne Carpenter,friend,2021-02-05 08:34:23
Luke King,liked_you,2020-09-01 12:07:49
Nathan Stephens,liked_you,2020-07-09 21:27:41
Jonathan Fisher,liked_you,2021-08-07 23:55:12
Marc Alexander,liked_you,2020-12-31 23:38:59
Paul Hernandez,liked_you,2021-03-14 16:20:00
Jennifer Best,liked_you,2021-12-13 14:31:05
Dwayne Merritt,friend,2020-11-16 00:50:13
Jon Newton,friend,2021-05-09 11:25:34
Jordan Miller,friend,2020-09-16 02:22:11
Kristen Patton PhD,friend,2020-05-03 23:58:57
Laura Weeks,liked_you,2021-10-30 17:24:44
Breanna Doyle,liked_you,2021-12-09 11:45:21
Dr. Cindy Wright,liked_you,2021-01-04 05:37:26
Nicholas Thomas,friend,2020-09-28 02:55:42
Brittany Avila,friend,2020-08-20 09:45:21
William Peterson,liked_you,2020-12-22 23:06:44
Megan Jones,liked_you,2020-07-28 11:16:10
Lisa Diaz,friend,2021-11-03 13:46:32
David Medina,liked_you,2021-07-11 21:16:37
Shannon Hayes,friend,2021-10-03 21:16:49
Donna Green,friend,2021-04-20 22:55:02
Chad Lewis,liked_you,2021-11-01 22:53:21
Daniel Lara,friend,2020-08-05 16:56:42
Robert White,liked_you,2021-08-20 22:24:14
Daniel Walker,friend,2021-12-20 06:42:51
David Floyd,friend,2020-08-27 06:47:14
Nicholas Shepherd,friend,2020-11-30 04:03:03
Christopher Pierce,liked_you,2020-05-23 06:31:58
Heather Olson,liked_you,2020-05-08 02:38:54
Steven Perez,friend,2020-07-28 06:55:15
Antonio Willis,liked_you,2021-03-25 22:00:39
James Greene,liked_you,2021-04-23 15:41:54
Michael King,liked_you,2021-04-02 07:39:22
Brandon Rogers,liked_you,2021-11-29 11:25:55
Kayla Newton,liked_you,2021-05-26 21:53:42
Lee Simon,liked_you,2021-09-21 07:03:07
Todd Anderson,friend,2021-11-13 10:08:17
John Flores,liked_you,2021-09-10 12:26:34
Richard Rose,liked_you,2021-01-16 13:12:26
Jonathan Matthews,liked_you,2021-03-23 13:39:29
Brooke Decker,liked_you,2021-04-16 18:12:19
Stephen Moyer,liked_you,2021-12-13 15:58:05
Caleb Walker,friend,2021-06-18 13:10:37
Michelle Fox,friend,2021-01-22 19:23:13
Joseph Goodwin,friend,2021-04-19 21:20:03
Victoria Miranda,liked_you,2021-01-05 21:26:36
Taylor Jackson,friend,2020-08-04 13:19:58
William Keller,liked_you,2021-01-15 11:58:37
Jerry Williams,liked_you,2020-06-05 17:40:08
Daniel Clark,friend,2020-10-15 00:46:57
William Edwards,liked_you,2020-07-22 13:25:33
Emily Hicks,liked_you,2021-09-20 06:13:20
Kerry Clark,liked_you,2021-08-23 14:00:55
Joe Robinson,liked_you,2020-12-09 09:56:01
Austin White,friend,2021-02-22 10:41:00
Amy James,liked_you,2020-10-12 04:27:53
Steven Willis,liked_you,2021-05-03 01:12:08
Robert Leon,friend,2020-10-11 04:01:04
Lisa Lyons,liked_you,2020-10-17 09:50:03
Peter Bradshaw,liked_you,2021-10-13 08:12:21
Jaime Watkins,friend,2021-06-13 23:07:54
Mark Fernandez,liked_you,2020-07-15 17:06:24
Patricia Taylor,friend,2021-05-23 05:44:48
Christopher Davenport,friend,2021-01-06 23:33:00
Wendy Roberts,liked_you,2021-08-28 17:24:00
Veronica Bowman,friend,2021-08-08 22:50:05
Jason Gilbert,liked_you,2021-01-08 19:46:15
Paul Dominguez,liked_you,2021-06-22 22:49:52
Brittany Oneill,friend,2021-10-11 16:23:01
Sarah Higgins,friend,2021-08-23 21:31:24
Todd Novak,friend,2020-12-25 00:45:10
John Rogers,liked_you,2020-10-09 05:45:27
Justin Whitehead,friend,2021-05-12 06:48:09
Laura Thomas,liked_you,2020-11-01 08:28:06
Darlene Miller,liked_you,2020-09-16 03:18:56
Alexander Johnson,liked_you,2020-09-02 02:10:50
Maria Moore,friend,2021-01-04 01:49:52
Angela Harvey,liked_you,2021-11-06 21:04:06
Jennifer Rodriguez,liked_you,2021-10-06 16:09:29
Phillip Nelson,friend,2021-02-18 04:42:39
Samantha Newman,liked_you,2020-11-30 19:54:10
Ariel Powers DDS,liked_you,2021-01-15 03:31:19
Krista Reyes,friend,2021-09-26 21:00:20
Thomas Randolph,liked_you,2021-10-11 22:16:32
Judy Henderson,liked_you,2021-05-20 04:00:06
Collin Davila,liked_you,2021-10-14 21:53:22
Max Morales,liked_you,2020-11-09 08:56:03
Eric Black,friend,2020-08-23 08:17:11
Joshua Berry,friend,2021-03-07 00:33:17
Michelle Reyes,friend,2021-09-21 22:32:54
Jennifer Morris,friend,2020-10-21 14:21:05
Jeffrey Gonzalez,liked_you,2021-01-19 20:15:52
Derrick Sims,friend,2020-11-04 01:25:30
Paul Williams,liked_you,2021-09-10 07:19:53
Megan Mullins,friend,2021-05-04 03:42:56
Christopher Waters,friend,2021-10-18 18:40:20
David Colon,friend,2021-03-21 20:50:16
John Johnson,friend,2021-03-08 06:28:44
Lindsey Smith,friend,2020-09-10 07:31:00
Diane Novak,liked_you,2021-01-11 08:27:42
Megan Lopez,liked_you,2021-10-03 04:46:04
Jermaine Sanchez,liked_you,2021-12-12 20:56:03
Alan Allison,liked_you,2021-05-22 23:10:06
Timothy Cameron DVM,friend,2021-02-11 13:10:31
James Bailey,liked_you,2020-09-06 12:19:42
Scott Evans,friend,2020-10-26 20:55:53
Todd Hogan,liked_you,2020-06-24 17:13:09
Connie Hanson,friend,2021-04-04 23:44:50
Brendan Todd,liked_you,2021-09-17 12:44:37
Kevin Jennings,friend,2021-06-06 08:28:39
Shelby Lopez,friend,2020-10-17 18:30:44
Holly Herrera,liked_you,2021-12-15 12:47:14
Mr. Bryan Allen,friend,2020-08-16 23:05:11
Adam Thompson,friend,2020-05-20 20:31:26
Carla Thomas,friend,2020-10-09 05:00:08
Elizabeth Bradley,liked_you,2021-02-19 22:45:52
Jonathan Johnson,liked_you,2021-10-12 03:54:03
Kimberly Parker,friend,2021-07-26 00:24:51
Rebecca Heath,liked_you,2020-09-30 13:16:32
Susan Ross,friend,2021-11-17 17:50:36
Christopher Fuller,friend,2021-07-31 12:20:27
Debra Fernandez,liked_you,2020-12-28 03:44:14
Elijah Potts,liked_you,2020-10-15 13:49:25
Bridget Perry,liked_you,2020-09-13 02:03:06
Rebecca Huang,liked_you,2021-03-07 05:41:20
Patrick Jordan,liked_you,2021-06-12 19:29:25
Eugene Burton Jr.,liked_you,2021-03-21 06:03:20
Brian Murray,liked_you,2020-08-27 14:28:40
Karen Hoover,liked_you,2021-12-08 22:42:36
Nicholas Goodman,liked_you,2020-12-22 00:56:51
Louis Fisher,friend,2021-09-14 00:57:01
Courtney Gomez,liked_you,2021-02-12 05:14:20
Ariel Salinas,liked_you,2021-12-12 18:58:19
Samantha Wright,friend,2020-07-26 20:29:18
Richard Lester,friend,2020-11-07 07:14:11
Harold Williams,liked_you,2020-05-16 22:37:39
Michael Stokes,friend,2021-02-24 03:27:43
Nathan Ryan,friend,2021-10-19 20:20:51
Sean West,liked_you,2021-11-13 11:21:27
Cheryl Fox,liked_you,2020-06-08 06:25:41
Michael Lin,liked_you,2021-04-14 09:28:47
Toni Alvarado,friend,2021-09-24 20:57:50
Kelly Taylor,liked_you,2020-06-05 09:37:34
Richard Moore,friend,2021-03-31 23:25:11
Steven Wagner,liked_you,2021-08-13 18:57:11
Ronnie Lyons,liked_you,2021-12-03 03:22:34
Michael Evans,friend,2021-06-13 02:26:58
Dr. Willie Burgess,liked_you,2021-12-30 19:59:58
Dale Parker,friend,2021-12-15 08:00:38
Tina Smith,friend,2020-09-12 13:10:23
Steven Combs,liked_you,2021-04-25 11:24:13
Donald Jones,friend,2020-07-02 05:19:00
Kimberly Hill,friend,2020-07-25 18:29:16
Dalton Alvarez,liked_you,2020-11-23 08:52:29
Joseph Page,friend,2021-03-08 10:22:16
Debra Brown,friend,2020-12-04 16:50:30
Ivan Trevino,friend,2021-09-21 02:41:13
Katie Barber,friend,2021-05-25 09:45:58
Derrick Ewing,friend,2021-07-04 19:13:35
Nicole Mckay,liked_you,2021-08-26 04:59:08
Erika Romero,liked_you,2021-01-19 01:53:22
Cynthia Luna,liked_you,2021-08-28 08:20:08
Yolanda Smith,liked_you,2021-03-21 23:31:24
Clifford Robinson DDS,liked_you,2021-05-09 08:35:01
Jason Roberts,friend,2021-04-19 21:27:55
Chelsea Becker,liked_you,2021-04-12 23:57:48
Kimberly Davis,friend,2020-07-03 11:44:44
Joseph Taylor,liked_you,2021-10-17 11:53:30
Carolyn Hill,liked_you,2020-12-14 06:07:20
Cameron Boyd,friend,2020-06-10 15:43:12
Mrs. Lynn Roberts,friend,2020-10-11 00:51:56
Tami Campbell,liked_you,2021-02-21 14:29:54
Sharon Wright,liked_you,2021-08-09 00:10:20
Jason Horton,friend,2021-07-24 12:33:07
Stephen Romero,friend,2020-10-13 08:00:07
Raymond Young,liked_you,2021-08-23 09:49:05
James Ford,liked_you,2021-08-06 23:03:27
Jay Reid,friend,2020-07-30 20:37:35
Maxwell Stone,liked_you,2021-08-05 17:02:45
Anna Nguyen,liked_you,2021-11-22 16:01:12
Hannah Collier,liked_you,2020-09-27 02:52:04
Anthony Gallegos,liked_you,2021-01-06 11:41:13
Kenneth Olsen,friend,2021-01-14 16:00:04
George Cantrell,liked_you,2020-11-09 15:47:42
Susan Ross,liked_you,2021-06-10 04:00:31
Donna Tapia DVM,friend,2020-10-10 07:39:03
Benjamin Hicks,liked_you,2020-05-30 18:01:23
Christopher Trujillo,friend,2021-09-25 09:30:16
Rachel Ayers,liked_you,2021-10-01 00:00:14
Krystal Duke,liked_you,2021-04-21 21:31:44
Linda Livingston,friend,2021-01-30 19:39:45
Ryan Casey,liked_you,2020-12-31 22:47:07
Mr. Glen Sharp,liked_you,2021-11-09 12:35:36
Kelly Gilbert,friend,2021-06-22 00:40:55
Mr. Derek Baker Jr.,friend,2020-09-25 10:42:31
Jordan Gutierrez,friend,2020-05-27 23:14:46
David Elliott,liked_you,2020-05-23 05:51:16
Jared Jackson,friend,2021-10-02 07:37:24
Emily Adams,friend,2021-12-11 21:14:54
Christine Nelson,friend,2020-05-20 19:45:25
Randall Cortez,friend,2020-07-06 07:48:19
Mary Cobb,liked_you,2020-08-21 17:45:56
Matthew Lewis,friend,2021-12-21 11:46:39
Margaret Smith,friend,2020-04-26 19:51:46
Lee Rodriguez,friend,2020-07-20 05:22:51
Allison Marshall,liked_you,2020-10-23 06:51:34
Denise Lopez,liked_you,2020-10-01 04:06:50
Mary Fitzgerald,liked_you,2020-05-01 05:59:54
Olivia Bailey,liked_you,2020-11-08 09:08:35
Antonio Parsons,liked_you,2021-12-02 23:51:57
Matthew Mcmillan,friend,2021-04-15 04:26:38
Aaron Campbell,friend,2021-03-26 07:19:08
Nicole Gonzalez,friend,2020-07-25 18:54:20
Autumn Carlson,liked_you,2020-06-17 01:14:39
Betty Hayes,friend,2021-08-13 02:46:36
Mr. Travis Castro,liked_you,2020-11-14 23:05:34
Courtney Sanders,liked_you,2021-09-16 11:48:31
Kathy Rodriguez,friend,2021-07-31 01:42:51
Chad Juarez,friend,2020-11-29 03:48:16
John Hill,friend,2021-05-11 16:30:26
Billy Chambers,liked_you,2020-11-13 04:38:37
Anthony Rivera,friend,2021-05-14 18:04:47
Kevin Hunter,friend,2021-10-22 23:48:40
Lauren Sutton,liked_you,2021-07-23 10:21:22
David Bennett,friend,2020-10-19 15:43:56
Michele Garcia,liked_you,2021-06-15 12:51:45
Logan Sharp,friend,2021-10-24 08:06:26
Kenneth Farrell,liked_you,2020-05-21 16:39:46
Ana Johnson,liked_you,2021-06-29 12:14:21
Richard West,friend,2021-09-20 03:43:24
Jessica Brown,friend,2021-05-30 16:25:32
Jimmy Young,liked_you,2021-07-06 06:16:45
Jason Smith,friend,2021-07-30 15:25:49
Christine Sanchez,friend,2021-05-20 02:04:39
Terry Middleton,liked_you,2021-12-20 10:50:21
Terry James,liked_you,2021-08-09 04:47:42
Michelle Poole,liked_you,2020-10-30 10:27:59
Julia Gill,friend,2021-11-03 01:24:35
Patrick Hardin,liked_you,2020-06-28 09:12:35
Jon Herring,friend,2020-05-19 13:14:06
Tim Garcia,liked_you,2021-07-26 05:08:43
Sarah Lang,friend,2021-11-19 10:08:48
Erika Kane,friend,2020-08-29 18:34:15
James Watson,liked_you,2020-07-14 05:31:32
Brittney Ortega,liked_you,2021-11-30 23:18:27
Laura Lucas,friend,2020-11-07 07:06:55
James Love,friend,2021-02-02 01:47:42
Samuel Davis,friend,2021-05-24 13:20:47
Christopher Green,friend,2021-06-27 03:00:08
Bradley Salinas,liked_you,2020-06-19 00:50:02
Jessica Glenn,liked_you,2020-08-29 02:36:15
Sarah Stein,friend,2021-08-14 01:32:16
Kevin Buckley,liked_you,2020-10-08 23:34:39
Larry Stark,friend,2021-04-06 18:28:57
Scott Randall,friend,2021-03-16 17:55:25
Danielle Anderson,liked_you,2020-12-27 08:40:47
Jenna Wilson,friend,2021-09-16 08:46:36
Mitchell Bradley,friend,2021-02-23 23:33:24
Patrick Richardson,friend,2020-08-23 11:13:39
Sylvia Cruz,friend,2020-10-09 09:14:27
Jordan Stevens,friend,2021-09-20 15:46:14
Jason Patterson,liked_you,2021-10-17 18:11:18
Lindsey Romero,friend,2021-03-28 06:41:04
Jessica Martinez,friend,2020-12-01 17:47:57
Kevin Bruce,liked_you,2021-10-23 18:06:03
Allen Spence,liked_you,2020-09-08 09:52:50
Chad Owen,liked_you,2020-09-17 21:22:58
Rachel Taylor,friend,2021-03-07 20:11:19
Beverly Washington,friend,2020-11-01 19:08:11
Amber Wilson,friend,2020-07-02 14:40:47
Christopher Patterson,friend,2021-03-05 06:45:31
Anthony Reyes,liked_you,2020-05-07 14:32:22
Tiffany Mcbride DVM,liked_you,2021-06-12 22:31:59
Zachary Murphy,liked_you,2021-05-25 19:50:40
Kelsey Price,liked_you,2020-12-30 10:45:40
William Stone,liked_you,2021-05-01 13:12:04
Bobby Patterson,friend,2020-07-24 12:16:54
Mark Collins,friend,2020-05-14 20:04:45
Margaret Bennett,friend,2021-03-10 19:26:17
David Rhodes,liked_you,2020-06-27 21:46:30
William Santos,friend,2021-12-27 14:24:13
Tony Day,liked_you,2021-11-24 22:14:11
Benjamin Randolph,liked_you,2021-03-09 14:08:13
Amy Lee,friend,2021-03-08 22:21:30
Kristen King,friend,2021-03-07 07:59:15
Brooke Foley,liked_you,2021-01-30 03:05:34
Shannon Baker,friend,2021-12-01 00:09:36
Clifford Fisher,friend,2021-08-13 05:26:55
Erica Roberts,liked_you,2020-06-13 00:32:41
Monique Williams,friend,2021-12-19 16:22:01
Ernest Lewis,liked_you,2021-11-16 08:02:48
Sean Williams,liked_you,2021-08-01 20:19:06
David Mitchell,friend,2021-07-26 14:35:15
Laura Hardy,liked_you,2020-07-21 07:21:06
Alexis Harper,liked_you,2021-07-27 09:11:26
Monica Hunt,liked_you,2021-12-28 07:33:16
Brandi Hartman,friend,2020-11-24 12:37:22
Reginald Steele,friend,2020-08-16 23:24:15
Amber Fry,friend,2020-08-19 19:58:22
Joseph Chapman,friend,2020-08-20 22:42:31
Andrea Hernandez,liked_you,2020-05-14 09:29:24
Nicholas Klein,friend,2021-03-15 03:20:47
Amy Williams,liked_you,2020-07-02 23:20:59
Robin Lewis,friend,2021-06-20 12:22:08
John Perkins,liked_you,2021-02-23 13:22:23
Daniel Schmidt,liked_you,2021-02-10 23:18:33
Karen Garcia,liked_you,2021-12-21 18:26:51
Kevin Lee,liked_you,2020-12-31 12:44:32
Emily Osborne,liked_you,2020-12-25 11:53:47
Stephen Wolfe,friend,2020-09-07 16:00:37
Michael Oconnor,friend,2021-02-08 04:22:09
Jordan Stewart,friend,2020-06-20 15:56:35
Donna Harris,liked_you,2021-02-23 08:46:02
Joshua Marshall,friend,2021-03-05 15:12:57
Jessica Coleman,liked_you,2021-01-22 10:40:30
David Thomas,friend,2020-05-21 09:59:50
William Dunn,friend,2020-09-23 15:05:42
Penny Parker,friend,2021-12-25 17:26:27
Mariah Williams,friend,2020-09-28 10:25:26
Katelyn Blair,friend,2021-11-29 23:06:49
Jesse Stanley,liked_you,2021-09-05 17:19:48
Keith Montgomery,liked_you,2021-07-03 12:49:11
Brian West MD,liked_you,2021-01-09 23:55:09
Patricia Blair,friend,2021-12-28 07:08:03
Isaac Miller,friend,2021-10-06 15:32:11
Alicia Larson,liked_you,2020-05-08 11:07:38
Janice Blair,liked_you,2020-07-21 17:58:48
Thomas Campbell,liked_you,2020-12-02 17:11:26
Joshua Robinson,liked_you,2020-09-27 01:54:34
Keith Murphy,liked_you,2021-04-28 23:00:44
Jennifer Cordova,liked_you,2020-08-12 12:01:18
Deborah Whitaker,liked_you,2020-06-12 11:08:58
Cassandra Serrano,friend,2020-05-24 10:00:32
Wyatt Casey,friend,2021-05-07 09:31:01
Kelly Greene,liked_you,2021-10-22 19:33:54
Brittney Nelson,friend,2021-01-09 04:06:19
Michelle Khan,friend,2020-11-25 21:27:24
Kelly Watson,friend,2021-05-30 19:50:14
Susan Valenzuela MD,liked_you,2021-07-15 15:42:40
Christopher Jensen,friend,2021-02-04 20:39:52
Belinda Allen,friend,2020-07-30 02:59:12
Lydia Sandoval,liked_you,2021-04-22 09:45:39
Ronald Taylor,liked_you,2021-07-08 07:00:20
Brad Gordon,friend,2020-11-26 19:36:33
Cody Harrison,friend,2021-09-09 02:59:12
Patricia Baldwin,friend,2021-05-23 02:51:04
Michael Miller,friend,2020-11-20 15:54:07
Christopher Hernandez,liked_you,2021-10-11 16:05:14
Devin Johnson,friend,2021-01-01 10:14:56
Johnny Lewis,friend,2021-02-25 21:07:53
Lisa Charles,liked_you,2021-02-20 01:43:22
Bridget Smith,friend,2020-11-14 00:18:50
Ethan Martinez,liked_you,2021-03-31 22:05:55
Stephen Daniels,friend,2020-07-01 04:26:01
Peter Hines,liked_you,2021-09-18 08:50:48
Laurie Jones,friend,2020-10-08 10:05:14
Michael Turner,liked_you,2021-02-27 11:40:13
Tanya Jacobs,liked_you,2021-08-06 20:25:27
Jackie Pham,liked_you,2021-09-11 13:14:23
Dylan Booker,friend,2020-09-08 10:24:49
Julie Walker,friend,2021-10-18 09:13:36
Eric Kennedy,friend,2021-11-02 22:30:53
Vincent Miller,friend,2021-02-17 00:51:35
James Howell,liked_you,2020-05-13 03:16:35
John Pearson,friend,2021-02-17 08:24:55
Grace Becker,liked_you,2021-02-19 06:43:40
Dr. Sarah James MD,liked_you,2020-12-24 08:55:14
Antonio Horn,friend,2020-12-24 13:27:31
Kristy Stanley,friend,2021-06-10 05:51:29
Mary Cannon,friend,2020-07-11 08:24:05
Allison Moore,friend,2021-01-27 03:56:30
Brandy Dalton,friend,2021-10-27 05:40:30
Elizabeth Patterson DVM,friend,2021-03-02 08:23:00
Angela Gordon,liked_you,2020-09-24 12:02:52
Cathy Gutierrez,liked_you,2021-07-08 09:38:00
Danielle Smith,liked_you,2020-06-15 16:09:31
Kenneth Daniels,friend,2020-12-01 09:10:46
Kelli Garcia,liked_you,2021-01-27 13:20:16
Michael Wilson,liked_you,2021-09-16 02:30:02
Janet Walker,friend,2021-03-07 18:36:09
Glenn Hall,friend,2021-01-10 03:41:41
Timothy Morales MD,liked_you,2021-12-22 17:33:49
Alison Dennis,liked_you,2021-10-04 17:46:02
Timothy Griffin,friend,2020-09-16 16:07:15
Michael Cook,liked_you,2021-02-11 17:02:42
James Jackson,liked_you,2021-09-13 16:29:19
Michael Walker,friend,2021-06-15 21:42:30
Darlene Marsh,friend,2020-12-14 23:05:53
Shawn Black,liked_you,2021-02-02 08:07:11
Scott Johnson,liked_you,2021-08-26 11:53:23
Kaylee Boyd,liked_you,2021-08-18 09:43:18
Stephen Lee,friend,2020-07-15 13:46:52
Sean Marquez,liked_you,2021-02-11 19:01:58
William James,friend,2020-11-19 04:41:28
Justin Oneal,liked_you,2020-07-04 00:44:19
Terri Lindsey,friend,2021-01-04 10:01:01
Connor Chang,liked_you,2021-06-09 18:53:13
Sonya Johnson,liked_you,2020-11-10 01:02:38
Jessica Rivera DVM,friend,2021-02-08 07:39:03
Yolanda Valentine,friend,2020-11-08 22:06:57
Collin Wilson,friend,2021-04-03 23:15:01
Carl Lopez,friend,2020-05-22 12:53:25
Sheila Woods,friend,2021-03-12 10:14:00
Timothy Romero,friend,2020-12-11 00:55:45
Karen Nunez,friend,2020-10-04 08:28:14
Mrs. Tammy Booth,friend,2020-06-20 19:59:29
Emily Allen,liked_you,2020-12-12 09:15:23
Brian Hess,liked_you,2020-08-30 18:25:13
Julie Bates,liked_you,2020-06-03 04:22:19
Matthew Orozco,friend,2021-04-05 06:57:34
Brett Thompson,liked_you,2021-05-18 02:54:24
Linda Ray,friend,2020-06-15 02:04:31
Derek Wood,liked_you,2021-07-12 05:24:46
Richard Wright,friend,2020-11-21 01:38:53
Kathy Russo,friend,2021-12-17 22:30:40
John Bryant,friend,2021-04-05 15:01:36
Adam Sullivan,liked_you,2021-03-14 18:55:36
Heather Hendrix,friend,2021-10-15 08:29:21
Robert Raymond,liked_you,2020-06-19 15:45:14
Rachel Chandler,friend,2020-12-14 10:31:17
Deanna Walker,liked_you,2021-02-15 23:50:08
Justin Brandt,liked_you,2020-08-09 17:31:45
Taylor Nichols,liked_you,2021-04-22 05:30:11
Kimberly Weaver,liked_you,2021-07-11 19:23:38
Shawn Bennett,liked_you,2021-12-08 16:04:16
Justin Scott,friend,2020-06-23 09:23:42
Dr. Cheryl Martinez,friend,2020-10-09 07:58:28
William Clark,liked_you,2020-08-18 19:59:32
Michael Allen,liked_you,2021-10-13 05:03:00
Audrey Kelly,friend,2020-06-17 11:28:45
Patrick Hicks,liked_you,2021-03-27 20:24:42
Jamie Morales,liked_you,2021-05-22 19:59:10
Angela Estrada,liked_you,2021-03-11 03:26:15
Gary Pham,liked_you,2021-01-05 04:40:11
Amy Mercer,liked_you,2020-06-24 04:14:51
Barbara Robertson,friend,2021-03-30 17:49:41
Karen Brown,friend,2021-12-13 22:30:50
Michael Marquez,friend,2020-10-10 01:10:07
Courtney Davis,friend,2020-11-22 10:43:05
Chris Chapman,friend,2020-08-18 16:37:21
Jennifer Martinez,liked_you,2021-03-17 23:03:34
Melissa Valenzuela,liked_you,2020-12-11 22:38:35
Charles Humphrey,friend,2021-12-19 17:21:21
Karen Mills,friend,2020-07-23 11:30:47
Stacy Johnson,liked_you,2021-04-18 06:12:01
Curtis Perez,friend,2021-03-16 10:51:46
Jordan Rangel,liked_you,2021-12-29 10:05:03
Jamie Garza,friend,2021-12-20 02:55:52
Michelle Rogers,friend,2021-07-24 01:04:22
Kara Cole,liked_you,2021-08-01 06:03:12
Sean Anderson,friend,2021-08-31 08:51:03
Kristine Rojas,friend,2020-07-04 12:08:18
Corey Wood,friend,2020-12-16 01:43:00
Patrick Fox,friend,2021-12-21 01:51:04
Keith Wolfe,friend,2020-09-03 17:08:57
Desiree Stevenson,liked_you,2021-09-26 14:06:05
Teresa Tate,friend,2021-04-24 11:38:17
Loretta Conway,friend,2021-09-17 07:05:54
Susan Reed,friend,2020-08-04 02:46:16
Kari Hunt,friend,2021-05-18 01:20:51
Mia Green,friend,2021-05-24 19:14:23
Zachary Green,liked_you,2021-04-26 17:09:24
Jonathan Kennedy,friend,2020-09-12 14:50:04
Alyssa Ray,liked_you,2020-10-21 16:49:18
Julie Miller,liked_you,2020-12-09 00:00:58
Timothy Smith,liked_you,2021-07-24 23:25:00
Matthew Marshall,liked_you,2021-07-15 03:05:13
Eileen Lynch,friend,2020-10-17 06:40:55
Shelly Morgan,friend,2020-05-06 07:21:44
Robert Roman,liked_you,2021-10-24 15:19:24
Michele Mora DDS,friend,2020-11-18 02:07:16
Michael Walton,liked_you,2020-04-30 18:04:33
Zachary Johnson,friend,2021-11-15 01:35:17
Christopher Odonnell,friend,2021-01-03 07:03:31
Jennifer Gomez,friend,2021-02-25 16:12:55
John Stone MD,friend,2021-05-28 09:56:20
Brent Richards,friend,2021-10-06 11:55:11
Abigail Flores,friend,2021-02-26 14:03:28
Tonya Villanueva,liked_you,2021-05-02 15:13:11
Tina Freeman,liked_you,2021-03-07 19:03:54
Terri Walker,friend,2021-12-10 18:42:47
Dr. Lisa Mccoy,liked_you,2021-10-06 07:04:46
Nichole Garrett,liked_you,2021-01-09 06:22:03
Stephanie Nguyen,liked_you,2021-07-02 15:44:11
Lori Anderson,liked_you,2021-03-12 21:18:08
Mary Bush,friend,2020-11-30 18:14:47
Bridget Rivera,liked_you,2021-05-08 05:33:44
John Pittman,liked_you,2021-04-15 21:50:02
Sean Burch,liked_you,2021-10-22 10:28:26
Sandra Frank,liked_you,2021-04-06 21:34:39
Jason Wiggins,friend,2021-03-20 06:17:41
Joseph Mathews,friend,2021-01-15 05:37:41
Mike Murphy,liked_you,2021-11-09 23:48:05
Diane Owen,friend,2020-07-13 05:34:53
Nicholas Martin,liked_you,2021-01-16 02:04:17
Gina Williams,friend,2020-09-07 01:29:21
Dylan Garcia,liked_you,2020-09-15 10:08:04
James Johnson,liked_you,2021-08-19 18:06:07
Heather Wood,liked_you,2021-07-02 03:56:08
Lynn Hammond,liked_you,2021-02-06 15:46:58
David Lam,friend,2021-11-30 21:22:48
Maria Harris,liked_you,2020-05-06 02:14:20
Katherine Graham,friend,2020-11-01 08:18:19
Brian Wu,friend,2021-07-09 16:11:21
Rose Suarez,liked_you,2021-12-25 02:41:33
Michael Rogers,friend,2020-06-24 18:47:20
Christine Benson,liked_you,2020-10-01 19:40:12
John Gutierrez,liked_you,2020-09-20 09:56:24
Carol Pham,liked_you,2021-12-28 18:22:20
Alexander Davis,friend,2020-04-30 07:42:30
Randall Cruz,liked_you,2021-06-05 03:56:10
Traci Sampson,friend,2021-07-15 06:09:53
Mark Smith,liked_you,2020-05-05 15:00:14
Stacey Pugh,liked_you,2021-06-13 08:59:25
Joseph Weber,friend,2021-12-13 20:19:16
Peggy Perez,liked_you,2021-03-02 16:12:39
Mr. Mark Jackson,liked_you,2021-04-03 23:01:05
Christina Gordon,liked_you,2020-10-18 22:34:44
Mark Bernard,liked_you,2021-09-13 16:51:17
Steven Anderson,friend,2020-10-13 02:27:51
Steven Adkins MD,friend,2020-06-09 04:42:06
Krista York,liked_you,2021-06-16 10:22:21
Jeremy Gutierrez,liked_you,2021-06-19 06:07:30
Cheryl Martinez,liked_you,2021-07-05 13:36:06
Mariah Nelson,liked_you,2021-05-11 11:27:27
John Jones,liked_you,2020-09-04 09:31:05
Lauren Oliver,liked_you,2020-09-26 19:37:53
Kevin Johnson,friend,2020-12-20 09:10:05
Philip Vasquez,liked_you,2021-08-12 21:04:37
Melissa Morrison,liked_you,2021-01-04 06:45:06
Stephanie Schwartz,liked_you,2021-04-04 17:10:30
Kristin Evans,liked_you,2021-02-09 01:45:57
Timothy Cruz MD,friend,2021-09-25 03:01:53
Carol Wilson,liked_you,2021-06-03 22:38:18
Timothy Clark,friend,2021-08-19 08:22:32
Jeffery Duncan,friend,2020-06-13 04:49:06
Susan Rodriguez,liked_you,2021-10-24 18:40:31
Adrian Olsen,friend,2020-11-13 07:32:00
Thomas King,friend,2020-11-28 04:31:08
Karen Jones,liked_you,2021-04-14 21:25:09
Rachel Bruce,friend,2021-11-16 15:53:12
Mark Carson,friend,2020-06-01 13:18:49
Mr. Jesse Brown IV,friend,2021-03-17 00:57:30
Gregg Wallace,liked_you,2021-05-05 04:59:12
Brian Cobb,friend,2021-11-13 15:24:16
Molly Kaufman,liked_you,2021-06-26 04:58:01
Jessica Allen,friend,2021-09-11 03:04:16
Dawn Ramos,friend,2020-05-20 19:34:32
Larry Green,liked_you,2021-02-07 09:12:23
Angel Rosario,liked_you,2021-12-16 10:24:00
Sarah Joseph,friend,2021-09-19 09:30:41
Lisa Carter,liked_you,2020-08-18 14:15:51
Andre Smith,friend,2020-08-21 03:11:34
Adam Hanson,friend,2020-05-01 17:55:14
Nicole Powers,liked_you,2020-08-22 14:48:37
Megan Gay,liked_you,2021-10-28 17:47:59
Richard Conley,liked_you,2021-08-29 20:26:30
Kristina Fields,friend,2021-02-25 14:11:34
Carl Riggs,liked_you,2020-12-12 12:59:02
Gabriel Day,liked_you,2020-10-16 04:17:54
Tommy Hogan,liked_you,2021-04-16 01:35:06
Zachary Lynch,liked_you,2021-06-13 01:37:12
Aaron Friedman,friend,2021-08-19 21:23:00
Emma Hood,liked_you,2020-10-30 17:12:02
Theresa Thompson,friend,2021-05-29 05:11:02
Dana King,friend,2021-10-07 17:57:31
Kendra Rice,friend,2021-05-15 18:16:17
Derek Carpenter,friend,2021-10-26 09:16:56
Stephen Warren,liked_you,2020-09-29 09:50:27
Frances Jordan,friend,2020-12-22 15:30:55
Jacob Byrd,friend,2020-10-28 04:32:09
Megan Allen,liked_you,2021-03-20 13:24:27
Terry Chan,friend,2021-12-14 11:06:45
Jack Simmons,friend,2021-09-03 11:32:02
Dennis Webster,liked_you,2021-12-01 13:14:43
Lauren Hanna,liked_you,2021-11-22 09:58:54
Christina Cooper,friend,2021-01-17 16:58:30
Sheila Day,liked_you,2020-07-19 22:58:29
David Blankenship,friend,2021-09-21 22:39:30
Edward Wright,liked_you,2021-08-15 02:41:27
Ricardo Diaz,friend,2020-05-10 11:59:00
Justin Marshall,friend,2020-06-26 06:48:18
Cheryl Green,friend,2021-04-24 10:08:52
William Rosales,liked_you,2020-10-19 15:19:04
Cameron Mcguire,friend,2020-06-10 06:12:00
Ronald Carter,friend,2021-08-13 05:15:54
Donald Taylor,friend,2021-04-18 18:15:08
Rose Brown,friend,2021-02-21 07:10:13
Joshua Lee,liked_you,2021-10-06 02:24:27
Pamela Rasmussen,friend,2021-12-10 05:51:17
Jeff Kim,liked_you,2020-05-26 22:33:41
Crystal Lopez,liked_you,2020-11-02 13:30:01
Miss Angela Hancock,friend,2021-10-18 22:19:56
Richard Coleman,liked_you,2020-11-24 01:10:26
Katie Allen,liked_you,2021-08-15 23:26:12
Virginia Webb,liked_you,2021-08-24 08:42:07
Connie Davila,liked_you,2021-09-23 17:12:52
Damon Rodriguez,friend,2020-08-01 04:40:46
Joyce Crawford,liked_you,2021-02-21 14:23:34
Chad Gonzalez,liked_you,2021-09-22 01:02:35
Gina Moody,friend,2020-10-03 17:40:53
Leslie Smith,liked_you,2020-11-12 00:33:31
Alan Ruiz,friend,2020-07-08 07:08:17
Michael Wagner,liked_you,2021-06-18 12:40:18
Justin Simmons,friend,2020-08-25 07:24:43
Grant Olson,liked_you,2020-06-17 04:46:43
Stephanie Wilson,friend,2021-09-24 20:34:29
Melissa Anderson,liked_you,2021-04-15 02:49:01
Donald Carr,friend,2020-07-18 17:20:09
Kimberly Martinez,liked_you,2020-12-02 07:41:26
Michelle Brown,friend,2021-02-25 22:56:31
Alexis Medina,liked_you,2020-05-03 06:52:20
Kevin Fowler,liked_you,2020-06-06 17:14:29
Amanda Smith,friend,2021-08-25 20:57:44
Casey Carson,friend,2020-12-09 16:59:01
Shawn Long,liked_you,2021-12-01 15:09:45
James Brady,friend,2020-08-26 08:07:38
Mary Herrera,liked_you,2021-04-20 06:22:36
Bruce Roberts,liked_you,2020-08-06 08:32:55
Richard Mills,liked_you,2021-08-15 21:00:00
Jennifer Taylor,liked_you,2020-06-09 14:25:25
William Hernandez,liked_you,2020-08-30 11:38:44
Benjamin Ross,liked_you,2020-07-26 23:49:57
Mr. Andrew Blanchard DDS,friend,2021-04-01 09:28:57
Jennifer Munoz,friend,2020-07-12 00:03:25
Brittany Calderon,liked_you,2020-10-15 12:14:27
Stefanie Johnston,friend,2020-10-11 09:03:32
Kathleen Morgan,liked_you,2020-10-19 11:27:28
Richard Harris,friend,2021-07-08 11:10:21
Joseph Taylor,friend,2021-12-07 11:13:08
Miranda Mendez,friend,2020-12-05 10:45:38
Jasmine Andrews DDS,liked_you,2021-05-06 13:51:39
Jason Winters,friend,2021-09-26 23:33:48
Chad Garcia,friend,2021-09-27 23:57:30
Lisa Bennett,friend,2020-08-24 11:21:54
Robert Wells,friend,2020-10-08 23:34:49
Timothy Phelps,liked_you,2021-08-19 22:08:20
Jeffery Harvey,liked_you,2021-11-20 19:32:12
Cynthia Williams,liked_you,2021-11-29 16:00:05
Christopher Richardson,liked_you,2021-01-08 12:14:34
Melanie Sanchez,liked_you,2021-10-06 23:21:37
Kristen Haynes,friend,2020-06-08 10:21:50
Jessica Romero,liked_you,2021-02-15 11:00:26
Sheila Jones,liked_you,2020-06-02 13:39:16
John Miller,friend,2021-04-07 05:43:32
Hannah Garcia,liked_you,2020-05-12 14:51:36
Susan Castillo,liked_you,2021-11-30 12:56:24
Andrew Rice,liked_you,2020-11-08 22:05:30
Raymond Gould,friend,2021-11-02 09:26:46
James Blackburn,liked_you,2021-05-13 04:00:09
Mary Anderson,friend,2020-08-27 23:19:44
Douglas Brown,liked_you,2020-08-30 04:13:18
Jerome Gregory,friend,2021-08-23 01:49:33
James Lee,liked_you,2021-12-09 17:35:32
Kelly Lewis,friend,2020-12-15 15:08:38
