Reported type,Reason,Reported at
user,no_face,2020-05-20 17:36:46
app,insulting,2020-09-23 04:09:25
app,no_face,2021-06-05 11:11:21
user,no_face,2020-12-27 04:17:31
user,insulting,2020-09-08 16:05:35
app,no_face,2021-09-07 08:15:47
user,no_face,2021-07-30 11:18:39
user,no_face,2021-08-02 16:01:28
user,no_face,2021-06-17 19:42:30
app,insulting,2021-06-21 17:37:52
user,no_face,2021-09-20 08:50:21
user,no_face,2020-09-11 15:19:16
app,no_face,2021-07-12 10:55:23
app,no_face,2020-12-22 03:57:18
user,no_face,2020-12-20 15:50:00
app,no_face,2021-02-01 17:59:34
app,insulting,2021-07-13 12:10:20
app,no_face,2020-10-28 02:16:57
user,insulting,2021-06-15 20:59:57
app,insulting,2021-11-24 07:51:58
user,insulting,2021-07-09 21:29:26
app,no_face,2021-05-01 10:58:36
user,insulting,2020-05-02 14:11:09
app,no_face,2020-04-27 04:49:58
app,insulting,2020-11-27 16:14:14
user,insulting,2020-04-26 15:53:45
app,insulting,2021-11-28 17:05:09
user,no_face,2020-07-23 02:25:21
app,no_face,2021-05-01 04:54:51
app,insulting,2020-12-27 18:13:55
app,no_face,2020-05-28 06:14:06
user,no_face,2021-01-16 14:56:25
app,insulting,2021-11-30 09:03:15
app,insulting,2021-07-04 12:04:29
user,insulting,2021-07-12 02:39:27
user,no_face,2021-03-20 06:35:42
app,no_face,2020-11-19 22:32:50
user,insulting,2021-12-13 00:54:22
user,no_face,2021-04-10 10:15:22
app,no_face,2020-10-05 17:44:12
user,insulting,2020-06-20 06:52:03
app,no_face,2021-12-17 03:23:41
app,insulting,2021-11-26 05:54:47
user,no_face,2021-06-09 09:26:13
app,insulting,2020-10-27 16:24:32
user,no_face,2020-12-25 19:43:33
app,insulting,2021-07-29 22:14:33
app,no_face,2020-04-28 03:24:34
app,insulting,2020-07-24 06:42:50
app,insulting,2021-11-23 17:33:16
app,no_face,2020-11-21 18:35:53
user,no_face,2021-11-17 11:45:16
user,no_face,2021-11-13 16:04:37
user,no_face,2020-07-17 06:38:18
app,no_face,2020-08-12 02:06:01
app,insulting,2021-08-10 21:09:37
app,insulting,2020-06-02 05:27:31
user,no_face,2020-10-15 04:10:16
app,no_face,2021-07-07 10:57:03
user,no_face,2021-06-10 11:41:34
app,insulting,2021-02-21 07:44:02
app,no_face,2021-01-14 10:41:35
app,insulting,2020-08-14 13:05:05
app,insulting,2021-09-17 11:35:21
app,no_face,2020-07-31 20:17:14
user,insulting,2020-12-01 10:54:47
app,insulting,2020-12-31 02:11:47
user,no_face,2021-04-14 21:09:31
app,no_face,2020-07-25 01:55:01
user,insulting,2021-03-23 22:39:14
app,insulting,2021-04-11 23:59:03
user,insulting,2021-06-06 17:56:12
app,no_face,2021-07-26 07:43:17
user,no_face,2020-04-25 00:26:18
app,no_face,2021-08-19 06:32:46
user,no_face,2021-03-28 10:28:09
user,no_face,2020-09-13 22:13:16
user,insulting,2020-12-19 11:30:22
app,no_face,2020-09-04 19:42:09
app,insulting,2020-07-31 09:05:20
app,no_face,2020-07-12 18:02:46
user,no_face,2021-09-10 09:26:17
user,no_face,2021-01-31 17:58:53
app,no_face,2020-06-17 09:03:28
app,insulting,2020-12-24 13:23:20
app,insulting,2021-08-19 07:27:49
app,no_face,2020-05-19 10:56:48
app,no_face,2021-11-09 18:01:51
user,no_face,2021-10-18 06:46:48
user,insulting,2020-09-02 19:29:50
user,no_face,2020-12-05 08:23:56
user,insulting,2020-10-17 01:26:19
app,no_face,2021-10-17 23:39:30
app,no_face,2020-12-15 04:30:34
user,no_face,2021-01-03 19:58:09
user,insulting,2020-12-17 13:50:29
app,no_face,2021-10-02 02:39:25
app,no_face,2021-01-12 11:16:15
app,no_face,2020-10-16 01:56:57
app,no_face,2020-11-23 16:31:08
app,no_face,2021-12-05 05:28:52
user,no_face,2021-11-25 08:51:56
app,no_face,2020-09-20 18:25:11
user,no_face,2021-02-10 19:02:35
user,insulting,2021-04-28 14:28:43
app,insulting,2021-09-04 14:16:29
app,insulting,2021-03-29 10:50:23
app,no_face,2021-10-10 02:00:12
user,insulting,2020-11-26 16:39:16
user,insulting,2021-08-07 21:39:51
user,insulting,2021-01-11 00:14:30
app,insulting,2021-03-12 14:00:48
app,insulting,2020-06-03 05:51:51
app,insulting,2021-04-25 03:24:23
user,insulting,2020-05-25 17:58:09
app,insulting,2021-02-25 10:18:20
app,no_face,2021-11-11 13:39:32
user,insulting,2021-03-19 22:12:12
user,insulting,2021-03-20 00:18:39
app,insulting,2021-10-27 14:48:34
user,no_face,2021-02-08 05:24:15
user,insulting,2021-07-03 07:49:06
user,no_face,2021-08-10 14:17:25
app,insulting,2020-11-12 15:10:50
app,insulting,2021-10-31 17:56:05
app,insulting,2020-09-15 01:09:42
user,no_face,2020-07-09 14:29:34
user,insulting,2020-08-08 07:45:24
app,no_face,2020-12-01 10:53:26
user,no_face,2020-05-07 13:51:35
user,insulting,2021-01-18 04:19:48
app,insulting,2020-05-15 05:00:07
app,no_face,2021-07-18 09:46:56
user,insulting,2021-10-01 17:06:08
app,no_face,2021-06-14 07:34:11
user,insulting,2020-05-24 06:37:59
app,insulting,2020-12-04 17:20:38
app,no_face,2021-11-05 04:00:36
user,insulting,2020-07-23 10:41:10
app,no_face,2021-02-26 15:25:08
user,insulting,2021-10-28 05:13:55
app,insulting,2021-01-03 03:06:42
app,no_face,2021-09-11 06:05:29
user,no_face,2020-09-24 17:31:12
user,no_face,2021-03-22 08:09:04
app,no_face,2021-07-17 20:34:29
user,insulting,2020-11-29 03:47:26
app,no_face,2020-11-04 03:09:42
app,no_face,2020-09-01 13:21:28
app,no_face,2021-05-09 20:39:05
app,no_face,2021-04-04 07:20:49
app,no_face,2020-05-18 03:50:40
app,insulting,2020-11-15 06:45:55
app,insulting,2021-07-02 02:53:32
app,insulting,2020-08-13 12:44:45
app,no_face,2021-06-17 03:00:33
app,insulting,2021-04-30 12:39:03
user,no_face,2021-12-01 00:06:21
app,insulting,2021-02-25 04:13:46
user,insulting,2021-09-18 15:25:47
user,no_face,2021-06-28 21:50:46
user,insulting,2021-01-18 05:56:36
app,insulting,2021-02-02 04:39:33
user,insulting,2020-06-13 12:29:59
app,no_face,2020-06-08 16:05:35
app,no_face,2021-09-07 11:11:05
user,insulting,2021-12-22 09:49:28
user,insulting,2021-09-16 16:32:29
app,insulting,2021-11-23 17:53:24
user,no_face,2020-05-18 00:27:59
user,insulting,2020-11-26 08:16:52
user,insulting,2020-09-17 19:27:01
user,no_face,2021-01-29 03:28:16
app,insulting,2021-10-07 00:52:10
user,insulting,2020-06-26 09:43:49
user,insulting,2020-06-01 14:39:15
user,insulting,2020-09-20 23:16:41
user,no_face,2021-01-09 11:21:01
app,no_face,2021-12-07 00:07:30
app,insulting,2020-05-09 03:38:36
app,insulting,2020-07-06 00:54:18
user,insulting,2020-04-29 02:43:28
user,no_face,2020-06-17 21:44:16
app,no_face,2021-03-16 19:42:51
user,insulting,2020-06-04 19:59:58
app,no_face,2020-08-14 04:17:32
app,no_face,2021-04-04 17:26:56
app,insulting,2021-11-17 21:20:39
app,no_face,2020-08-01 21:26:40
app,no_face,2021-07-02 10:45:48
app,no_face,2020-07-11 07:52:15
app,insulting,2020-06-24 06:18:06
user,no_face,2021-09-28 17:49:24
app,no_face,2020-11-16 09:04:26
user,no_face,2020-08-09 02:30:29
app,insulting,2021-11-06 06:24:49
app,no_face,2021-01-27 23:15:41
user,no_face,2020-12-11 05:50:17
user,insulting,2021-08-18 05:10:54
app,no_face,2021-11-18 17:52:09
user,no_face,2020-09-13 01:03:46
user,insulting,2020-12-23 18:44:35
user,no_face,2021-04-28 19:25:22
user,no_face,2021-01-10 15:29:12
app,no_face,2021-05-26 09:33:23
user,no_face,2020-05-22 11:34:57
app,insulting,2020-05-03 00:11:19
user,no_face,2021-09-14 03:37:11
app,no_face,2021-06-25 00:25:05
app,no_face,2020-11-11 10:20:24
user,no_face,2021-08-25 09:45:36
user,no_face,2021-01-25 17:20:49
user,insulting,2021-09-11 07:40:55
user,insulting,2020-11-01 18:22:55
user,no_face,2020-05-17 13:08:49
user,insulting,2021-02-20 05:10:37
user,no_face,2021-12-20 22:05:50
app,insulting,2020-11-22 16:09:03
user,insulting,2020-07-01 15:49:58
user,insulting,2021-07-08 23:24:38
user,insulting,2020-09-16 17:38:15
app,no_face,2021-06-02 23:29:27
user,no_face,2021-01-17 08:08:37
user,no_face,2020-05-12 03:17:40
app,no_face,2021-01-21 10:14:34
app,insulting,2020-06-26 18:27:47
user,insulting,2020-08-06 10:14:43
user,insulting,2020-09-07 03:56:53
user,no_face,2021-02-05 10:40:03
user,no_face,2021-07-03 05:04:58
app,insulting,2021-12-07 20:12:43
app,insulting,2021-11-23 18:31:56
app,insulting,2021-06-11 03:47:02
user,no_face,2021-04-03 22:32:45
app,insulting,2020-08-23 21:35:04
user,no_face,2021-02-27 02:07:29
user,insulting,2021-05-07 21:58:29
user,no_face,2021-01-01 14:25:15
app,insulting,2020-08-23 06:08:12
user,insulting,2021-06-27 15:47:32
app,insulting,2020-11-17 06:46:31
app,no_face,2020-07-12 06:08:57
app,no_face,2020-11-20 06:42:18
app,insulting,2021-01-24 15:36:11
app,insulting,2020-09-09 01:03:16
app,no_face,2021-08-06 01:18:46
app,insulting,2021-12-12 16:58:23
user,no_face,2020-08-29 12:47:09
app,insulting,2020-08-13 05:30:43
app,insulting,2021-04-17 21:29:33
app,no_face,2021-06-23 10:59:51
user,no_face,2021-02-27 14:23:52
app,no_face,2021-03-10 14:32:12
app,insulting,2020-11-12 02:44:23
user,no_face,2020-12-14 14:28:41
user,no_face,2020-11-15 06:59:06
app,insulting,2020-09-02 18:52:14
user,no_face,2020-05-25 02:34:15
user,insulting,2021-02-27 03:37:29
app,insulting,2021-08-01 13:39:56
user,insulting,2021-04-24 23:27:15
app,no_face,2021-06-23 17:34:04
user,no_face,2021-06-25 00:35:13
app,insulting,2020-10-05 23:02:01
user,insulting,2020-05-02 12:38:36
app,no_face,2021-01-18 22:54:09
user,insulting,2020-07-12 22:32:36
user,no_face,2020-09-28 10:12:44
app,no_face,2020-08-20 03:09:10
app,no_face,2021-10-01 15:49:01
app,insulting,2021-07-26 16:37:53
user,no_face,2021-07-27 06:20:05
user,insulting,2021-11-26 20:45:19
app,no_face,2020-11-24 13:54:03
app,no_face,2021-06-16 19:28:54
user,insulting,2021-06-15 03:18:12
app,no_face,2021-06-24 22:09:57
app,insulting,2021-12-29 07:11:31
user,insulting,2021-01-09 00:22:35
user,insulting,2021-05-30 04:34:45
user,no_face,2020-05-23 19:03:48
user,no_face,2021-11-15 23:02:24
app,no_face,2021-11-30 08:44:40
user,no_face,2021-11-30 12:31:36
app,insulting,2020-12-15 20:41:25
user,no_face,2021-05-29 03:44:17
user,insulting,2020-08-24 07:01:55
app,no_face,2021-09-03 00:15:32
app,no_face,2020-09-04 16:37:05
app,insulting,2020-10-21 05:03:26
app,no_face,2020-05-05 04:29:16
user,no_face,2020-09-02 01:14:43
user,no_face,2020-11-21 19:57:57
app,insulting,2021-04-01 08:25:57
app,insulting,2021-07-21 10:05:20
user,insulting,2020-09-02 05:58:04
app,no_face,2020-04-25 00:28:41
user,no_face,2020-06-11 11:26:59
user,no_face,2021-04-13 00:54:49
app,no_face,2021-11-28 23:12:39
user,no_face,2021-06-22 17:09:44
user,no_face,2021-10-23 09:29:43
app,no_face,2021-12-26 07:20:27
user,insulting,2021-11-19 05:35:15
app,no_face,2021-09-18 17:52:05
app,insulting,2020-08-13 18:23:59
app,no_face,2020-06-11 04:16:52
user,insulting,2021-07-20 17:18:55
user,insulting,2021-03-07 22:11:40
app,insulting,2021-04-05 11:09:09
user,no_face,2020-04-27 02:52:07
app,insulting,2021-04-11 18:40:42
user,no_face,2021-08-18 12:16:49
app,insulting,2021-05-30 00:39:08
app,no_face,2020-11-03 03:35:23
user,no_face,2021-10-25 11:25:56
user,no_face,2020-06-19 16:34:14
user,no_face,2020-08-03 01:45:13
user,no_face,2021-08-08 13:00:24
app,insulting,2021-01-23 20:15:29
app,insulting,2020-12-27 09:22:09
user,insulting,2020-12-01 09:57:30
user,no_face,2021-12-24 20:58:02
user,no_face,2021-05-05 19:48:45
app,insulting,2021-07-12 06:20:16
user,no_face,2021-01-08 14:03:30
user,insulting,2021-12-18 17:10:37
app,insulting,2021-10-14 11:00:52
app,insulting,2021-02-12 05:27:27
app,no_face,2021-07-14 08:10:06
app,no_face,2020-12-30 01:12:03
app,no_face,2021-08-15 05:50:53
user,insulting,2020-09-27 17:48:49
user,insulting,2021-04-05 03:52:16
user,no_face,2020-11-22 15:16:36
user,insulting,2020-07-30 00:52:10
user,no_face,2021-10-21 05:45:20
user,no_face,2021-01-08 16:34:07
user,no_face,2020-07-30 08:22:16
app,insulting,2021-07-10 09:02:15
app,insulting,2020-11-09 11:22:07
app,no_face,2021-06-09 12:04:46
app,insulting,2021-06-08 14:17:34
app,insulting,2020-05-02 13:51:21
user,insulting,2021-12-05 16:41:21
user,insulting,2021-06-21 13:19:53
user,insulting,2020-05-07 20:09:34
user,insulting,2021-11-30 00:44:18
app,no_face,2020-12-12 10:14:05
app,no_face,2021-07-04 04:51:42
user,insulting,2020-04-24 14:37:09
user,no_face,2021-04-28 23:50:42
app,no_face,2021-12-06 20:26:50
user,insulting,2021-07-14 19:57:12
user,insulting,2021-04-11 19:46:34
user,no_face,2020-06-09 07:19:06
app,no_face,2021-04-10 22:31:02
app,no_face,2021-05-13 19:17:09
app,no_face,2021-08-10 12:11:03
app,insulting,2020-06-22 04:23:56
user,insulting,2020-07-24 14:35:55
app,insulting,2021-07-15 10:07:51
app,no_face,2021-04-17 19:41:55
user,insulting,2021-07-30 15:11:26
user,no_face,2021-08-13 06:11:24
app,no_face,2020-10-31 07:46:12
app,insulting,2021-09-11 19:45:37
user,no_face,2021-09-24 20:42:25
app,insulting,2020-06-30 21:49:11
user,insulting,2020-06-01 01:46:30
app,insulting,2021-10-04 15:17:53
app,no_face,2020-09-07 03:27:18
user,insulting,2021-03-13 08:49:06
app,no_face,2020-09-28 20:03:29
user,no_face,2021-05-23 10:21:48
app,insulting,2020-05-14 00:17:20
user,no_face,2020-11-11 20:58:28
app,no_face,2020-07-19 07:35:47
app,no_face,2020-11-14 02:42:41
app,insulting,2021-05-17 22:44:15
app,insulting,2021-10-01 08:17:00
user,insulting,2020-08-04 05:37:11
app,no_face,2020-09-28 21:07:23
user,no_face,2021-06-01 18:18:36
user,no_face,2020-08-18 22:54:26
app,no_face,2020-07-17 23:30:05
user,no_face,2021-12-02 12:40:22
user,insulting,2021-01-26 05:33:29
user,insulting,2021-11-29 04:58:24
user,insulting,2021-01-17 18:48:58
app,no_face,2021-12-10 20:10:36
app,no_face,2020-10-05 00:40:40
user,no_face,2021-08-27 15:55:28
app,insulting,2021-05-07 21:46:17
user,insulting,2021-04-19 01:13:20
app,insulting,2020-10-30 23:32:15
user,no_face,2020-12-18 11:48:39
user,insulting,2021-01-12 20:55:08
app,no_face,2021-10-26 15:46:44
app,insulting,2021-10-02 21:07:32
user,no_face,2021-03-21 04:47:51
user,no_face,2020-12-14 11:51:08
user,insulting,2021-01-30 16:52:50
user,no_face,2020-07-10 02:21:13
user,insulting,2020-06-20 12:46:43
user,no_face,2021-02-03 04:31:32
user,insulting,2020-11-05 03:44:36
user,insulting,2021-12-29 01:31:05
user,no_face,2020-11-19 18:36:09
app,no_face,2021-03-17 22:10:05
app,insulting,2021-08-08 14:59:13
app,no_face,2021-08-29 12:20:13
app,insulting,2021-03-13 12:03:16
user,no_face,2021-12-23 11:32:09
user,insulting,2021-02-07 11:17:00
user,insulting,2021-01-15 12:52:28
app,no_face,2020-06-12 18:00:48
user,no_face,2020-12-14 23:34:31
app,no_face,2021-01-01 16:46:44
user,no_face,2021-10-24 12:13:46
app,no_face,2020-05-09 21:25:56
user,no_face,2020-12-09 06:57:55
app,no_face,2020-07-21 14:35:01
user,insulting,2020-10-23 17:42:13
user,no_face,2020-08-10 09:55:57
app,insulting,2021-08-07 11:42:20
app,insulting,2020-09-14 19:22:37
app,insulting,2020-04-22 17:44:13
user,insulting,2020-09-19 17:34:32
user,no_face,2021-10-31 08:19:14
user,insulting,2020-11-13 13:36:41
user,no_face,2021-01-17 03:14:45
user,no_face,2021-09-03 07:45:11
user,insulting,2021-10-15 18:45:57
app,insulting,2021-08-01 14:50:59
user,insulting,2021-05-11 14:47:06
app,no_face,2021-10-17 07:41:19
app,no_face,2020-10-26 06:49:00
user,insulting,2021-09-19 21:37:01
app,no_face,2021-01-22 07:19:30
app,no_face,2021-01-04 07:17:11
app,no_face,2021-04-08 14:59:32
app,no_face,2021-12-10 07:18:43
app,no_face,2021-01-13 19:27:31
app,no_face,2020-05-24 07:04:05
user,insulting,2021-08-09 02:20:14
app,insulting,2020-10-11 13:11:46
app,no_face,2020-08-05 03:52:54
user,no_face,2021-08-08 11:55:46
user,no_face,2020-07-22 13:38:02
app,no_face,2021-03-20 15:06:48
user,no_face,2021-06-17 10:24:49
app,insulting,2020-11-10 02:21:09
user,no_face,2021-08-13 12:38:00
user,insulting,2020-06-20 21:14:21
user,no_face,2021-08-01 22:39:45
app,no_face,2021-11-23 10:31:19
app,insulting,2020-08-25 12:28:14
user,insulting,2021-04-23 09:48:21
app,insulting,2021-08-27 15:58:18
app,insulting,2020-06-06 06:35:21
user,insulting,2021-11-21 07:26:33
app,insulting,2021-05-28 09:36:36
app,insulting,2020-09-19 09:39:38
app,insulting,2021-04-03 03:30:01
user,no_face,2020-08-24 20:20:36
user,insulting,2020-08-27 14:17:13
user,no_face,2021-05-17 17:55:43
user,no_face,2020-11-25 03:52:18
user,insulting,2020-07-08 03:05:15
user,no_face,2020-05-15 21:37:14
user,no_face,2021-10-31 09:33:23
app,insulting,2020-08-22 11:34:25
app,insulting,2020-08-19 08:35:08
user,insulting,2021-11-01 23:33:57
app,no_face,2021-06-30 20:50:56
user,no_face,2020-10-13 07:57:57
user,insulting,2020-11-05 06:01:30
user,no_face,2021-07-13 20:13:47
user,no_face,2020-10-20 13:28:25
user,insulting,2021-08-03 18:35:38
app,insulting,2021-05-31 00:48:08
user,insulting,2020-06-12 08:32:41
user,no_face,2021-06-15 14:15:16
user,no_face,2021-06-29 09:24:31
app,insulting,2020-11-10 13:14:04
app,insulting,2020-10-13 23:19:52
app,insulting,2021-04-06 12:40:22
app,insulting,2021-01-25 07:07:46
user,no_face,2021-09-09 05:50:22
user,no_face,2020-12-11 05:09:34
user,no_face,2021-04-02 15:26:25
user,no_face,2020-06-08 06:54:06
user,insulting,2021-02-21 02:38:12
app,insulting,2020-05-01 08:26:43
user,no_face,2021-03-12 23:20:10
app,no_face,2021-02-18 01:10:30
user,no_face,2021-02-10 22:15:01
user,insulting,2020-10-29 01:50:07
user,insulting,2021-07-01 00:25:17
app,no_face,2020-12-20 09:39:23
user,insulting,2020-06-15 19:20:10
user,insulting,2020-04-30 18:58:02
app,no_face,2020-12-20 03:50:42
app,insulting,2021-07-03 17:55:44
user,insulting,2021-10-09 15:02:12
user,insulting,2020-12-06 12:53:51
app,insulting,2021-09-02 01:11:51
app,insulting,2020-10-05 15:45:15
user,no_face,2021-02-14 10:04:07
app,insulting,2021-01-19 21:54:37
user,insulting,2020-12-03 12:24:32
user,insulting,2021-03-21 16:08:02
user,insulting,2021-05-24 20:28:23
app,insulting,2020-05-26 03:19:41
user,insulting,2021-10-02 12:38:42
user,insulting,2020-05-19 09:03:10
app,insulting,2020-10-24 12:47:48
app,insulting,2021-06-02 06:57:57
app,insulting,2020-09-13 11:50:05
user,insulting,2021-04-19 05:39:17
user,insulting,2020-06-10 21:26:45
user,no_face,2021-04-06 07:31:30
user,insulting,2021-09-09 20:38:54
user,no_face,2020-12-10 01:08:34
user,insulting,2021-09-13 10:42:28
user,no_face,2021-10-14 02:20:43
app,no_face,2021-10-08 04:46:17
app,insulting,2021-04-22 15:06:53
app,no_face,2021-08-09 14:39:20
app,insulting,2020-09-11 13:28:39
user,no_face,2021-04-21 19:02:25
user,insulting,2020-07-31 18:31:50
app,insulting,2020-09-30 05:46:38
app,insulting,2021-01-12 18:13:52
app,no_face,2020-09-09 15:24:47
user,insulting,2021-02-21 06:06:42
user,insulting,2021-08-19 09:08:35
user,no_face,2021-05-09 20:52:09
user,no_face,2021-10-13 15:46:44
app,insulting,2020-12-30 17:50:23
user,insulting,2020-11-07 17:47:21
app,insulting,2020-07-28 00:23:58
app,insulting,2020-10-18 23:53:58
app,insulting,2021-12-03 14:52:32
user,insulting,2021-06-26 05:00:49
user,insulting,2021-11-11 06:19:54
user,no_face,2020-08-31 02:07:19
app,no_face,2021-02-10 22:38:56
user,no_face,2020-05-27 19:14:45
app,insulting,2020-10-11 01:37:06
user,insulting,2021-05-25 14:56:15
user,insulting,2020-07-17 00:48:22
user,insulting,2020-10-15 10:41:28
app,no_face,2021-08-22 18:57:42
user,insulting,2021-06-22 18:35:30
app,insulting,2021-03-13 19:17:21
user,insulting,2020-08-12 17:03:19
app,no_face,2021-09-23 00:17:36
user,no_face,2021-04-12 19:53:42
user,no_face,2021-01-03 21:50:23
app,insulting,2021-04-03 12:10:43
user,insulting,2021-11-17 07:50:55
app,insulting,2020-12-07 11:05:29
app,insulting,2021-12-19 15:43:57
user,no_face,2021-04-02 04:10:08
user,no_face,2021-02-27 01:50:18
user,insulting,2020-10-04 01:56:51
app,no_face,2021-07-19 02:38:29
user,insulting,2021-11-10 23:36:39
app,insulting,2021-01-13 02:59:49
user,insulting,2021-07-07 01:39:32
app,no_face,2020-04-26 10:01:15
user,insulting,2021-11-16 22:11:18
user,insulting,2021-01-27 11:27:09
user,insulting,2021-11-16 18:08:20
app,insulting,2020-08-05 21:55:42
user,no_face,2021-07-16 17:47:24
app,no_face,2020-11-10 08:23:08
app,no_face,2020-05-25 04:25:50
user,no_face,2020-08-17 20:50:09
app,no_face,2020-08-13 13:04:18
user,no_face,2021-11-11 14:28:29
user,insulting,2020-09-28 01:18:05
app,insulting,2021-03-05 22:36:16
app,no_face,2021-07-08 13:26:33
user,no_face,2021-10-29 09:15:26
app,no_face,2021-07-29 10:27:40
app,no_face,2020-12-15 21:16:09
app,no_face,2021-11-09 18:13:45
user,no_face,2021-03-16 21:24:17
app,insulting,2021-03-25 02:06:45
user,no_face,2021-09-17 13:23:17
user,insulting,2020-10-25 14:19:24
user,insulting,2021-05-14 14:52:58
app,insulting,2020-05-16 20:42:31
app,no_face,2021-12-21 17:57:21
user,no_face,2020-12-23 00:15:38
user,insulting,2020-07-02 15:22:52
app,no_face,2021-09-19 19:49:00
user,no_face,2021-12-06 19:05:40
user,insulting,2020-05-01 17:41:10
user,insulting,2020-09-15 21:21:22
user,insulting,2021-08-05 03:11:12
app,insulting,2020-07-22 04:20:08
app,no_face,2021-01-11 10:50:32
app,insulting,2021-03-22 09:26:33
app,insulting,2021-05-27 03:27:32
user,insulting,2021-12-09 17:26:20
app,no_face,2021-09-22 22:23:44
user,no_face,2021-07-16 17:38:35
user,insulting,2021-10-12 20:57:51
user,no_face,2021-06-19 03:04:07
user,insulting,2020-05-09 04:50:39
app,insulting,2020-11-05 20:49:27
app,insulting,2021-08-21 18:58:17
app,insulting,2021-01-03 11:59:48
app,insulting,2021-05-06 14:39:17
app,no_face,2021-10-16 23:41:16
app,no_face,2020-09-01 14:34:22
user,insulting,2021-06-11 19:10:41
app,no_face,2021-11-19 20:45:41
user,no_face,2021-01-23 16:42:42
user,insulting,2021-02-02 21:12:58
app,insulting,2021-07-30 02:32:30
app,no_face,2020-10-03 23:57:50
user,insulting,2020-11-07 19:51:50
app,no_face,2021-04-08 17:00:43
user,no_face,2020-09-22 09:11:02
user,insulting,2021-10-09 14:57:55
user,no_face,2021-09-08 12:40:59
user,no_face,2021-10-18 08:11:42
user,insulting,2020-12-14 07:42:31
app,insulting,2020-09-10 20:50:51
user,insulting,2021-09-15 07:02:13
app,insulting,2020-07-01 18:14:19
user,no_face,2021-10-30 01:42:14
app,insulting,2020-12-08 05:01:05
user,insulting,2021-07-15 16:04:04
app,no_face,2021-02-24 19:22:43
app,no_face,2020-07-30 01:42:17
app,no_face,2020-09-26 04:07:14
user,no_face,2021-12-09 15:17:19
user,no_face,2020-10-28 07:57:01
user,no_face,2020-06-10 23:14:55
user,no_face,2021-09-18 04:46:23
app,insulting,2020-10-30 06:09:55
app,insulting,2020-08-08 18:23:02
user,insulting,2021-08-01 16:32:00
user,no_face,2021-12-08 14:12:08
user,insulting,2021-08-18 02:30:51
user,insulting,2021-12-30 17:52:43
user,insulting,2020-08-30 16:26:27
user,no_face,2021-05-09 23:06:47
user,no_face,2020-06-05 01:30:21
app,no_face,2020-06-05 13:08:02
user,no_face,2021-06-08 11:00:22
app,no_face,2021-03-02 08:57:21
app,no_face,2020-05-16 10:23:34
user,insulting,2021-04-18 19:51:29
user,insulting,2021-09-07 01:06:05
app,no_face,2020-12-14 02:00:52
app,no_face,2021-11-03 02:44:51
app,insulting,2020-12-29 14:41:38
user,insulting,2020-05-06 16:50:26
user,no_face,2021-03-28 12:21:52
app,no_face,2021-07-31 14:10:43
user,no_face,2020-08-13 05:26:56
app,insulting,2021-03-24 04:04:14
app,no_face,2021-03-10 03:59:33
user,no_face,2021-10-04 00:42:25
app,insulting,2020-06-04 13:11:18
app,insulting,2020-07-26 04:36:13
app,no_face,2020-07-07 13:57:37
user,no_face,2020-07-19 12:09:22
app,no_face,2021-05-16 04:32:46
app,no_face,2020-06-20 00:00:16
user,insulting,2020-09-25 01:35:34
user,no_face,2020-12-12 17:56:59
user,no_face,2020-06-30 02:43:04
user,no_face,2020-06-05 08:35:28
user,insulting,2020-09-18 08:12:43
user,insulting,2021-08-23 06:22:33
user,no_face,2020-10-07 11:16:14
user,no_face,2020-06-26 04:45:16
app,insulting,2021-01-03 11:04:13
app,insulting,2021-12-05 07:28:54
user,no_face,2021-02-09 14:04:42
user,no_face,2021-06-26 16:16:32
app,insulting,2021-02-13 02:34:30
user,no_face,2020-08-23 02:00:47
app,insulting,2021-03-29 01:00:11
user,insulting,2021-07-31 14:42:25
app,no_face,2021-12-13 22:53:38
app,no_face,2021-06-11 14:51:39
user,no_face,2020-12-02 13:38:50
app,no_face,2021-02-03 06:42:31
user,no_face,2021-12-26 19:57:31
user,insulting,2021-08-13 12:51:31
app,no_face,2021-01-31 06:04:04
app,no_face,2020-12-23 22:06:55
app,insulting,2021-12-08 03:53:38
app,insulting,2021-01-08 14:32:07
app,no_face,2021-12-18 00:07:28
app,no_face,2021-02-28 17:56:31
app,insulting,2020-05-03 00:41:31
user,no_face,2020-11-03 00:58:11
user,insulting,2021-08-10 00:51:25
user,no_face,2021-06-25 09:03:20
user,insulting,2020-08-28 17:05:06
app,no_face,2021-09-18 02:20:15
app,insulting,2021-09-14 05:43:35
app,no_face,2021-10-23 04:33:38
user,insulting,2020-05-11 14:32:48
app,insulting,2020-12-30 12:15:46
app,no_face,2021-03-26 00:15:20
app,no_face,2020-09-06 06:24:16
user,insulting,2020-10-22 14:31:32
app,no_face,2020-10-03 08:06:03
app,no_face,2020-07-22 18:33:43
user,insulting,2021-03-18 20:38:34
app,no_face,2021-12-18 10:50:31
app,no_face,2020-11-24 03:55:57
user,no_face,2020-11-27 11:23:35
app,no_face,2021-02-14 20:43:15
user,insulting,2021-10-02 05:55:29
app,no_face,2020-09-18 23:15:43
user,insulting,2020-07-01 12:43:50
user,no_face,2020-05-13 13:52:16
user,insulting,2020-08-26 21:46:45
app,no_face,2021-03-16 12:22:31
user,no_face,2020-12-23 20:38:54
user,no_face,2021-09-13 20:40:48
user,insulting,2021-05-12 06:20:00
user,no_face,2021-09-10 19:12:29
app,no_face,2020-09-07 08:26:01
app,no_face,2021-08-04 22:11:33
user,insulting,2021-12-06 00:42:29
user,no_face,2020-10-11 16:54:44
user,insulting,2021-01-14 15:51:32
user,insulting,2021-08-25 13:33:37
app,no_face,2020-10-29 23:34:29
user,no_face,2021-02-10 08:30:59
app,no_face,2021-12-17 05:01:18
app,insulting,2021-07-03 14:39:07
user,insulting,2021-04-07 07:20:30
app,insulting,2021-07-12 08:51:14
app,insulting,2021-12-05 20:41:02
app,insulting,2020-12-27 22:04:15
user,no_face,2020-05-22 08:18:45
user,no_face,2021-09-28 19:56:20
user,no_face,2021-12-06 22:30:20
user,insulting,2021-07-19 12:44:44
app,insulting,2020-09-16 16:02:03
user,insulting,2021-12-27 23:50:13
user,no_face,2021-03-12 02:55:49
app,no_face,2020-07-09 05:12:52
user,no_face,2021-09-12 14:23:36
app,insulting,2020-05-08 14:41:56
app,insulting,2021-07-21 23:32:53
app,no_face,2021-04-12 17:56:42
user,insulting,2021-11-26 01:21:51
user,insulting,2020-12-10 21:28:18
user,no_face,2020-09-14 09:29:36
user,insulting,2021-11-28 03:55:04
app,insulting,2021-04-23 03:12:16
user,no_face,2021-07-04 13:48:48
app,insulting,2021-06-17 16:30:17
user,no_face,2021-05-23 19:38:20
app,no_face,2021-11-09 22:49:28
user,insulting,2021-10-30 09:03:58
user,no_face,2020-09-28 19:54:11
user,no_face,2021-04-21 06:26:03
app,no_face,2020-10-05 01:54:40
user,insulting,2021-06-03 13:33:35
app,no_face,2021-06-25 01:05:24
user,insulting,2020-05-26 20:04:54
app,insulting,2021-05-08 17:23:30
user,insulting,2021-07-03 06:18:02
app,no_face,2020-10-05 21:39:12
user,no_face,2020-09-23 14:38:47
app,insulting,2020-05-23 14:52:00
app,insulting,2021-10-21 20:30:36
user,no_face,2020-06-23 07:50:45
app,insulting,2021-11-09 09:50:08
user,insulting,2021-06-03 10:51:42
app,no_face,2021-05-20 17:17:36
user,no_face,2021-08-18 08:27:24
app,insulting,2020-10-31 13:30:15
app,insulting,2021-08-27 00:58:35
user,insulting,2021-07-24 00:37:56
user,no_face,2020-07-21 20:16:29
app,insulting,2020-12-30 04:40:52
app,insulting,2020-08-22 08:09:32
user,insulting,2021-08-01 04:00:27
user,no_face,2021-07-16 21:43:51
app,no_face,2020-06-03 15:52:58
app,insulting,2021-09-03 03:22:27
user,no_face,2020-11-05 04:04:47
app,insulting,2020-09-07 15:17:11
user,insulting,2021-02-15 13:43:23
user,insulting,2021-01-21 22:35:36
app,insulting,2021-01-20 10:54:38
app,insulting,2020-12-25 08:24:38
app,no_face,2021-03-29 01:51:26
user,insulting,2021-02-27 16:18:30
app,insulting,2021-04-06 15:54:46
user,no_face,2021-10-17 10:44:03
user,insulting,2020-10-31 04:50:00
user,no_face,2021-06-03 08:14:50
app,no_face,2021-12-16 21:32:10
app,no_face,2020-09-10 20:40:52
app,insulting,2020-06-29 18:33:52
user,insulting,2020-05-19 20:50:53
app,insulting,2020-09-13 23:38:30
app,no_face,2020-09-25 19:39:42
app,no_face,2021-01-19 23:00:42
app,insulting,2021-05-30 19:34:06
user,insulting,2021-02-05 21:28:22
user,no_face,2021-09-12 10:55:58
app,insulting,2021-09-05 19:04:08
user,insulting,2020-08-05 20:58:43
app,insulting,2021-10-11 18:47:36
user,insulting,2020-07-21 21:56:38
user,insulting,2021-12-30 17:14:21
user,insulting,2021-10-27 03:49:35
app,no_face,2021-12-22 23:17:59
app,no_face,2021-01-31 19:17:48
user,insulting,2021-07-04 02:26:27
app,insulting,2021-05-24 13:22:36
user,insulting,2021-08-19 22:47:29
user,no_face,2020-10-29 18:40:19
app,insulting,2021-09-28 07:46:49
app,insulting,2020-12-21 01:20:28
user,insulting,2021-01-24 21:39:04
user,no_face,2021-06-23 17:59:19
app,no_face,2021-03-08 05:21:04
user,insulting,2020-12-30 14:28:40
user,insulting,2021-05-17 09:44:35
user,no_face,2020-08-23 00:24:50
app,insulting,2020-05-01 10:48:29
app,insulting,2021-01-13 06:23:24
app,insulting,2021-10-05 19:37:08
app,no_face,2020-09-23 12:12:53
app,insulting,2021-01-11 08:57:37
app,insulting,2021-10-21 09:05:57
app,no_face,2020-10-04 13:24:46
app,no_face,2021-11-10 10:55:02
user,no_face,2021-09-16 10:36:27
app,insulting,2021-07-20 20:43:12
app,no_face,2020-12-16 01:45:00
user,no_face,2021-02-21 02:01:23
user,no_face,2021-05-22 20:51:09
user,no_face,2021-07-20 07:56:42
user,insulting,2021-01-30 02:02:49
app,insulting,2020-10-25 11:41:14
app,insulting,2021-12-16 06:07:28
user,no_face,2021-12-05 03:32:14
app,no_face,2021-07-04 06:00:44
user,no_face,2021-08-24 06:12:09
user,no_face,2020-10-11 11:36:38
user,insulting,2020-08-05 11:42:23
app,insulting,2021-07-07 03:37:16
app,insulting,2021-09-03 19:09:57
app,no_face,2020-09-07 11:43:08
app,insulting,2021-10-06 00:05:05
app,insulting,2020-05-19 10:22:34
user,no_face,2020-04-23 22:56:31
user,insulting,2020-11-06 06:01:01
app,insulting,2021-06-09 00:19:52
app,insulting,2021-09-17 05:31:37
app,no_face,2021-07-25 16:46:29
app,insulting,2020-07-29 07:32:56
user,insulting,2021-05-12 17:31:00
user,no_face,2020-06-06 04:12:38
user,insulting,2021-05-30 17:05:21
user,insulting,2020-09-26 09:50:44
app,insulting,2020-10-22 21:57:34
app,no_face,2020-09-09 22:39:06
user,insulting,2020-09-15 12:16:05
user,no_face,2020-04-25 07:07:25
user,insulting,2021-10-22 23:35:48
user,no_face,2021-02-15 12:48:16
user,no_face,2021-07-31 17:57:25
user,insulting,2020-07-17 01:53:35
app,insulting,2020-11-22 10:13:12
user,insulting,2020-12-14 20:09:33
user,no_face,2020-07-15 08:57:37
app,no_face,2020-09-30 16:04:39
app,no_face,2021-06-17 18:39:56
user,insulting,2020-11-12 01:52:13
app,no_face,2021-10-14 01:23:23
user,no_face,2021-02-20 05:56:03
user,no_face,2021-10-31 21:21:50
user,insulting,2020-08-24 14:32:00
user,insulting,2020-10-16 10:18:26
app,insulting,2020-10-25 06:34:54
app,no_face,2021-12-24 20:21:44
app,no_face,2021-12-30 12:30:16
user,insulting,2021-11-07 09:22:37
app,no_face,2021-03-03 07:53:36
user,insulting,2021-07-17 01:05:00
user,insulting,2020-08-16 23:04:35
user,no_face,2021-09-06 14:48:28
app,no_face,2021-12-18 05:30:09
user,insulting,2021-04-22 03:52:32
app,no_face,2021-02-14 23:14:24
app,no_face,2021-07-16 19:42:29
app,insulting,2021-02-23 06:17:35
user,no_face,2021-01-29 16:46:57
user,no_face,2021-04-24 05:53:18
app,no_face,2021-03-18 08:45:51
user,no_face,2020-11-07 11:15:07
app,insulting,2021-07-07 09:42:58
app,insulting,2021-01-20 07:42:08
app,insulting,2021-01-17 20:08:16
app,no_face,2021-06-06 13:34:04
app,no_face,2021-02-17 06:12:31
user,no_face,2021-04-16 05:05:59
app,insulting,2021-12-13 22:36:21
app,no_face,2020-08-08 08:11:48
user,no_face,2020-06-22 06:01:13
user,insulting,2020-09-06 15:26:05
app,no_face,2020-05-23 20:28:51
app,no_face,2021-07-25 14:49:41
user,insulting,2020-10-21 00:36:36
app,no_face,2021-03-07 01:44:31
user,no_face,2021-10-19 16:18:02
app,no_face,2020-11-28 13:35:01
user,no_face,2021-11-09 20:56:27
app,insulting,2020-05-26 01:29:20
app,no_face,2020-06-01 20:16:48
app,no_face,2020-07-01 21:58:18
app,insulting,2020-11-25 05:56:32
app,insulting,2020-05-03 22:13:50
user,insulting,2020-10-23 11:05:47
user,no_face,2021-05-16 07:23:38
app,insulting,2021-01-22 04:41:17
app,insulting,2020-11-11 05:41:44
app,insulting,2021-09-14 10:48:58
user,no_face,2021-11-05 23:12:50
user,insulting,2020-06-02 15:21:20
app,no_face,2021-10-11 01:42:52
user,no_face,2021-01-18 21:42:33
app,insulting,2020-07-09 14:30:59
app,insulting,2021-12-27 17:51:49
user,no_face,2020-12-06 09:57:22
user,insulting,2021-06-17 15:48:47
user,insulting,2021-08-10 12:41:15
user,no_face,2021-09-19 10:13:51
user,insulting,2021-11-15 11:36:36
app,insulting,2021-02-10 16:32:59
app,no_face,2021-07-04 17:57:10
app,insulting,2021-10-18 05:18:24
app,insulting,2020-07-27 02:09:34
app,no_face,2021-04-01 08:25:52
app,insulting,2021-03-30 07:25:44
app,insulting,2021-09-09 12:56:46
user,no_face,2021-07-23 07:19:26
user,no_face,2020-10-14 21:00:59
app,no_face,2020-07-05 09:17:01
user,insulting,2020-12-26 18:43:45
app,insulting,2021-04-29 07:23:37
app,insulting,2020-07-28 02:42:00
app,no_face,2021-08-04 22:31:38
app,insulting,2021-02-19 10:06:32
app,no_face,2021-01-11 05:07:55
app,insulting,2020-05-05 16:50:50
app,insulting,2020-08-13 01:54:18
app,insulting,2020-12-15 08:09:16
user,insulting,2021-07-10 19:12:22
user,no_face,2020-12-25 20:36:28
user,insulting,2021-09-23 08:50:12
app,no_face,2020-05-19 05:51:39
user,no_face,2021-02-09 04:18:56
user,insulting,2021-05-12 12:09:00
user,insulting,2021-08-09 21:18:45
app,no_face,2020-08-10 21:03:53
app,no_face,2020-11-23 09:31:33
user,insulting,2021-09-18 18:12:25
user,insulting,2020-11-04 10:25:36
app,no_face,2020-04-22 05:57:02
user,no_face,2020-12-20 01:37:24
app,insulting,2021-09-15 17:46:53
user,insulting,2020-06-29 07:49:57
app,insulting,2021-01-27 17:43:21
user,insulting,2021-05-28 06:48:30
app,no_face,2021-08-21 06:16:34
app,no_face,2020-12-02 11:16:48
app,insulting,2021-12-22 07:52:26
app,no_face,2021-03-04 02:51:04
user,insulting,2021-04-14 21:53:16
user,no_face,2021-11-17 23:28:25
user,no_face,2020-09-18 21:18:03
user,no_face,2020-08-22 15:11:27
app,no_face,2021-07-05 19:39:03
app,no_face,2021-12-03 20:04:35
user,no_face,2021-12-22 17:38:12
app,insulting,2021-01-11 21:41:22
app,no_face,2021-07-27 05:12:24
