Name,Skipped at
David Thompson,2021-04-05 21:20:01
Jerry Meyers,2020-11-08 03:43:56
Raymond Munoz,2020-07-20 19:26:41
Brandon Lane,2021-09-03 21:45:36
Rachel Sloan,2020-06-11 00:29:26
Melissa Sanders,2020-09-03 18:49:58
Michael Sparks,2021-06-02 23:10:26
Daniel Guzman,2021-06-13 01:11:28
William Moore PhD,2021-10-13 15:11:13
Wesley Woods,2020-07-27 20:33:47
Bradley Barton,2020-06-09 06:14:12
Nicholas Walker,2020-08-11 12:13:58
Brad Oliver,2020-12-24 23:21:13
Edward Kim,2020-06-13 08:58:01
Kristine Allen,2021-03-19 08:44:15
Allison Brown,2021-05-31 19:33:54
Andre Evans,2020-05-02 20:48:28
Steven Adams,2021-03-17 10:47:07
Julie Ortiz,2021-07-12 14:36:56
Lauren Hall,2020-11-13 04:39:03
Nathan Vazquez,2020-12-05 10:31:17
Ivan Ruiz,2020-12-04 09:17:34
Dawn White,2020-07-05 01:31:52
Thomas Watkins,2021-07-13 15:39:57
Karen Dickson,2021-09-11 09:24:20
Kevin Salazar,2021-04-09 18:56:35
Michael Williams,2020-10-14 08:20:39
Mathew Freeman,2021-12-21 08:00:38
Renee Garza,2021-11-19 02:48:20
James Williams,2021-03-03 21:50:14
Christina Craig,2021-12-03 08:33:39
Melissa Lewis,2020-11-01 12:35:34
Gregory Wilson,2021-03-17 00:10:37
Garrett Thomas,2021-07-14 16:54:28
William Le,2021-05-21 02:56:37
Jessica Baker,2020-07-15 20:37:52
Aaron Bentley,2020-10-06 05:16:47
Brian Williamson,2021-01-27 08:33:00
Savannah Torres,2021-06-07 22:52:41
Steven Espinoza,2021-03-17 02:53:35
Gregory Moody,2020-08-16 22:55:38
Adam Pena,2020-12-02 21:01:43
Joseph Baldwin,2020-10-02 23:02:29
Christopher Anderson,2021-03-19 22:09:54
Mike Smith,2020-11-18 04:55:57
Ashley Barrera,2021-03-30 07:52:55
Jenny Newman,2021-12-21 08:19:28
Thomas Joseph,2020-05-11 13:53:04
Jonathan Smith,2021-08-30 17:48:15
David Hubbard,2021-07-02 12:15:09
Emily Jones,2021-12-05 09:01:56
Jonathan White,2021-07-29 08:17:04
Madison Martin,2020-10-30 23:36:21
Michael Alexander,2021-03-26 16:47:13
Kayla Schmidt,2021-10-01 15:00:28
Lauren Brown,2021-08-05 02:30:28
Victor Boyd,2020-06-23 13:37:58
Richard Simmons,2020-12-28 18:01:00
Darlene Braun,2020-05-04 20:06:48
Tracy Rice,2021-04-14 00:45:57
Maria Rush,2021-07-12 15:22:59
Steven Mccall,2020-06-03 17:51:00
Michael Mann,2020-09-02 07:32:11
Latoya Coffey,2021-05-19 07:27:06
Mary Williams,2021-10-19 06:43:53
Nathan Dalton,2021-06-29 22:09:13
David Gomez,2020-10-26 11:52:07
Laura Davis,2020-04-29 16:00:23
Amy Long,2021-09-23 16:14:21
Lucas Hopkins,2021-01-22 02:51:56
Brenda Mendez,2021-06-19 16:23:48
Anna Clements,2021-10-17 11:40:11
Brian Anderson,2021-12-17 07:38:31
Jacqueline Garza,2021-02-23 13:20:24
Samantha Beard,2021-02-15 15:39:24
Heather Castillo,2021-02-28 04:05:24
Laura Roman PhD,2020-12-08 07:34:26
Heather Jennings,2020-12-05 17:36:10
Tina Patel,2021-02-27 14:01:49
Jennifer Baker,2021-03-06 11:58:30
Brandon Holmes,2020-07-17 11:36:29
Brandon Douglas,2021-08-26 06:23:03
Darin Benitez,2021-01-06 09:49:04
Autumn Gibson,2021-02-07 21:37:14
Thomas Cooper,2021-01-15 13:28:34
David Bailey,2021-07-27 06:17:12
Gloria Roberts,2021-02-10 16:12:40
Dr. Eugene Stevens,2021-09-08 22:20:59
Mr. Darin Atkins,2020-11-15 18:16:07
Michael Evans,2021-04-26 00:54:59
Michelle Gonzalez,2021-05-03 22:26:24
Angela Thomas,2021-05-27 08:12:34
Amy Burgess,2021-09-06 01:36:02
Linda Dunlap,2021-06-10 05:10:30
Teresa Davis,2020-10-22 01:24:45
Christine Nelson,2021-02-27 23:19:30
Jennifer Braun,2021-06-05 06:25:00
Cheryl Montoya,2021-09-24 11:50:01
Emily Willis,2020-12-26 04:20:14
Joseph Smith,2020-09-04 02:49:53
Patricia Vaughan,2021-10-07 04:03:40
Alison Brown,2021-09-04 03:50:21
Rebecca Smith,2020-12-09 21:34:03
Jamie Harris,2021-02-22 14:06:06
Anna Williams,2020-12-06 14:14:15
Melvin Lewis,2020-07-24 09:38:11
Diana Lawson,2021-03-30 20:03:09
Justin White,2021-03-26 15:35:35
Cynthia Patton,2020-07-29 22:13:14
Kyle Lee,2021-02-18 17:06:28
Kimberly Salazar,2020-10-19 18:13:54
Patrick Burton,2021-06-26 22:50:49
Darin Larson,2021-06-28 10:38:38
Jasmine Cline,2021-01-19 03:59:54
Justin Spencer,2021-09-29 14:41:55
Eric Atkins,2021-01-19 05:24:21
Rebecca Hall,2021-10-06 22:27:20
Bradley Henderson,2021-08-22 18:50:58
Douglas Boyd,2021-10-19 08:07:37
Cory Morales,2021-02-18 21:29:45
Melissa Powell,2021-06-18 06:48:55
Andrew Rodgers,2020-11-19 10:18:08
Shaun Hartman,2021-03-05 12:19:33
Jamie Palmer,2021-12-09 11:22:06
Nicholas Lopez,2020-09-08 04:13:46
Randy Owens,2020-07-08 10:55:59
Mr. Rodney Love,2020-05-28 10:46:51
Kara Cook,2020-10-13 12:57:02
Michael Williamson,2021-05-02 21:51:21
Craig Haney,2021-12-18 08:22:13
Wendy Smith,2020-05-19 00:13:30
David Reese,2021-03-30 21:20:52
Calvin Phillips,2021-02-27 04:42:12
Karen King,2020-09-17 14:14:33
Harold Murillo,2021-05-28 11:04:58
Kristopher Miles,2020-07-04 06:09:04
William Chandler,2021-04-28 05:26:25
Joan Miller,2020-10-09 13:58:03
Leonard Levine,2021-10-27 16:50:19
Brent Garcia,2021-10-15 10:05:50
Brian Davis,2021-05-29 19:45:56
Monique Hall,2021-09-03 01:20:39
Micheal Andrews,2021-11-17 15:23:36
Steven Douglas,2020-12-18 05:40:10
Sharon Hunt,2020-07-26 07:38:45
Lawrence Sexton,2021-03-30 03:30:37
John Wyatt,2020-05-19 11:01:39
Matthew Greene,2020-07-05 23:31:03
Cameron Jones,2020-08-31 13:49:05
Scott Glover,2020-09-10 02:17:56
Lindsay Gonzalez,2021-09-12 03:36:27
Holly Coleman,2021-01-04 18:57:30
Ryan Foster,2020-06-29 08:51:57
Juan Johnson,2020-04-27 19:15:40
Jason Weeks,2020-09-02 08:32:28
Laura Ellis,2021-06-19 03:51:07
Patrick Simmons,2021-11-17 12:57:39
Teresa Valdez,2020-09-22 22:35:21
Eric Gregory,2021-11-14 05:34:21
Brittany Garza,2020-09-08 19:28:22
Paul Long,2021-11-10 23:21:00
Willie Johnson,2021-12-15 08:00:35
Dustin Santana,2021-05-17 11:18:38
Jenna Lopez,2021-02-07 17:54:05
Jessica Shaffer,2021-05-01 14:44:05
Robert Morgan,2020-09-28 15:50:22
Thomas Huang,2021-10-14 23:18:15
Rodney Henderson,2020-07-22 23:55:14
Sharon Walker,2020-11-06 17:56:44
Steven Irwin,2021-06-14 11:22:40
Matthew Patel,2020-08-19 19:37:15
Ashley Potter,2021-03-16 02:33:37
Andrew Nguyen,2020-12-24 13:06:32
Emily Adams,2021-06-14 12:50:35
David Caldwell,2020-05-25 16:44:39
Aaron Hernandez,2021-01-13 00:22:12
Amber Wright,2021-06-28 06:31:52
Connie Roberts,2021-11-02 15:01:10
Kristen Lloyd,2021-03-12 07:15:22
Kimberly Bell,2021-07-03 01:18:45
Samuel Sandoval,2020-06-13 06:19:13
Jennifer Patel,2020-10-24 20:54:48
Mrs. Allison Hurst,2020-08-23 02:59:53
Cynthia Richards,2021-05-15 19:15:33
Nicole Whitney,2021-09-07 09:19:02
Pamela Murphy,2021-01-06 15:54:56
John White,2020-09-24 05:42:13
Kathryn Rogers,2020-05-30 20:03:44
Amber Webster,2020-06-26 00:41:49
Monica Oconnor,2020-04-27 17:02:31
Julie Fleming,2021-11-04 05:34:28
Ryan Foster,2020-08-10 08:58:33
Jamie Baker,2020-05-15 12:34:33
Sabrina Ramos,2021-02-13 12:57:56
Marcia Gardner,2021-02-20 01:36:47
Justin Cummings,2021-09-24 11:49:06
Michele Robinson,2021-06-08 07:01:22
Ashley Edwards,2021-12-15 02:14:27
Elizabeth Brown,2020-10-10 01:13:47
Logan Greene,2020-11-24 11:58:38
Nicole Lee,2021-07-10 00:23:26
Ronald Davis,2021-10-30 10:17:16
Emily Wilson,2020-07-11 11:34:12
Crystal Johnson,2021-12-06 13:09:00
Mary Rich,2021-05-04 13:41:41
Patricia Pugh,2021-03-30 15:32:14
Sarah Stone,2020-10-21 07:18:42
Chad Franco,2020-09-07 07:11:54
Joe Jones,2020-06-03 21:31:30
Angela Meyer,2020-11-01 04:21:05
Regina Ellis,2020-12-20 17:10:54
Robert Clark,2021-05-19 13:25:51
Joseph Stein,2020-07-12 06:11:22
Jacob Haynes,2020-08-18 05:11:09
Danielle White,2021-04-11 03:11:27
Derrick Vaughn,2021-07-02 00:13:24
Amber Anderson,2020-06-01 21:05:27
Susan Heath,2021-11-16 10:04:23
James Joseph,2021-03-08 21:14:09
Tina Villa,2021-09-26 07:15:22
Lorraine Smith,2021-08-06 08:57:35
David Burton,2021-11-19 04:50:32
Michael Gonzalez,2021-06-01 13:35:20
Grace Taylor,2021-04-30 21:24:54
Samantha Baird,2021-06-24 01:12:45
Candace Cooper,2021-01-12 14:56:33
James Chapman,2021-12-15 02:15:39
Kevin Harper,2020-04-26 21:39:13
Brandon Bryant PhD,2021-04-07 10:22:01
Wanda Grimes,2021-06-03 13:23:14
Jill Marks,2020-06-22 01:35:59
Kathy Terry,2021-10-07 09:26:15
Andrea Miller,2021-05-26 23:28:29
Darryl Williams,2021-01-18 22:12:25
Cynthia Casey,2021-05-09 11:22:59
Tammy Bailey,2020-07-05 05:47:30
Rhonda Morgan,2021-02-24 01:08:33
Renee Holmes,2020-05-26 07:25:40
Jennifer Miller,2020-09-07 08:31:35
Paula Torres,2020-10-16 12:10:51
Michelle Morse,2021-09-13 21:26:30
Mr. Brandon Hopkins,2021-11-23 23:30:36
Alexander White,2021-05-06 07:02:55
Michael Mills,2021-05-15 23:28:38
Jessica Rios,2021-04-15 23:12:58
Christine Williams,2020-11-25 01:33:27
Lisa Harris,2020-05-24 02:01:54
Bethany Wilson,2021-05-04 10:26:23
Margaret Cox,2021-12-21 03:45:18
Gregory Mcfarland,2020-08-08 09:21:21
Lisa Mcdaniel,2021-12-25 05:55:26
Sydney Perry,2020-12-14 07:45:47
Gary Shaffer,2021-02-24 06:29:26
Anthony Stewart,2021-01-10 23:00:26
Blake Harmon,2020-07-03 03:22:46
Taylor Carr,2021-03-27 11:45:24
Eric Smith,2021-08-25 16:26:48
David West,2020-10-13 07:57:28
Katrina Prince,2020-10-30 01:58:37
Mikayla George,2020-07-12 10:50:42
Lori Johns,2021-01-18 01:51:27
James Martin,2020-12-20 23:28:13
Sandy Anderson,2020-08-03 05:14:26
Bryan Hunt,2021-05-15 16:21:41
Sandra Thompson,2020-06-24 13:11:25
Mr. Dakota Green,2020-12-22 02:37:12
Jacqueline Gray,2021-04-13 01:47:55
Martin Stout,2021-12-09 03:50:04
Regina Peterson,2021-08-08 21:30:24
James Kerr,2021-05-31 18:54:16
Austin Li,2021-03-21 16:52:42
Sherri Daniels,2021-08-23 10:39:40
David Rodriguez,2020-07-31 19:23:35
Rachel Howell,2020-11-28 12:51:23
Jennifer Watts,2020-06-19 03:26:09
Sandra Edwards,2020-05-25 12:00:18
Vanessa Allen,2021-07-22 02:47:02
Claire Walker,2020-07-15 03:26:01
Stacy Sharp,2021-04-17 16:42:06
Todd Villarreal,2021-08-19 22:54:10
Amanda Jensen,2021-04-24 10:59:26
Mark Nelson,2021-08-06 15:41:10
Tracy Williams,2020-05-10 00:10:59
Timothy Parker,2020-06-13 03:50:06
Michele Dudley,2021-03-15 11:58:40
Peter Hicks,2020-07-24 23:39:16
Spencer Perez,2020-06-13 10:37:52
George Valencia,2020-10-27 16:31:03
David Williams,2021-05-18 21:21:33
David Clark,2021-04-26 16:03:26
Dr. Anthony Thompson,2020-09-28 08:06:07
Matthew Vega,2020-12-21 02:52:52
Alexis Whitehead,2021-01-21 15:08:28
Darren Hernandez,2021-06-15 10:18:27
Sarah Baker,2021-06-13 06:00:30
Lucas Johnson,2020-05-25 22:46:02
Jacqueline Morrison,2021-03-31 06:31:25
Derrick Anderson,2021-04-28 22:46:38
Charles Cunningham,2021-09-20 16:06:34
Mallory Chapman,2020-09-07 07:45:20
Crystal Mcneil,2021-08-06 14:54:57
Mary Dudley,2020-08-13 01:32:18
Wanda Coffey,2020-08-21 06:24:51
Tammy Moore,2021-09-05 02:29:22
Brian Peterson,2020-10-05 13:00:10
Jennifer Rodriguez MD,2021-08-15 05:28:58
Bradley Hickman,2021-03-07 12:10:45
Sara Prince,2021-08-23 13:19:16
Michael Valdez,2020-06-28 09:51:40
Kenneth Hernandez,2021-04-17 11:08:14
Paula Pham,2020-07-06 18:48:36
Michael Reid,2020-06-12 00:22:07
George Moore,2021-06-27 12:53:06
Daniel Burns,2020-07-01 08:09:34
Elizabeth Rowe,2020-05-12 04:58:49
Adam Montgomery,2020-09-16 06:14:12
Chloe Harding,2020-05-21 19:12:49
John Gutierrez,2021-10-26 19:46:43
Maria Martin,2021-07-13 07:40:25
Kimberly Perez,2021-09-20 00:06:57
Jean Powell,2021-09-24 21:00:24
Jason Knox,2020-11-21 15:47:35
Patricia Scott,2021-10-02 06:58:41
Samantha Hayes,2021-02-22 07:35:38
Keith Moore,2020-12-03 06:11:35
James Conrad,2020-12-23 04:21:59
Gregory Dunn,2020-07-05 14:25:49
William Ortega,2021-07-11 06:29:43
Cody Mills,2021-09-02 02:08:49
Stephanie Powers,2021-02-27 10:12:44
Joseph Jackson,2021-03-23 00:53:22
Jeffrey Ballard,2020-07-02 07:17:26
Toni Williams,2021-01-07 07:21:47
Rebecca Malone,2020-12-25 16:46:10
Daniel Vaughn,2021-08-05 01:13:20
Denise Wilson,2020-09-13 03:23:11
James Lucero,2021-02-06 09:27:53
Ronald Arnold,2020-06-02 15:57:30
Brandon Williams,2021-03-25 16:10:20
Brandon Davis,2021-10-25 06:26:00
Mark Conner,2021-07-11 04:59:55
Nicole Lane,2021-11-27 10:17:39
Heather Welch,2021-05-09 00:50:30
Chelsea Dillon,2020-06-26 20:07:48
Jennifer Valenzuela,2021-01-12 07:34:35
Deanna Bailey,2020-12-24 22:23:46
Grant Williams,2021-03-17 18:50:56
Taylor Hampton,2021-06-30 01:04:48
Michael Collins,2020-08-25 20:01:29
Benjamin Wright,2021-09-06 21:49:20
Gloria James,2020-08-16 20:45:32
Debra Alvarado,2021-03-28 22:46:21
William Murray,2021-08-13 10:46:03
Renee Mills,2021-02-06 01:17:41
Monica Riley,2020-05-28 09:41:54
Christina Rivera,2021-06-21 01:52:44
Mr. Robert Harmon,2021-10-01 00:04:10
Sarah Gray,2020-07-06 01:37:16
Blake Sullivan,2020-09-16 13:54:15
Thomas Decker,2021-01-12 15:00:53
Christopher Williams,2021-05-13 18:28:48
Kristen Patterson,2021-05-29 22:28:19
Roger Walsh,2021-11-25 10:05:08
Laura Williams,2021-07-21 11:56:07
Stephen Wheeler,2020-09-27 23:08:00
Wendy Gordon,2020-09-26 04:48:33
Sandy Anderson,2020-10-03 04:29:32
Jeffrey Schultz,2021-12-14 04:58:20
William Martinez,2020-08-07 18:15:32
Michael Beasley,2020-06-19 15:25:24
Olivia Ortega,2020-05-27 18:04:58
Elizabeth Jones,2020-10-07 02:25:42
Ellen Bell,2020-09-02 17:17:29
Matthew Blevins,2020-05-21 23:15:42
Mark Cain,2021-03-27 12:31:58
Curtis Johnson,2021-02-20 23:37:09
Melissa Simmons,2020-06-18 21:24:37
Andre Smith,2021-09-28 00:44:00
David White,2020-12-11 23:44:46
Jill Peters,2021-09-15 08:44:17
Richard Price,2020-05-06 18:05:30
Alexis Hernandez,2021-01-03 11:15:49
Dawn Flores,2020-05-20 12:38:06
Patrick Dalton,2021-05-30 17:59:14
Christopher Evans,2020-11-21 06:16:40
Jessica Ruiz,2021-03-24 06:56:44
Stephanie Stokes,2021-01-12 05:50:20
Michelle Lester,2021-10-10 12:35:50
Sara Wall,2020-05-15 04:13:17
William Vincent,2020-05-11 16:07:26
Alexander Rich,2020-10-02 20:24:36
Cheryl Hurst,2020-09-03 20:25:51
Nicole Rose,2021-02-25 23:41:23
Melissa Kirk,2020-10-07 17:22:45
Madeline Walker,2020-08-06 00:29:59
Wanda Cannon,2020-09-11 15:02:23
Curtis Morrison,2021-06-03 06:41:38
Dillon Anderson,2021-03-27 23:08:17
Natalie Jordan,2021-08-29 17:11:09
Roy Sanchez,2021-12-02 11:22:50
William Lang,2020-05-06 02:21:28
Courtney Higgins,2021-02-25 22:57:10
Michelle Burton,2021-02-10 07:20:43
Jacob Sanchez,2021-07-25 21:42:15
John Ruiz,2021-01-05 21:55:59
Jonathan Smith,2021-02-17 19:00:39
Leroy Rivera,2020-09-01 02:22:58
Phillip Grimes,2021-12-23 22:00:07
Melissa Alvarez,2020-12-29 21:31:36
Joshua Harrison,2021-10-28 14:37:04
Jessica Macdonald,2020-12-28 02:31:26
Katherine Jackson,2021-01-19 12:29:40
Dr. Jason Kennedy DVM,2021-05-27 18:55:49
Paul Hayden,2021-05-30 00:09:39
Amy Roberts,2020-10-03 01:22:16
Sara Middleton,2021-12-30 13:58:28
Morgan Rogers,2021-01-24 19:54:58
Tyler Miles,2021-02-22 11:56:18
Victoria Phillips,2021-05-20 22:09:05
Thomas Russell,2021-08-30 21:24:16
Miranda Woods,2020-07-17 02:36:43
Scott Richardson,2021-12-25 08:28:41
Christopher May,2020-11-22 02:58:06
Amy Nguyen,2020-08-26 10:05:20
Peggy Hampton,2021-08-03 14:38:40
Nathan Reyes,2021-01-24 03:08:16
Katie Butler,2020-07-08 10:50:02
Jennifer Mccarthy,2021-02-13 09:03:13
Tiffany Torres,2021-10-12 05:09:31
Erika Anderson,2020-07-06 00:42:43
Catherine Barnes,2021-09-13 19:16:57
Jessica Smith,2021-04-28 18:22:11
Patricia Taylor,2021-10-03 08:42:11
Kyle Wallace,2021-08-14 02:14:29
Anne Reyes,2021-11-17 23:40:14
Darren Jimenez,2020-06-15 05:18:50
Keith Evans,2021-10-29 00:06:59
Patricia Stevenson,2021-05-05 11:34:31
Heather Estrada,2021-01-27 08:52:28
Kaitlin Jackson,2021-09-06 15:47:50
Alec Carter,2021-01-12 17:16:57
Mrs. Diane Cantu DVM,2021-09-11 04:40:05
Sophia Rush,2020-08-15 10:39:40
Joanna Mccarty,2021-03-14 00:45:42
Jonathan Reid,2020-08-04 02:42:23
Robert Huffman,2021-02-02 10:20:22
Deborah Jackson PhD,2021-03-20 16:29:02
Grant Bird,2020-08-07 17:05:55
Charles Figueroa,2020-10-15 16:11:12
Jeffrey Sims,2020-09-30 22:50:59
Elizabeth Stewart,2021-06-19 11:10:51
Jill Tran,2021-09-10 05:30:36
Charles Smith,2021-07-26 12:40:26
Chelsea Williams,2020-10-19 07:22:16
John Edwards,2021-03-15 08:14:51
Joseph Nelson,2020-12-22 04:47:37
Krista King,2020-09-24 16:02:35
Alejandro Webb,2021-10-07 04:53:51
Anna Hunt,2021-07-26 02:43:59
Monica Miller,2020-12-28 02:32:22
Jamie Torres,2020-07-02 17:39:24
David Brooks,2020-09-13 16:26:47
Julie Quinn,2021-04-04 02:36:51
Beth Robertson,2020-10-25 05:38:25
Frank Brown,2021-12-16 21:54:06
Eric Contreras,2021-08-08 05:17:06
Randy Anderson,2021-09-22 20:15:05
Stephanie Bridges,2021-07-13 21:20:00
Jonathan Pearson,2021-11-02 22:04:02
Todd Brown,2020-09-21 13:33:29
Carla Hernandez,2021-11-17 14:38:43
Steven Anderson,2021-06-17 06:51:15
Kevin Scott,2021-04-12 03:21:02
Elizabeth Walker,2020-07-22 12:12:19
Brandon Mcdonald,2020-10-06 23:17:50
Melissa Bennett,2021-12-14 09:48:22
Roy Mccarthy,2021-07-26 01:20:15
Nichole Whitaker,2021-04-28 12:43:38
Felicia Maddox,2021-07-24 23:45:58
Nancy Baker,2021-07-27 04:00:06
Kathleen Reed,2021-07-09 02:32:36
Kenneth Rios,2021-01-04 02:19:40
Melvin Nicholson,2020-12-25 23:39:10
Steven Burns,2020-05-12 22:02:00
Jennifer Cummings,2020-11-28 23:52:57
Shannon Smith,2021-07-17 03:20:45
Emma Dunn,2021-09-16 20:52:11
Ashley House,2021-09-17 09:35:44
Raven Lambert,2021-09-20 21:40:30
Michelle Arnold,2020-05-28 20:07:50
Daniel Bridges,2021-11-26 09:06:57
Dylan Scott,2021-02-08 19:50:14
Anthony Price,2020-05-26 21:17:44
Travis Williamson,2020-08-26 04:45:07
Ernest Ibarra,2021-12-23 18:52:08
Peter Garcia,2020-10-13 08:15:56
Eric Silva,2020-07-12 09:22:16
Glenn Andrews,2020-08-04 07:24:35
Ashley King,2021-09-17 21:38:27
Andrew Lee,2021-08-25 12:54:54
Matthew Harris,2021-08-25 15:32:48
Melissa Johnson,2021-10-30 08:52:38
James Ballard,2021-01-14 01:33:25
Antonio Yu,2021-07-20 17:15:12
Katherine Lawson,2020-09-26 03:12:22
Kristin Dawson,2021-11-11 18:17:23
Jessica Melton,2021-06-28 12:37:27
Michael Mitchell,2021-04-11 20:01:46
Rebecca Price,2020-10-18 16:46:15
Carly Graham,2021-08-18 01:41:56
Jordan Bean,2021-04-05 03:39:19
Daniel Boyer,2020-09-03 11:48:56
Christopher Lee,2021-05-26 09:52:54
Curtis Ford,2021-05-30 04:02:21
Stephanie Rogers,2020-07-05 05:01:52
Tracey Lara,2020-08-31 22:13:13
Carmen Clark,2020-06-11 00:58:01
Shawn Steele,2021-01-31 22:47:28
Jeff Chavez,2021-10-17 21:59:59
Matthew Brown,2021-01-30 11:44:24
Thomas Gibson,2021-10-01 02:57:38
Tammy Smith,2021-05-31 11:09:01
Crystal Paul,2021-12-10 23:39:07
Brianna Carrillo,2021-05-12 00:45:29
Tiffany Williams,2020-05-25 08:21:38
Penny Johnson,2021-09-16 23:39:32
Madison Edwards,2020-12-14 12:30:16
Charles Jacobs MD,2020-07-21 08:36:15
Alan Walker,2021-06-09 19:53:49
Tara Floyd,2020-12-17 21:53:44
Michelle Stafford,2021-03-18 10:10:55
Todd Hogan,2020-07-09 16:13:36
Amber Elliott,2021-11-13 05:24:55
Christopher Hendrix,2020-09-16 14:16:17
Anna Wood,2020-11-23 18:59:36
Sharon Chavez,2021-04-13 09:16:53
Charles White,2021-09-02 16:30:16
Andrew Huynh,2021-06-29 14:42:38
Samuel Moore,2021-04-18 15:33:19
Marilyn Rojas,2020-07-23 04:52:27
Patricia Jackson,2021-11-17 11:32:52
Brittney Howell,2021-02-03 08:21:29
Evelyn Jackson,2021-01-10 15:14:29
Briana Anderson,2020-12-30 07:33:57
Laurie Stuart,2021-06-04 15:58:38
Mark Potts,2020-06-30 02:33:47
Amy Perez,2020-12-13 22:03:46
Adam Knox,2021-07-12 10:19:07
Eileen Jackson,2021-12-07 21:38:04
Caroline Williams,2021-09-30 02:22:56
Kari Hill,2020-11-01 13:42:41
Jennifer Le,2021-11-28 13:30:52
Hunter Jones,2020-08-24 00:01:37
Molly Keith,2021-11-25 22:36:06
Stephanie Calhoun,2021-07-20 10:25:51
Cody Griffin II,2021-04-18 23:19:33
Angela Chaney,2020-06-17 15:20:32
Jill Gallagher,2021-08-27 01:33:03
Patricia Wong,2020-05-08 10:21:30
Dana Flores,2021-07-13 16:42:03
Carlos Franco,2021-06-16 12:16:41
Gabriel Austin,2020-08-11 13:39:50
Walter Harvey,2020-05-16 22:25:26
Jeffrey Berg,2020-10-31 00:36:21
Beth Fox,2021-03-25 06:12:02
Rebecca Floyd,2021-01-10 01:52:30
Nicole Holt,2020-05-04 22:43:43
Mary Erickson,2021-04-08 23:44:11
Melissa Downs,2021-06-23 10:57:38
Shannon Johnson,2021-07-22 22:04:04
Joseph Flores DDS,2021-08-10 06:25:29
Charles Porter,2020-09-04 15:26:15
Thomas Nichols,2021-03-18 19:34:32
Arthur Freeman,2021-10-08 02:04:48
Wendy Parker,2020-11-18 16:12:39
Phillip Martinez,2021-06-05 13:37:57
Theresa Williams,2021-07-19 08:28:12
Rebecca Dunn,2020-05-27 05:31:42
Robert Lester,2021-08-31 08:13:37
Randall Anderson,2021-11-17 03:10:24
Daniel Gomez,2020-07-18 08:22:13
Olivia Douglas,2020-08-24 13:35:01
Dakota Lopez,2021-06-10 07:07:38
Nicole Osborn,2020-08-02 18:15:37
Michelle Bartlett,2020-12-16 16:39:57
Gail Crane,2021-08-17 12:01:25
Diana Mullins,2021-03-22 01:57:19
Alexandria Dillon,2020-05-01 00:33:47
Sherri Ruiz,2020-10-15 03:05:30
Devin Arellano,2021-10-19 16:26:24
Shelley Decker,2021-12-09 07:51:31
Joseph Smith,2021-11-07 22:38:06
Jasmine Richardson,2021-11-12 21:33:23
Kelly Richardson,2020-09-26 14:17:07
Earl Taylor,2020-11-23 11:58:56
Catherine Navarro,2021-03-18 22:13:54
Richard Hartman,2021-07-07 08:57:16
Daniel Crawford,2021-03-31 07:33:55
Joseph Tucker,2021-03-12 13:46:15
Derek Harris,2021-07-01 22:05:39
Michael Collins,2021-12-06 00:30:46
Francisco Jones,2020-11-16 08:28:14
Christine Dominguez,2020-10-31 12:22:31
Douglas Lewis,2021-10-30 20:10:22
Karen Short,2020-06-17 10:37:47
Ryan Wright,2020-05-02 06:06:16
Nicholas Walker,2020-06-27 07:05:53
Zachary Richardson,2021-03-11 14:48:20
Gregory Castillo,2020-08-14 20:27:28
Tiffany Boyd,2020-08-13 13:17:34
Maria Russell,2021-07-21 22:26:56
David Mendoza,2021-05-13 22:52:03
David Gilbert,2021-05-19 07:12:46
Albert Lozano,2021-10-16 21:07:27
Joseph Fields,2020-11-09 03:58:05
Angela Carter,2021-05-23 02:54:07
Rhonda Hill,2020-07-29 11:51:36
Joshua Jenkins,2021-05-13 07:10:58
Daniel Sims,2021-02-15 17:35:30
Samuel Mooney,2020-05-25 02:56:59
Bryan King,2021-06-09 06:18:18
Katherine Travis,2021-06-13 01:08:24
Kelly Cruz,2021-04-13 20:59:41
Richard Robles,2021-07-21 06:35:22
James Stephenson,2021-06-05 08:20:54
Maria Woods,2020-05-07 17:41:28
Ronald Griffith,2020-11-03 10:59:44
Erik Brewer,2020-05-30 21:44:47
Aaron Williams,2021-09-06 17:39:58
Jay Holt,2021-08-26 20:42:05
Daniel Lara,2021-07-31 09:12:54
Alejandra Fuller,2021-08-10 21:41:53
Carolyn Shaw MD,2021-05-08 07:12:52
Michelle Anderson,2020-05-26 10:12:45
Kevin Mcknight,2020-07-09 16:54:11
Regina Phillips,2020-07-14 05:55:24
Sonya Rodriguez,2020-12-14 14:22:12
Rebecca White,2020-05-05 15:56:41
Mark Hodges,2020-10-07 12:06:11
Sierra Rice,2020-06-25 06:26:23
Jessica Roberts,2021-07-12 03:00:59
Lisa Jordan,2020-08-03 16:28:16
Nicole Calderon,2021-11-20 18:12:25
Terry Garcia,2020-11-27 20:36:25
Todd Reyes,2020-11-19 15:08:08
David Cook,2020-08-12 11:55:09
Richard Smith,2020-05-04 14:36:55
Kathleen Miller,2021-10-05 10:45:35
Christopher Keller,2020-10-01 20:32:43
Aaron Smith,2021-02-13 10:58:27
Pamela Newman,2021-04-17 17:05:09
Jason Savage,2021-08-15 03:02:08
Marissa Patterson,2020-05-07 22:21:00
Stephen Allen,2021-01-06 16:16:52
Madison Jones,2021-10-22 17:46:02
Michelle Day,2021-12-11 02:28:12
Anna Martin,2020-08-20 01:13:53
Dr. Edgar Guerra,2021-08-28 04:35:51
John Cummings,2020-07-02 23:30:23
Danny Lane,2021-09-09 04:32:22
Jonathon Weaver,2021-05-07 23:11:43
Donna Campbell,2020-07-11 11:49:12
Amanda Robles,2021-10-05 04:32:06
Justin Jordan,2021-11-23 20:23:20
Angel Hall,2021-03-02 12:33:25
Bradley Soto,2021-08-31 15:41:45
Stephanie Francis,2021-12-04 10:24:52
Gabriela Shaw,2020-10-14 15:34:28
Kevin Haynes,2021-01-15 16:39:28
Brandon Perkins,2021-05-06 12:59:51
David Holt,2021-07-15 15:53:32
Dr. Crystal Clark,2020-08-22 10:17:07
Timothy Solis,2021-11-04 08:37:06
Richard Mitchell,2021-05-30 14:05:45
Dr. Michael Miller DDS,2020-12-09 16:34:22
Kimberly Davis,2020-08-07 18:43:39
Crystal Peters,2021-04-21 17:55:10
Kevin Smith,2021-03-17 01:01:04
Johnny Bishop,2020-12-18 13:15:21
Marie Fox,2021-08-04 23:28:23
Rebecca Vargas,2020-05-09 02:49:24
Jay Ray,2020-06-01 02:34:51
Whitney Rodriguez,2021-12-10 16:19:57
Maria Vang,2021-04-26 03:10:39
Lisa Anderson,2021-01-30 00:05:03
David Todd,2021-05-21 02:30:28
Jeffery Walker,2021-01-24 15:56:50
Julie Wright,2021-06-05 10:09:07
Kirk Jacobs,2021-01-14 10:31:03
Marissa Lynch,2020-05-19 07:27:49
Paul Rodriguez,2021-04-08 02:53:10
Matthew Daniels,2020-09-16 22:19:37
Jamie Day,2021-02-14 15:09:50
Alan Banks,2020-12-18 04:40:48
Charles Riggs,2021-10-04 04:22:21
Rebecca Salazar,2021-10-17 06:00:10
Candace Peters,2021-09-25 20:44:55
Tammy Anderson,2021-09-07 17:50:10
Colleen Cook,2021-01-31 21:13:35
Tyler Thomas,2021-01-19 03:56:00
Richard Phillips,2020-08-05 08:19:30
Victoria Carroll,2020-08-10 14:12:40
Nicholas Warner,2021-04-09 16:13:39
Kimberly Lewis,2020-06-03 23:48:28
Kimberly Soto,2021-08-07 16:52:29
Mark Perez,2021-02-23 06:19:43
Christina Miller,2021-02-26 04:21:39
Emily Hodges,2020-06-01 09:37:56
Emily Roman,2021-03-06 16:28:20
Jessica Robles,2021-04-30 22:06:00
Courtney Rowe,2020-11-20 07:45:57
Brian Zimmerman,2020-11-09 06:13:56
Lori Conley,2021-05-09 11:00:54
Jacob Baker,2021-08-13 21:56:25
Brian Thompson,2021-05-31 02:18:00
Paul Jenkins,2021-04-14 14:08:22
Catherine Peterson,2021-01-12 18:07:51
Gabriel Scott,2021-09-19 02:05:58
Stephen Wright,2020-06-06 17:57:19
James Pacheco,2021-05-06 05:34:03
Terrance Lopez,2020-09-16 18:47:58
Stephen Mckinney,2020-10-28 07:38:27
Kevin Delgado,2020-12-25 23:47:11
Martha Sanchez,2021-04-15 19:43:27
Latasha Hayden,2020-11-08 01:30:17
Heather Villarreal,2020-12-29 02:03:19
Michael Rivas,2021-01-26 14:48:32
Andre Miles,2021-10-18 00:27:37
Anna Brown,2021-08-19 04:52:35
Dominique Stokes,2021-11-28 14:13:19
Robert Morse,2020-11-15 17:10:13
Sandra Johnson,2021-07-05 02:47:14
Kathryn Romero,2020-12-16 08:06:28
Jeremy Smith,2020-07-19 00:52:50
Dr. Melissa Tucker,2021-03-13 20:58:28
Katherine Espinoza,2021-09-06 21:02:21
Meredith Clark,2020-05-13 02:06:47
Marie Burke,2021-11-18 18:10:01
Nicholas Mitchell,2021-11-11 13:28:08
Joshua Torres,2020-07-28 01:16:34
Zoe Gilbert,2020-06-24 13:12:25
Gregory Cochran,2020-08-19 18:48:01
Mike Gutierrez,2020-05-17 11:57:51
Cindy Brown,2021-11-25 03:02:10
Earl Rodriguez,2020-10-25 21:17:31
Joseph Stanley,2021-08-13 15:31:56
Arthur Roberts,2020-12-06 05:37:49
Elizabeth Wells,2020-11-03 04:51:40
Arthur Ramirez,2021-04-20 08:53:14
Shannon Underwood,2021-11-11 10:00:07
Christopher Murray,2021-06-03 05:31:36
Shaun Smith,2020-09-09 13:14:18
Richard Jackson,2021-06-11 21:32:18
Micheal Carter,2020-07-17 10:27:51
Christine Lee,2020-05-21 04:13:19
Karen Brooks,2020-07-16 01:20:24
Nicholas Hernandez,2020-05-24 11:18:20
Joshua Willis,2020-11-09 00:25:45
Adam Fitzgerald,2021-12-04 03:25:55
Jessica Parker,2020-12-27 16:21:46
Steven Martinez,2020-12-23 00:56:22
Erik Anderson,2021-12-13 10:17:54
Jeffrey Gray,2021-01-09 09:26:47
Kimberly Jones,2020-04-30 04:00:42
Kristen Baker,2020-08-25 17:59:06
Jeffrey Roberson,2021-02-14 00:30:23
Lacey Lopez,2021-11-08 14:15:12
Lance Wood,2021-04-22 17:12:16
Victoria Nelson,2021-05-27 02:07:06
Bradley Adkins,2020-05-21 01:32:37
Barbara Richmond,2021-09-18 23:51:59
Linda Williams,2021-08-09 20:09:15
Heather Smith,2021-06-17 23:21:13
Ricardo Flores,2020-07-08 01:54:41
Tammy Santos,2021-03-31 16:28:10
Cheryl Mueller DVM,2021-08-12 13:55:18
Melinda Franklin,2021-08-16 20:40:40
Alex Thornton,2020-12-08 20:06:03
Robert Butler,2020-09-10 01:10:15
Christopher Mcdonald,2021-11-17 12:42:52
Jeremy Jimenez,2021-08-23 14:42:57
Jeffrey Phillips,2021-08-16 13:51:01
Julie Melendez,2021-10-30 01:28:57
Valerie Anderson,2020-05-10 21:47:48
Theresa White,2021-02-07 17:21:50
Jessica Haynes,2021-01-11 02:52:00
Jared Mcgee,2021-10-12 13:01:23
Paul Richards,2021-12-19 20:17:23
Mark Gardner,2021-08-27 02:56:28
Edgar Richards PhD,2021-03-08 23:59:55
Sylvia Allen,2021-10-05 13:19:08
Stephen King,2020-06-28 09:03:19
Jennifer Wagner,2020-05-18 14:00:27
Tony Davis,2020-09-15 21:32:26
Robert Jackson,2020-06-22 01:38:39
Edward Allen,2021-07-02 15:24:55
Edward Perkins,2021-12-09 09:15:35
John Williams,2021-05-14 04:26:58
Stephen Giles,2021-11-28 17:55:14
John Combs,2020-07-01 02:07:59
Todd Fry,2021-12-07 06:00:37
Mr. Craig Tyler,2020-12-19 16:23:57
Angela Greene,2020-06-08 14:37:43
Joyce Vazquez,2020-07-30 09:06:37
John Weber,2021-05-17 15:09:42
Rachel Brown,2021-05-08 12:26:56
Andrew Chase,2021-02-08 12:15:38
Bradley Bryan,2021-01-23 16:59:35
Dawn Wilson,2020-08-03 22:03:57
Michelle Johnson,2020-12-07 17:16:10
Jesus Roberts,2021-06-25 08:44:51
Kevin Campbell,2020-07-08 23:12:36
Wesley Smith,2021-09-30 13:11:44
Richard Ruiz,2020-08-06 11:33:13
Amber Horn,2021-07-10 19:05:23
Wesley Garcia,2020-10-30 16:34:35
Mr. Jeffery Christensen,2021-11-20 16:46:19
Connor Nguyen,2021-09-23 16:26:14
David Mcdonald,2021-05-28 18:54:37
Linda Ford,2021-07-21 06:12:55
Marie Owens,2021-05-07 23:40:56
Michelle Chapman,2021-09-27 23:08:15
Sara Clark,2021-12-28 06:43:12
Jessica Hudson,2020-05-25 15:06:06
Sara Harvey,2021-03-12 03:01:16
Dean Rodgers,2020-11-23 08:24:20
Jeffrey Spencer,2021-05-20 03:42:43
Seth Stephenson,2021-06-16 18:56:52
James Ball,2020-10-04 05:17:47
Derrick Alexander,2021-10-19 00:04:06
Todd Curry,2020-05-13 16:09:41
Sharon Solis,2020-08-29 07:10:55
Darren Howard,2020-06-07 23:02:25
Jeffrey Lee,2021-07-25 03:52:19
Ryan Hill,2021-03-07 00:35:06
Fred Bailey,2021-02-14 12:12:49
Stephanie Greer,2020-08-09 01:27:01
Julie Jordan,2021-07-17 03:44:13
Kerri Harris,2021-12-29 00:10:20
Adam Chapman,2021-07-02 09:31:21
Christopher Thornton,2021-02-18 09:40:10
Jeremy Ortiz,2020-07-20 19:18:46
Kim Scott,2020-07-24 17:55:15
Michael Cox,2020-11-29 11:34:49
Kimberly Jones,2021-02-18 23:49:09
Amanda Irwin,2021-08-09 18:38:19
John Cameron,2021-01-05 17:49:21
Suzanne Fleming,2021-01-22 23:08:26
Kayla Stephens,2020-09-14 05:09:39
Dawn Freeman,2020-07-18 20:03:53
Jasmine Williams,2020-07-31 06:08:04
Tracy Allen,2021-11-20 07:34:38
Brooke Cardenas,2021-03-21 23:38:46
Tara Clark,2021-10-08 21:07:31
Brittany Lawrence,2020-12-12 10:07:15
Maria Taylor,2020-10-11 04:15:32
Johnny Estrada,2021-07-30 17:54:47
Megan Reyes,2020-10-04 23:30:55
Sherri Lewis,2020-12-04 08:23:16
Alexis Hoffman,2021-07-14 21:09:30
Breanna Williamson,2020-05-02 23:05:33
Kelly Brown,2021-08-14 10:16:54
Ashley Marshall,2020-10-17 06:02:00
Richard Fowler,2021-08-26 10:16:27
Paul Watson,2020-08-23 07:11:32
Brianna Klein,2021-06-02 07:42:59
Donald Logan,2021-12-16 21:25:07
Kimberly Smith,2021-09-30 07:57:37
Mary Perez,2021-03-13 12:10:50
Xavier Reese,2021-05-15 19:05:50
Tasha Gonzalez,2020-05-30 04:02:58
Stephen Johnson,2021-01-12 00:09:21
Elizabeth Matthews,2021-06-02 19:41:59
Christine Smith,2020-05-26 17:56:21
Richard Griffith,2020-05-15 22:21:54
Amy Lawrence,2021-01-15 15:07:04
Herbert Baxter,2021-08-03 22:07:45
Sabrina Perez,2021-06-30 00:29:22
Antonio Le,2021-01-31 21:50:00
Tamara Arnold,2020-06-30 22:14:17
Kevin Howard,2020-06-13 04:53:27
Mitchell Lara,2020-10-04 08:03:09
Kelsey West,2021-11-23 20:09:20
Jill Rodgers,2020-09-17 03:09:57
Kelly David,2021-03-27 07:40:30
Lori Ward,2021-04-01 05:37:04
James Holland,2020-11-27 21:56:57
Jessica Mckenzie,2020-10-22 00:03:06
Stephanie Howard,2021-04-24 20:22:14
Jonathan Jackson,2020-05-24 01:45:34
Bianca Erickson,2021-07-21 22:30:54
Philip Kelley,2021-05-04 10:53:47
Brittany Matthews,2021-01-26 01:53:08
Kathleen Walker,2020-12-13 09:12:59
Andrew Adams,2020-06-01 16:02:06
Sean Brown,2021-02-03 07:05:06
Elizabeth Zhang MD,2021-07-21 00:23:04
Eric Robinson,2020-08-10 23:06:25
Nathan Acosta,2020-05-20 02:49:51
Paul Jackson,2021-12-13 15:50:59
John Jones,2021-11-19 21:50:27
Amanda Mason,2021-12-09 18:55:37
Dr. Julia Hunt DVM,2021-10-11 05:54:19
Donald Hartman,2021-11-16 15:15:15
Kristen Johnson,2020-09-30 02:36:28
Gary Brown,2021-12-05 10:29:07
Jennifer Price,2021-12-16 14:36:57
Steven Pope,2021-04-27 13:46:06
Anthony Hall,2021-08-04 15:00:54
Jeremy Price,2021-08-13 06:17:29
Ashley Wilkinson,2021-06-01 15:43:47
Richard Frazier,2021-04-16 03:49:16
Dr. Meghan Murphy DVM,2021-07-05 03:40:58
Keith Hernandez,2021-05-27 12:07:01
Lauren Anderson,2021-09-21 06:22:38
Robert Rose,2021-10-13 15:25:01
Julia Johnson,2021-02-06 12:25:26
Gabriel Todd,2021-01-28 19:29:10
Ashley Collins,2020-08-05 08:10:24
Susan David,2020-11-16 17:05:28
Evan Baldwin,2020-10-17 18:50:28
Suzanne Chase,2021-06-26 21:30:04
Makayla Martin,2021-04-11 05:19:48
Claire Hernandez,2021-01-07 23:13:27
William Ramirez,2020-10-06 19:03:11
Ashley Torres,2021-01-19 18:38:51
Joshua Travis,2020-09-23 07:53:18
Sarah Fuller,2021-02-13 19:17:08
Christopher Allen,2021-06-27 18:40:05
Craig Hancock,2020-11-28 06:28:24
Shane Mills,2021-11-13 18:03:40
Hannah Smith,2020-09-19 18:17:05
Heather Berger,2020-07-27 19:09:31
Emily Bolton,2021-08-21 02:32:02
Teresa Hall,2021-06-23 12:21:55
Jennifer Johnson,2021-12-13 07:20:48
Kevin Thomas,2020-10-16 22:09:11
David Barnes,2020-09-06 01:20:24
Amanda Wilson,2021-08-27 16:59:58
Steven Andersen,2021-08-02 20:51:29
Leslie Miller,2021-02-12 23:40:29
Dwayne Murphy,2021-02-19 18:47:14
James Pearson,2020-08-04 11:44:40
William Ellison,2020-12-15 14:57:37
Michael Perkins,2020-09-18 17:40:18
Kathleen Morgan,2020-08-12 04:40:04
Robin Ball,2020-06-09 04:24:32
Elizabeth Yu,2020-09-01 14:19:57
Gina Flores,2021-01-02 03:27:49
Kimberly Campbell,2020-07-10 23:42:40
Meagan Bowers,2020-10-04 17:48:13
Todd Prince,2021-04-13 08:51:14
Susan Harmon,2021-12-30 09:32:11
Jordan Taylor,2021-01-21 01:00:41
Jason Weaver,2020-12-22 13:51:06
Kevin Hutchinson PhD,2021-09-18 09:25:31
Travis Griffin,2021-09-06 14:02:13
David Richards,2021-12-18 04:11:03
Daniel Brown,2021-03-27 12:19:07
Johnny Henderson,2020-05-17 20:38:50
Anthony Brown,2021-01-12 17:11:59
Mark Warner,2021-03-07 17:09:40
Stephen Olson,2021-10-27 16:44:45
Gabrielle Trevino,2021-05-01 05:55:04
Lindsey Rice,2021-12-21 23:47:59
David Banks,2021-05-12 13:06:52
Melissa Stewart,2020-08-18 11:00:37
Lisa Brown,2021-03-17 19:43:48
Kimberly Benton,2021-04-16 21:40:26
Madison Mann,2020-07-18 12:27:42
Beth Shepherd,2021-04-21 19:38:34
Rebecca Campbell,2020-06-24 20:31:44
Samantha Bridges,2021-05-07 17:53:45
Nicole Davis,2021-07-13 15:56:55
Isabel Smith,2021-04-19 08:28:13
Mary Bell,2021-12-14 12:04:42
Kyle Franklin,2021-04-01 06:58:15
Alexandria Jarvis,2021-05-22 10:27:41
Maria Johnston,2020-11-07 13:53:57
Daniel Nash,2020-05-12 02:36:56
Mark Harris,2020-08-07 16:25:09
Dawn Alexander,2020-06-25 20:40:27
Jason Warren,2021-02-07 22:56:24
Laura Perez,2020-08-18 15:13:22
Anthony Martin,2020-06-24 05:24:31
Aaron Mendez,2021-09-03 21:37:22
John Sanchez,2021-11-25 07:33:09
Kenneth Evans,2020-12-07 12:17:55
James Torres,2021-07-19 10:50:01
Chad Mcpherson,2021-10-24 21:33:04
Kimberly Rangel,2021-06-25 08:02:26
Theresa Miller,2021-12-21 11:21:10
Michael Rasmussen,2021-07-12 15:29:45
Emily Leach,2021-05-22 10:06:58
Christine Baker,2020-07-12 02:03:32
Amanda Wright,2020-12-20 01:35:15
Chad Nelson,2021-09-23 01:58:30
Troy Morris,2020-06-06 12:06:51
Casey Valdez,2021-07-08 10:03:19
Tiffany Marshall,2021-08-12 07:17:12
