[{
  "header": "Google Play Films et TV",
  "title": "Vous avez consulté Play Films et TV",
  "titleUrl": "https://play.google.com/store/movies/",
  "time": "2018-08-06T20:38:55.876Z",
  "products": ["Google Play Films et TV"],
  "activityControls": ["Activité sur le Web et les applications"]
},{
  "header": "Google Play Films et TV",
  "title": "Vous avez consulté Play Films et TV",
  "titleUrl": "https://play.google.com/store/movies/",
  "time": "2018-07-04T07:39:28.044Z",
  "products": ["Google Play Films et TV"],
  "activityControls": ["Activité sur le Web et les applications"]
}]