[{
  "header": "Shopping",
  "title": "A consulté Cage ferplast rabbit 100 double pour lapin et cobaye - cage ferplast rabbit 100 double - 99 x 51,5 x h 97,5 cm",
  "titleUrl": "https://www.google.com/shopping/product/10178501706594327965",
  "time": "2019-04-22T18:19:20.678Z",
  "products": ["Shopping"],
  "activityControls": ["Activité sur le Web et les applications"]
},{
  "header": "Shopping",
  "title": "A consulté Cage ferplast cavie 80 double pour lapin et cobaye - cage ferplast cavie 80 double - 80 x 50 x h 84 cm",
  "titleUrl": "https://www.google.com/shopping/product/7929916418327831642",
  "time": "2019-04-22T18:19:04.262Z",
  "products": ["Shopping"],
  "activityControls": ["Activité sur le Web et les applications"]
}]