[{
  "header": "Google Cloud",
  "title": "Vous avez consulté Geolocation API – API et services – My Project 43869",
  "titleUrl": "https://console.cloud.google.com/apis/library/geolocation.googleapis.com?folder\u0026organizationId\u0026project\u003deng-serenity-344114",
  "time": "2022-03-14T14:21:41.598Z",
  "products": ["Google Cloud"],
  "activityControls": ["Activité sur le Web et les applications"]
},{
  "header": "Google Cloud",
  "title": "Vous avez consulté Google Maps Platform – My Project 43869",
  "titleUrl": "https://console.cloud.google.com/google/maps-apis/new?folder\u0026organizationId\u0026project\u003deng-serenity-344114",
  "time": "2022-03-14T14:21:34.511Z",
  "products": ["Google Cloud"],
  "activityControls": ["Activité sur le Web et les applications"]
},{
  "header": "Google Cloud",
  "title": "Vous avez consulté Facturation – PolyChef",
  "titleUrl": "https://console.cloud.google.com/billing/enable?flow\u003dmaps\u0026project\u003dpolychef-1ca75\u0026redirect\u003d%2Fgoogle%2Fmaps-apis%2Fwelcome%3Fproject%3Dpolychef-1ca75%26step%3Djust_ask\u0026redirectOnCancel\u003dhttps%3A%2F%2Fcloud.google.com%2Fmaps-platform%2F",
  "time": "2022-03-14T14:21:06.127Z",
  "products": ["Google Cloud"],
  "activityControls": ["Activité sur le Web et les applications"]
}]