{"impressions_history_posts_seen": [{"title": "", "media_map_data": {}, "string_map_data": {"Author": {"href": "", "value": "Cory.norris", "timestamp": 0}, "Time": {"href": "", "value": "Apr 24, 2021, 14:08 PM", "timestamp": 0}}}, {"title": "", "media_map_data": {}, "string_map_data": {"Author": {"href": "", "value": "Charles.kramer", "timestamp": 0}, "Time": {"href": "", "value": "Apr 13, 2020, 00:33 AM", "timestamp": 0}}}, {"title": "", "media_map_data": {}, "string_map_data": {"Author": {"href": "", "value": "Sarah.frey", "timestamp": 0}, "Time": {"href": "", "value": "Aug 11, 2021, 13:31 PM", "timestamp": 0}}}, {"title": "", "media_map_data": {}, "string_map_data": {"Author": {"href": "", "value": "Gina.berry", "timestamp": 0}, "Time": {"href": "", "value": "Oct 04, 2020, 19:18 PM", "timestamp": 0}}}, {"title": "", "media_map_data": {}, "string_map_data": {"Author": {"href": "", "value": "Brandon.stanton", "timestamp": 0}, "Time": {"href": "", "value": "Aug 11, 2018, 06:58 AM", "timestamp": 0}}}, {"title": "", "media_map_data": {}, "string_map_data": {"Author": {"href": "", "value": "Joseph.huff", "timestamp": 0}, "Time": {"href": "", "value": "Jun 03, 2019, 02:41 AM", "timestamp": 0}}}, {"title": "", "media_map_data": {}, "string_map_data": {"Author": {"href": "", "value": "Michelle.phillips", "timestamp": 0}, "Time": {"href": "", "value": "Sep 25, 2020, 03:21 AM", "timestamp": 0}}}, {"title": "", "media_map_data": {}, "string_map_data": {"Author": {"href": "", "value": "Jonathan.jordan", "timestamp": 0}, "Time": {"href": "", "value": "Dec 12, 2019, 01:24 AM", "timestamp": 0}}}, {"title": "", "media_map_data": {}, "string_map_data": {"Author": {"href": "", "value": "Michael.patel", "timestamp": 0}, "Time": {"href": "", "value": "May 28, 2019, 17:52 PM", "timestamp": 0}}}, {"title": "", "media_map_data": {}, "string_map_data": {"Author": {"href": "", "value": "Joshua.ochoa", "timestamp": 0}, "Time": {"href": "", "value": "Jan 02, 2019, 04:27 AM", "timestamp": 0}}}, {"title": "", "media_map_data": {}, "string_map_data": {"Author": {"href": "", "value": "Linda.martin", "timestamp": 0}, "Time": {"href": "", "value": "Mar 26, 2020, 11:17 AM", "timestamp": 0}}}, {"title": "", "media_map_data": {}, "string_map_data": {"Author": {"href": "", "value": "Hannah.martinez", "timestamp": 0}, "Time": {"href": "", "value": "Sep 16, 2019, 19:10 PM", "timestamp": 0}}}, {"title": "", "media_map_data": {}, "string_map_data": {"Author": {"href": "", "value": "Jeanne.campbell", "timestamp": 0}, "Time": {"href": "", "value": "May 01, 2021, 05:03 AM", "timestamp": 0}}}, {"title": "", "media_map_data": {}, "string_map_data": {"Author": {"href": "", "value": "Martin.kramer", "timestamp": 0}, "Time": {"href": "", "value": "Jul 25, 2019, 13:14 PM", "timestamp": 0}}}, {"title": "", "media_map_data": {}, "string_map_data": {"Author": {"href": "", "value": "Molly.wallace", "timestamp": 0}, "Time": {"href": "", "value": "Apr 28, 2019, 14:47 PM", "timestamp": 0}}}, {"title": "", "media_map_data": {}, "string_map_data": {"Author": {"href": "", "value": "Austin.flores", "timestamp": 0}, "Time": {"href": "", "value": "Nov 26, 2021, 14:01 PM", "timestamp": 0}}}, {"title": "", "media_map_data": {}, "string_map_data": {"Author": {"href": "", "value": "Tonya.andrews", "timestamp": 0}, "Time": {"href": "", "value": "Mar 28, 2019, 23:10 PM", "timestamp": 0}}}, {"title": "", "media_map_data": {}, "string_map_data": {"Author": {"href": "", "value": "Kyle.watson", "timestamp": 0}, "Time": {"href": "", "value": "Jun 04, 2018, 14:32 PM", "timestamp": 0}}}, {"title": "", "media_map_data": {}, "string_map_data": {"Author": {"href": "", "value": "Kenneth.anderson", "timestamp": 0}, "Time": {"href": "", "value": "Jun 29, 2018, 11:27 AM", "timestamp": 0}}}, {"title": "", "media_map_data": {}, "string_map_data": {"Author": {"href": "", "value": "Angela.evans", "timestamp": 0}, "Time": {"href": "", "value": "Jun 11, 2019, 12:13 PM", "timestamp": 0}}}, {"title": "", "media_map_data": {}, "string_map_data": {"Author": {"href": "", "value": "David.jacobson", "timestamp": 0}, "Time": {"href": "", "value": "Jun 17, 2022, 03:55 AM", "timestamp": 0}}}, {"title": "", "media_map_data": {}, "string_map_data": {"Author": {"href": "", "value": "Ricardo.frederick", "timestamp": 0}, "Time": {"href": "", "value": "Nov 10, 2022, 10:53 AM", "timestamp": 0}}}, {"title": "", "media_map_data": {}, "string_map_data": {"Author": {"href": "", "value": "Lauren.adams", "timestamp": 0}, "Time": {"href": "", "value": "Dec 28, 2019, 03:15 AM", "timestamp": 0}}}, {"title": "", "media_map_data": {}, "string_map_data": {"Author": {"href": "", "value": "Susan.french", "timestamp": 0}, "Time": {"href": "", "value": "Nov 27, 2019, 02:50 AM", "timestamp": 0}}}, {"title": "", "media_map_data": {}, "string_map_data": {"Author": {"href": "", "value": "Tamara.hill", "timestamp": 0}, "Time": {"href": "", "value": "Jan 17, 2021, 00:56 AM", "timestamp": 0}}}, {"title": "", "media_map_data": {}, "string_map_data": {"Author": {"href": "", "value": "Andrea.wilkerson", "timestamp": 0}, "Time": {"href": "", "value": "Jun 30, 2022, 01:36 AM", "timestamp": 0}}}, {"title": "", "media_map_data": {}, "string_map_data": {"Author": {"href": "", "value": "David.thomas", "timestamp": 0}, "Time": {"href": "", "value": "Jul 16, 2018, 14:43 PM", "timestamp": 0}}}, {"title": "", "media_map_data": {}, "string_map_data": {"Author": {"href": "", "value": "Kendra.powers", "timestamp": 0}, "Time": {"href": "", "value": "Oct 30, 2019, 19:41 PM", "timestamp": 0}}}, {"title": "", "media_map_data": {}, "string_map_data": {"Author": {"href": "", "value": "David.fernandez", "timestamp": 0}, "Time": {"href": "", "value": "Sep 02, 2019, 11:32 AM", "timestamp": 0}}}, {"title": "", "media_map_data": {}, "string_map_data": {"Author": {"href": "", "value": "Andre.powers", "timestamp": 0}, "Time": {"href": "", "value": "Jul 06, 2020, 20:55 PM", "timestamp": 0}}}, {"title": "", "media_map_data": {}, "string_map_data": {"Author": {"href": "", "value": "David.garner", "timestamp": 0}, "Time": {"href": "", "value": "Aug 04, 2020, 05:37 AM", "timestamp": 0}}}, {"title": "", "media_map_data": {}, "string_map_data": {"Author": {"href": "", "value": "Madison.martin", "timestamp": 0}, "Time": {"href": "", "value": "Sep 01, 2020, 20:48 PM", "timestamp": 0}}}, {"title": "", "media_map_data": {}, "string_map_data": {"Author": {"href": "", "value": "Jose.morris", "timestamp": 0}, "Time": {"href": "", "value": "May 18, 2020, 22:12 PM", "timestamp": 0}}}, {"title": "", "media_map_data": {}, "string_map_data": {"Author": {"href": "", "value": "Ryan.huerta", "timestamp": 0}, "Time": {"href": "", "value": "Aug 23, 2022, 17:45 PM", "timestamp": 0}}}, {"title": "", "media_map_data": {}, "string_map_data": {"Author": {"href": "", "value": "Ian.snow", "timestamp": 0}, "Time": {"href": "", "value": "Jan 20, 2021, 09:04 AM", "timestamp": 0}}}, {"title": "", "media_map_data": {}, "string_map_data": {"Author": {"href": "", "value": "Nina.bowen", "timestamp": 0}, "Time": {"href": "", "value": "Jan 17, 2022, 11:38 AM", "timestamp": 0}}}, {"title": "", "media_map_data": {}, "string_map_data": {"Author": {"href": "", "value": "Brian.harris", "timestamp": 0}, "Time": {"href": "", "value": "Jul 02, 2019, 23:34 PM", "timestamp": 0}}}, {"title": "", "media_map_data": {}, "string_map_data": {"Author": {"href": "", "value": "William.jimenez", "timestamp": 0}, "Time": {"href": "", "value": "Oct 14, 2022, 01:31 AM", "timestamp": 0}}}, {"title": "", "media_map_data": {}, "string_map_data": {"Author": {"href": "", "value": "Brandy.gray", "timestamp": 0}, "Time": {"href": "", "value": "Jan 18, 2021, 17:06 PM", "timestamp": 0}}}, {"title": "", "media_map_data": {}, "string_map_data": {"Author": {"href": "", "value": "Christopher.griffin", "timestamp": 0}, "Time": {"href": "", "value": "Jun 10, 2020, 13:24 PM", "timestamp": 0}}}, {"title": "", "media_map_data": {}, "string_map_data": {"Author": {"href": "", "value": "Sean.rhodes", "timestamp": 0}, "Time": {"href": "", "value": "Apr 16, 2019, 22:46 PM", "timestamp": 0}}}, {"title": "", "media_map_data": {}, "string_map_data": {"Author": {"href": "", "value": "Cheryl.clark", "timestamp": 0}, "Time": {"href": "", "value": "Jul 07, 2022, 17:56 PM", "timestamp": 0}}}, {"title": "", "media_map_data": {}, "string_map_data": {"Author": {"href": "", "value": "Damon.sosa", "timestamp": 0}, "Time": {"href": "", "value": "Aug 17, 2022, 17:31 PM", "timestamp": 0}}}, {"title": "", "media_map_data": {}, "string_map_data": {"Author": {"href": "", "value": "Stephanie.hernandez", "timestamp": 0}, "Time": {"href": "", "value": "Oct 08, 2018, 05:57 AM", "timestamp": 0}}}, {"title": "", "media_map_data": {}, "string_map_data": {"Author": {"href": "", "value": "Bethany.dennis", "timestamp": 0}, "Time": {"href": "", "value": "Feb 22, 2022, 10:16 AM", "timestamp": 0}}}, {"title": "", "media_map_data": {}, "string_map_data": {"Author": {"href": "", "value": "Cory.estrada", "timestamp": 0}, "Time": {"href": "", "value": "Aug 24, 2022, 22:02 PM", "timestamp": 0}}}, {"title": "", "media_map_data": {}, "string_map_data": {"Author": {"href": "", "value": "Cassandra.henderson", "timestamp": 0}, "Time": {"href": "", "value": "Jul 22, 2019, 06:46 AM", "timestamp": 0}}}, {"title": "", "media_map_data": {}, "string_map_data": {"Author": {"href": "", "value": "Jessica.carter", "timestamp": 0}, "Time": {"href": "", "value": "Sep 13, 2021, 06:00 AM", "timestamp": 0}}}, {"title": "", "media_map_data": {}, "string_map_data": {"Author": {"href": "", "value": "Susan.williams", "timestamp": 0}, "Time": {"href": "", "value": "Jul 30, 2019, 14:17 PM", "timestamp": 0}}}, {"title": "", "media_map_data": {}, "string_map_data": {"Author": {"href": "", "value": "Maxwell.phillips", "timestamp": 0}, "Time": {"href": "", "value": "Apr 11, 2019, 07:06 AM", "timestamp": 0}}}, {"title": "", "media_map_data": {}, "string_map_data": {"Author": {"href": "", "value": "Wanda.walton", "timestamp": 0}, "Time": {"href": "", "value": "Nov 09, 2018, 04:31 AM", "timestamp": 0}}}, {"title": "", "media_map_data": {}, "string_map_data": {"Author": {"href": "", "value": "William.chavez", "timestamp": 0}, "Time": {"href": "", "value": "May 20, 2018, 05:09 AM", "timestamp": 0}}}, {"title": "", "media_map_data": {}, "string_map_data": {"Author": {"href": "", "value": "Joshua.ryan", "timestamp": 0}, "Time": {"href": "", "value": "Aug 28, 2020, 05:16 AM", "timestamp": 0}}}, {"title": "", "media_map_data": {}, "string_map_data": {"Author": {"href": "", "value": "Nicholas.chambers", "timestamp": 0}, "Time": {"href": "", "value": "Dec 27, 2020, 16:46 PM", "timestamp": 0}}}, {"title": "", "media_map_data": {}, "string_map_data": {"Author": {"href": "", "value": "Adrian.burns", "timestamp": 0}, "Time": {"href": "", "value": "Mar 01, 2020, 09:31 AM", "timestamp": 0}}}, {"title": "", "media_map_data": {}, "string_map_data": {"Author": {"href": "", "value": "Mike.chandler", "timestamp": 0}, "Time": {"href": "", "value": "Sep 14, 2021, 03:10 AM", "timestamp": 0}}}, {"title": "", "media_map_data": {}, "string_map_data": {"Author": {"href": "", "value": "William.harrell", "timestamp": 0}, "Time": {"href": "", "value": "Oct 21, 2021, 01:42 AM", "timestamp": 0}}}, {"title": "", "media_map_data": {}, "string_map_data": {"Author": {"href": "", "value": "Jeffrey.lopez", "timestamp": 0}, "Time": {"href": "", "value": "Feb 22, 2018, 14:42 PM", "timestamp": 0}}}, {"title": "", "media_map_data": {}, "string_map_data": {"Author": {"href": "", "value": "Sarah.carson", "timestamp": 0}, "Time": {"href": "", "value": "Jan 18, 2019, 12:32 PM", "timestamp": 0}}}, {"title": "", "media_map_data": {}, "string_map_data": {"Author": {"href": "", "value": "Matthew.raymond", "timestamp": 0}, "Time": {"href": "", "value": "Sep 30, 2021, 13:30 PM", "timestamp": 0}}}, {"title": "", "media_map_data": {}, "string_map_data": {"Author": {"href": "", "value": "Daniel.holmes", "timestamp": 0}, "Time": {"href": "", "value": "Jul 06, 2022, 00:52 AM", "timestamp": 0}}}, {"title": "", "media_map_data": {}, "string_map_data": {"Author": {"href": "", "value": "David.hill", "timestamp": 0}, "Time": {"href": "", "value": "Jul 01, 2018, 16:56 PM", "timestamp": 0}}}, {"title": "", "media_map_data": {}, "string_map_data": {"Author": {"href": "", "value": "Amanda.hansen", "timestamp": 0}, "Time": {"href": "", "value": "Sep 21, 2021, 07:10 AM", "timestamp": 0}}}, {"title": "", "media_map_data": {}, "string_map_data": {"Author": {"href": "", "value": "Stephanie.tucker", "timestamp": 0}, "Time": {"href": "", "value": "Feb 15, 2020, 15:30 PM", "timestamp": 0}}}, {"title": "", "media_map_data": {}, "string_map_data": {"Author": {"href": "", "value": "Jimmy.duran", "timestamp": 0}, "Time": {"href": "", "value": "Apr 24, 2020, 09:12 AM", "timestamp": 0}}}, {"title": "", "media_map_data": {}, "string_map_data": {"Author": {"href": "", "value": "Darrell.morris", "timestamp": 0}, "Time": {"href": "", "value": "Apr 30, 2022, 00:01 AM", "timestamp": 0}}}, {"title": "", "media_map_data": {}, "string_map_data": {"Author": {"href": "", "value": "Anthony.perry", "timestamp": 0}, "Time": {"href": "", "value": "Mar 20, 2019, 11:35 AM", "timestamp": 0}}}, {"title": "", "media_map_data": {}, "string_map_data": {"Author": {"href": "", "value": "Emily.martin", "timestamp": 0}, "Time": {"href": "", "value": "Dec 05, 2020, 19:08 PM", "timestamp": 0}}}, {"title": "", "media_map_data": {}, "string_map_data": {"Author": {"href": "", "value": "Vanessa.peters", "timestamp": 0}, "Time": {"href": "", "value": "Feb 13, 2021, 13:15 PM", "timestamp": 0}}}, {"title": "", "media_map_data": {}, "string_map_data": {"Author": {"href": "", "value": "Summer.kelley", "timestamp": 0}, "Time": {"href": "", "value": "Jun 17, 2021, 18:45 PM", "timestamp": 0}}}, {"title": "", "media_map_data": {}, "string_map_data": {"Author": {"href": "", "value": "Wyatt.bright", "timestamp": 0}, "Time": {"href": "", "value": "Aug 21, 2021, 18:30 PM", "timestamp": 0}}}, {"title": "", "media_map_data": {}, "string_map_data": {"Author": {"href": "", "value": "Patrick.walker", "timestamp": 0}, "Time": {"href": "", "value": "Aug 30, 2020, 11:30 AM", "timestamp": 0}}}, {"title": "", "media_map_data": {}, "string_map_data": {"Author": {"href": "", "value": "Daniel.davis", "timestamp": 0}, "Time": {"href": "", "value": "Feb 22, 2021, 19:56 PM", "timestamp": 0}}}, {"title": "", "media_map_data": {}, "string_map_data": {"Author": {"href": "", "value": "Brittany.best", "timestamp": 0}, "Time": {"href": "", "value": "Oct 02, 2020, 09:44 AM", "timestamp": 0}}}, {"title": "", "media_map_data": {}, "string_map_data": {"Author": {"href": "", "value": "Diana.hanson", "timestamp": 0}, "Time": {"href": "", "value": "Aug 15, 2022, 14:05 PM", "timestamp": 0}}}, {"title": "", "media_map_data": {}, "string_map_data": {"Author": {"href": "", "value": "Jerome.weeks", "timestamp": 0}, "Time": {"href": "", "value": "Jan 29, 2019, 08:45 AM", "timestamp": 0}}}, {"title": "", "media_map_data": {}, "string_map_data": {"Author": {"href": "", "value": "Sandra.hodges", "timestamp": 0}, "Time": {"href": "", "value": "May 11, 2018, 09:21 AM", "timestamp": 0}}}, {"title": "", "media_map_data": {}, "string_map_data": {"Author": {"href": "", "value": "Chelsea.stewart", "timestamp": 0}, "Time": {"href": "", "value": "Jun 08, 2018, 11:22 AM", "timestamp": 0}}}, {"title": "", "media_map_data": {}, "string_map_data": {"Author": {"href": "", "value": "Tommy.simmons", "timestamp": 0}, "Time": {"href": "", "value": "May 25, 2022, 13:16 PM", "timestamp": 0}}}, {"title": "", "media_map_data": {}, "string_map_data": {"Author": {"href": "", "value": "Karen.phillips", "timestamp": 0}, "Time": {"href": "", "value": "Sep 02, 2019, 13:36 PM", "timestamp": 0}}}, {"title": "", "media_map_data": {}, "string_map_data": {"Author": {"href": "", "value": "Cynthia.flynn", "timestamp": 0}, "Time": {"href": "", "value": "Sep 09, 2020, 13:30 PM", "timestamp": 0}}}, {"title": "", "media_map_data": {}, "string_map_data": {"Author": {"href": "", "value": "Joshua.mann", "timestamp": 0}, "Time": {"href": "", "value": "Mar 13, 2022, 16:17 PM", "timestamp": 0}}}, {"title": "", "media_map_data": {}, "string_map_data": {"Author": {"href": "", "value": "Steven.smith", "timestamp": 0}, "Time": {"href": "", "value": "Apr 12, 2020, 07:21 AM", "timestamp": 0}}}, {"title": "", "media_map_data": {}, "string_map_data": {"Author": {"href": "", "value": "Nina.lewis", "timestamp": 0}, "Time": {"href": "", "value": "Feb 07, 2018, 02:48 AM", "timestamp": 0}}}, {"title": "", "media_map_data": {}, "string_map_data": {"Author": {"href": "", "value": "Amy.le", "timestamp": 0}, "Time": {"href": "", "value": "Jul 22, 2022, 20:03 PM", "timestamp": 0}}}, {"title": "", "media_map_data": {}, "string_map_data": {"Author": {"href": "", "value": "Johnny.davis", "timestamp": 0}, "Time": {"href": "", "value": "Jul 05, 2018, 04:42 AM", "timestamp": 0}}}, {"title": "", "media_map_data": {}, "string_map_data": {"Author": {"href": "", "value": "Jessica.sullivan", "timestamp": 0}, "Time": {"href": "", "value": "Jul 04, 2019, 10:54 AM", "timestamp": 0}}}, {"title": "", "media_map_data": {}, "string_map_data": {"Author": {"href": "", "value": "Sydney.shaw", "timestamp": 0}, "Time": {"href": "", "value": "Jun 15, 2022, 08:27 AM", "timestamp": 0}}}, {"title": "", "media_map_data": {}, "string_map_data": {"Author": {"href": "", "value": "Ronald.thomas", "timestamp": 0}, "Time": {"href": "", "value": "Aug 07, 2020, 11:55 AM", "timestamp": 0}}}, {"title": "", "media_map_data": {}, "string_map_data": {"Author": {"href": "", "value": "Regina.rodriguez", "timestamp": 0}, "Time": {"href": "", "value": "Sep 25, 2022, 19:45 PM", "timestamp": 0}}}, {"title": "", "media_map_data": {}, "string_map_data": {"Author": {"href": "", "value": "Amanda.martinez", "timestamp": 0}, "Time": {"href": "", "value": "Feb 03, 2021, 06:33 AM", "timestamp": 0}}}, {"title": "", "media_map_data": {}, "string_map_data": {"Author": {"href": "", "value": "Charles.howard", "timestamp": 0}, "Time": {"href": "", "value": "Dec 01, 2021, 18:32 PM", "timestamp": 0}}}, {"title": "", "media_map_data": {}, "string_map_data": {"Author": {"href": "", "value": "Kaylee.stewart", "timestamp": 0}, "Time": {"href": "", "value": "Jul 13, 2020, 04:21 AM", "timestamp": 0}}}, {"title": "", "media_map_data": {}, "string_map_data": {"Author": {"href": "", "value": "Eric.le", "timestamp": 0}, "Time": {"href": "", "value": "Jan 16, 2021, 14:09 PM", "timestamp": 0}}}, {"title": "", "media_map_data": {}, "string_map_data": {"Author": {"href": "", "value": "Kimberly.smith", "timestamp": 0}, "Time": {"href": "", "value": "Dec 14, 2020, 01:13 AM", "timestamp": 0}}}, {"title": "", "media_map_data": {}, "string_map_data": {"Author": {"href": "", "value": "Cynthia.smith", "timestamp": 0}, "Time": {"href": "", "value": "May 29, 2019, 14:29 PM", "timestamp": 0}}}, {"title": "", "media_map_data": {}, "string_map_data": {"Author": {"href": "", "value": "Lisa.lewis", "timestamp": 0}, "Time": {"href": "", "value": "Oct 06, 2019, 20:00 PM", "timestamp": 0}}}, {"title": "", "media_map_data": {}, "string_map_data": {"Author": {"href": "", "value": "Micheal.martin", "timestamp": 0}, "Time": {"href": "", "value": "Jul 17, 2020, 07:47 AM", "timestamp": 0}}}, {"title": "", "media_map_data": {}, "string_map_data": {"Author": {"href": "", "value": "Shannon.wilson", "timestamp": 0}, "Time": {"href": "", "value": "Nov 29, 2018, 04:42 AM", "timestamp": 0}}}, {"title": "", "media_map_data": {}, "string_map_data": {"Author": {"href": "", "value": "Thomas.hill", "timestamp": 0}, "Time": {"href": "", "value": "May 30, 2018, 07:01 AM", "timestamp": 0}}}, {"title": "", "media_map_data": {}, "string_map_data": {"Author": {"href": "", "value": "Dennis.medina", "timestamp": 0}, "Time": {"href": "", "value": "Dec 05, 2019, 10:03 AM", "timestamp": 0}}}, {"title": "", "media_map_data": {}, "string_map_data": {"Author": {"href": "", "value": "Jessica.white", "timestamp": 0}, "Time": {"href": "", "value": "Aug 25, 2019, 01:50 AM", "timestamp": 0}}}, {"title": "", "media_map_data": {}, "string_map_data": {"Author": {"href": "", "value": "Corey.chen", "timestamp": 0}, "Time": {"href": "", "value": "May 28, 2021, 23:15 PM", "timestamp": 0}}}, {"title": "", "media_map_data": {}, "string_map_data": {"Author": {"href": "", "value": "Tasha.bailey", "timestamp": 0}, "Time": {"href": "", "value": "Apr 08, 2022, 12:44 PM", "timestamp": 0}}}, {"title": "", "media_map_data": {}, "string_map_data": {"Author": {"href": "", "value": "Bethany.bell", "timestamp": 0}, "Time": {"href": "", "value": "May 15, 2021, 00:35 AM", "timestamp": 0}}}, {"title": "", "media_map_data": {}, "string_map_data": {"Author": {"href": "", "value": "Mary.smith", "timestamp": 0}, "Time": {"href": "", "value": "Aug 02, 2022, 22:22 PM", "timestamp": 0}}}, {"title": "", "media_map_data": {}, "string_map_data": {"Author": {"href": "", "value": "Hannah.perry", "timestamp": 0}, "Time": {"href": "", "value": "Dec 06, 2019, 05:18 AM", "timestamp": 0}}}, {"title": "", "media_map_data": {}, "string_map_data": {"Author": {"href": "", "value": "Stacy.perez", "timestamp": 0}, "Time": {"href": "", "value": "Feb 09, 2019, 20:07 PM", "timestamp": 0}}}, {"title": "", "media_map_data": {}, "string_map_data": {"Author": {"href": "", "value": "Jeanette.harris", "timestamp": 0}, "Time": {"href": "", "value": "Mar 23, 2018, 20:48 PM", "timestamp": 0}}}, {"title": "", "media_map_data": {}, "string_map_data": {"Author": {"href": "", "value": "Gary.thompson", "timestamp": 0}, "Time": {"href": "", "value": "Mar 19, 2019, 22:47 PM", "timestamp": 0}}}, {"title": "", "media_map_data": {}, "string_map_data": {"Author": {"href": "", "value": "Mark.miller", "timestamp": 0}, "Time": {"href": "", "value": "Nov 27, 2018, 12:38 PM", "timestamp": 0}}}, {"title": "", "media_map_data": {}, "string_map_data": {"Author": {"href": "", "value": "Nancy.hernandez", "timestamp": 0}, "Time": {"href": "", "value": "Dec 15, 2021, 09:39 AM", "timestamp": 0}}}, {"title": "", "media_map_data": {}, "string_map_data": {"Author": {"href": "", "value": "William.bailey", "timestamp": 0}, "Time": {"href": "", "value": "Sep 19, 2022, 11:50 AM", "timestamp": 0}}}, {"title": "", "media_map_data": {}, "string_map_data": {"Author": {"href": "", "value": "Jessica.rivers", "timestamp": 0}, "Time": {"href": "", "value": "Oct 16, 2021, 11:11 AM", "timestamp": 0}}}, {"title": "", "media_map_data": {}, "string_map_data": {"Author": {"href": "", "value": "Michele.mckee", "timestamp": 0}, "Time": {"href": "", "value": "Jun 03, 2022, 20:51 PM", "timestamp": 0}}}, {"title": "", "media_map_data": {}, "string_map_data": {"Author": {"href": "", "value": "Leonard.johnson", "timestamp": 0}, "Time": {"href": "", "value": "Mar 26, 2022, 13:01 PM", "timestamp": 0}}}, {"title": "", "media_map_data": {}, "string_map_data": {"Author": {"href": "", "value": "Daniel.douglas", "timestamp": 0}, "Time": {"href": "", "value": "Mar 04, 2020, 00:46 AM", "timestamp": 0}}}, {"title": "", "media_map_data": {}, "string_map_data": {"Author": {"href": "", "value": "Jacqueline.lam", "timestamp": 0}, "Time": {"href": "", "value": "Jun 01, 2020, 22:03 PM", "timestamp": 0}}}, {"title": "", "media_map_data": {}, "string_map_data": {"Author": {"href": "", "value": "Lucas.smith", "timestamp": 0}, "Time": {"href": "", "value": "Dec 21, 2022, 16:14 PM", "timestamp": 0}}}, {"title": "", "media_map_data": {}, "string_map_data": {"Author": {"href": "", "value": "Katherine.lewis", "timestamp": 0}, "Time": {"href": "", "value": "Dec 28, 2018, 17:44 PM", "timestamp": 0}}}, {"title": "", "media_map_data": {}, "string_map_data": {"Author": {"href": "", "value": "Jonathan.murphy", "timestamp": 0}, "Time": {"href": "", "value": "Aug 08, 2021, 14:22 PM", "timestamp": 0}}}, {"title": "", "media_map_data": {}, "string_map_data": {"Author": {"href": "", "value": "Christopher.scott", "timestamp": 0}, "Time": {"href": "", "value": "Aug 21, 2018, 16:08 PM", "timestamp": 0}}}, {"title": "", "media_map_data": {}, "string_map_data": {"Author": {"href": "", "value": "Richard.wiley", "timestamp": 0}, "Time": {"href": "", "value": "Sep 24, 2019, 06:08 AM", "timestamp": 0}}}, {"title": "", "media_map_data": {}, "string_map_data": {"Author": {"href": "", "value": "Claudia.lane", "timestamp": 0}, "Time": {"href": "", "value": "Jan 06, 2021, 09:06 AM", "timestamp": 0}}}, {"title": "", "media_map_data": {}, "string_map_data": {"Author": {"href": "", "value": "Katherine.tate", "timestamp": 0}, "Time": {"href": "", "value": "May 05, 2021, 07:55 AM", "timestamp": 0}}}, {"title": "", "media_map_data": {}, "string_map_data": {"Author": {"href": "", "value": "Brenda.gonzalez", "timestamp": 0}, "Time": {"href": "", "value": "Sep 01, 2019, 05:54 AM", "timestamp": 0}}}, {"title": "", "media_map_data": {}, "string_map_data": {"Author": {"href": "", "value": "Jennifer.fernandez", "timestamp": 0}, "Time": {"href": "", "value": "Jun 30, 2019, 08:44 AM", "timestamp": 0}}}, {"title": "", "media_map_data": {}, "string_map_data": {"Author": {"href": "", "value": "Gabrielle.jones", "timestamp": 0}, "Time": {"href": "", "value": "Sep 02, 2021, 16:21 PM", "timestamp": 0}}}, {"title": "", "media_map_data": {}, "string_map_data": {"Author": {"href": "", "value": "Tara.bryan", "timestamp": 0}, "Time": {"href": "", "value": "Sep 07, 2018, 13:56 PM", "timestamp": 0}}}, {"title": "", "media_map_data": {}, "string_map_data": {"Author": {"href": "", "value": "Christine.cook", "timestamp": 0}, "Time": {"href": "", "value": "Sep 15, 2019, 15:21 PM", "timestamp": 0}}}, {"title": "", "media_map_data": {}, "string_map_data": {"Author": {"href": "", "value": "Jason.weiss", "timestamp": 0}, "Time": {"href": "", "value": "Jan 13, 2018, 11:31 AM", "timestamp": 0}}}, {"title": "", "media_map_data": {}, "string_map_data": {"Author": {"href": "", "value": "Anna.austin", "timestamp": 0}, "Time": {"href": "", "value": "Apr 12, 2018, 19:22 PM", "timestamp": 0}}}, {"title": "", "media_map_data": {}, "string_map_data": {"Author": {"href": "", "value": "Nicole.lester", "timestamp": 0}, "Time": {"href": "", "value": "Aug 29, 2018, 22:10 PM", "timestamp": 0}}}, {"title": "", "media_map_data": {}, "string_map_data": {"Author": {"href": "", "value": "Thomas.miller", "timestamp": 0}, "Time": {"href": "", "value": "Sep 18, 2020, 22:56 PM", "timestamp": 0}}}, {"title": "", "media_map_data": {}, "string_map_data": {"Author": {"href": "", "value": "Stacy.cook", "timestamp": 0}, "Time": {"href": "", "value": "Aug 15, 2019, 02:18 AM", "timestamp": 0}}}, {"title": "", "media_map_data": {}, "string_map_data": {"Author": {"href": "", "value": "Jacqueline.sanders", "timestamp": 0}, "Time": {"href": "", "value": "Aug 30, 2019, 00:42 AM", "timestamp": 0}}}, {"title": "", "media_map_data": {}, "string_map_data": {"Author": {"href": "", "value": "Shannon.oneal", "timestamp": 0}, "Time": {"href": "", "value": "Jul 03, 2019, 03:13 AM", "timestamp": 0}}}, {"title": "", "media_map_data": {}, "string_map_data": {"Author": {"href": "", "value": "Cory.ramsey", "timestamp": 0}, "Time": {"href": "", "value": "Nov 12, 2019, 12:54 PM", "timestamp": 0}}}, {"title": "", "media_map_data": {}, "string_map_data": {"Author": {"href": "", "value": "Kristine.patel", "timestamp": 0}, "Time": {"href": "", "value": "Aug 26, 2021, 18:22 PM", "timestamp": 0}}}, {"title": "", "media_map_data": {}, "string_map_data": {"Author": {"href": "", "value": "Timothy.lewis", "timestamp": 0}, "Time": {"href": "", "value": "Oct 06, 2018, 17:00 PM", "timestamp": 0}}}, {"title": "", "media_map_data": {}, "string_map_data": {"Author": {"href": "", "value": "Dennis.knox", "timestamp": 0}, "Time": {"href": "", "value": "Jul 24, 2020, 16:19 PM", "timestamp": 0}}}, {"title": "", "media_map_data": {}, "string_map_data": {"Author": {"href": "", "value": "Jeremiah.mcclure", "timestamp": 0}, "Time": {"href": "", "value": "May 27, 2018, 04:10 AM", "timestamp": 0}}}, {"title": "", "media_map_data": {}, "string_map_data": {"Author": {"href": "", "value": "Elizabeth.parsons", "timestamp": 0}, "Time": {"href": "", "value": "Oct 21, 2020, 10:48 AM", "timestamp": 0}}}, {"title": "", "media_map_data": {}, "string_map_data": {"Author": {"href": "", "value": "Scott.neal", "timestamp": 0}, "Time": {"href": "", "value": "Apr 08, 2019, 04:44 AM", "timestamp": 0}}}, {"title": "", "media_map_data": {}, "string_map_data": {"Author": {"href": "", "value": "Betty.armstrong", "timestamp": 0}, "Time": {"href": "", "value": "Jun 07, 2021, 12:00 PM", "timestamp": 0}}}, {"title": "", "media_map_data": {}, "string_map_data": {"Author": {"href": "", "value": "Brandy.lopez", "timestamp": 0}, "Time": {"href": "", "value": "Jul 11, 2022, 01:11 AM", "timestamp": 0}}}, {"title": "", "media_map_data": {}, "string_map_data": {"Author": {"href": "", "value": "Erika.thompson", "timestamp": 0}, "Time": {"href": "", "value": "May 07, 2022, 15:13 PM", "timestamp": 0}}}, {"title": "", "media_map_data": {}, "string_map_data": {"Author": {"href": "", "value": "James.bailey", "timestamp": 0}, "Time": {"href": "", "value": "Nov 23, 2022, 19:50 PM", "timestamp": 0}}}, {"title": "", "media_map_data": {}, "string_map_data": {"Author": {"href": "", "value": "Jennifer.mason", "timestamp": 0}, "Time": {"href": "", "value": "Apr 21, 2021, 07:00 AM", "timestamp": 0}}}, {"title": "", "media_map_data": {}, "string_map_data": {"Author": {"href": "", "value": "Sara.schmidt", "timestamp": 0}, "Time": {"href": "", "value": "Jul 12, 2018, 09:44 AM", "timestamp": 0}}}, {"title": "", "media_map_data": {}, "string_map_data": {"Author": {"href": "", "value": "Larry.bender", "timestamp": 0}, "Time": {"href": "", "value": "Nov 19, 2021, 19:54 PM", "timestamp": 0}}}, {"title": "", "media_map_data": {}, "string_map_data": {"Author": {"href": "", "value": "Walter.thomas", "timestamp": 0}, "Time": {"href": "", "value": "Sep 22, 2021, 08:48 AM", "timestamp": 0}}}, {"title": "", "media_map_data": {}, "string_map_data": {"Author": {"href": "", "value": "Misty.taylor", "timestamp": 0}, "Time": {"href": "", "value": "Jun 05, 2020, 22:58 PM", "timestamp": 0}}}, {"title": "", "media_map_data": {}, "string_map_data": {"Author": {"href": "", "value": "Scott.murray", "timestamp": 0}, "Time": {"href": "", "value": "Sep 08, 2018, 16:45 PM", "timestamp": 0}}}, {"title": "", "media_map_data": {}, "string_map_data": {"Author": {"href": "", "value": "John.hall", "timestamp": 0}, "Time": {"href": "", "value": "Mar 25, 2020, 12:55 PM", "timestamp": 0}}}, {"title": "", "media_map_data": {}, "string_map_data": {"Author": {"href": "", "value": "Kristina.miller", "timestamp": 0}, "Time": {"href": "", "value": "Mar 17, 2019, 08:11 AM", "timestamp": 0}}}, {"title": "", "media_map_data": {}, "string_map_data": {"Author": {"href": "", "value": "Curtis.griffin", "timestamp": 0}, "Time": {"href": "", "value": "Apr 20, 2021, 13:26 PM", "timestamp": 0}}}, {"title": "", "media_map_data": {}, "string_map_data": {"Author": {"href": "", "value": "Lisa.stout", "timestamp": 0}, "Time": {"href": "", "value": "Sep 10, 2022, 07:44 AM", "timestamp": 0}}}, {"title": "", "media_map_data": {}, "string_map_data": {"Author": {"href": "", "value": "Brian.valenzuela", "timestamp": 0}, "Time": {"href": "", "value": "Jan 28, 2019, 11:49 AM", "timestamp": 0}}}, {"title": "", "media_map_data": {}, "string_map_data": {"Author": {"href": "", "value": "Benjamin.alvarez", "timestamp": 0}, "Time": {"href": "", "value": "Aug 22, 2022, 04:33 AM", "timestamp": 0}}}, {"title": "", "media_map_data": {}, "string_map_data": {"Author": {"href": "", "value": "Mary.lewis", "timestamp": 0}, "Time": {"href": "", "value": "Jun 03, 2020, 03:10 AM", "timestamp": 0}}}, {"title": "", "media_map_data": {}, "string_map_data": {"Author": {"href": "", "value": "Donna.newman", "timestamp": 0}, "Time": {"href": "", "value": "Feb 27, 2019, 13:06 PM", "timestamp": 0}}}, {"title": "", "media_map_data": {}, "string_map_data": {"Author": {"href": "", "value": "Ronnie.fisher", "timestamp": 0}, "Time": {"href": "", "value": "Jun 10, 2020, 09:12 AM", "timestamp": 0}}}, {"title": "", "media_map_data": {}, "string_map_data": {"Author": {"href": "", "value": "Terri.nguyen", "timestamp": 0}, "Time": {"href": "", "value": "Mar 27, 2021, 13:49 PM", "timestamp": 0}}}, {"title": "", "media_map_data": {}, "string_map_data": {"Author": {"href": "", "value": "Rachel.clark", "timestamp": 0}, "Time": {"href": "", "value": "Sep 09, 2020, 09:32 AM", "timestamp": 0}}}, {"title": "", "media_map_data": {}, "string_map_data": {"Author": {"href": "", "value": "Luis.white", "timestamp": 0}, "Time": {"href": "", "value": "May 30, 2019, 22:51 PM", "timestamp": 0}}}, {"title": "", "media_map_data": {}, "string_map_data": {"Author": {"href": "", "value": "Victoria.chandler", "timestamp": 0}, "Time": {"href": "", "value": "Feb 24, 2021, 14:10 PM", "timestamp": 0}}}, {"title": "", "media_map_data": {}, "string_map_data": {"Author": {"href": "", "value": "Adam.mccall", "timestamp": 0}, "Time": {"href": "", "value": "Jan 15, 2019, 23:06 PM", "timestamp": 0}}}, {"title": "", "media_map_data": {}, "string_map_data": {"Author": {"href": "", "value": "Caleb.smith", "timestamp": 0}, "Time": {"href": "", "value": "Jun 18, 2022, 02:32 AM", "timestamp": 0}}}, {"title": "", "media_map_data": {}, "string_map_data": {"Author": {"href": "", "value": "Elizabeth.henry", "timestamp": 0}, "Time": {"href": "", "value": "Jan 17, 2021, 01:07 AM", "timestamp": 0}}}, {"title": "", "media_map_data": {}, "string_map_data": {"Author": {"href": "", "value": "Destiny.boyer", "timestamp": 0}, "Time": {"href": "", "value": "Apr 14, 2019, 14:43 PM", "timestamp": 0}}}, {"title": "", "media_map_data": {}, "string_map_data": {"Author": {"href": "", "value": "Michelle.lopez", "timestamp": 0}, "Time": {"href": "", "value": "Mar 13, 2018, 12:36 PM", "timestamp": 0}}}, {"title": "", "media_map_data": {}, "string_map_data": {"Author": {"href": "", "value": "Jared.sutton", "timestamp": 0}, "Time": {"href": "", "value": "Sep 23, 2022, 11:45 AM", "timestamp": 0}}}, {"title": "", "media_map_data": {}, "string_map_data": {"Author": {"href": "", "value": "Travis.holloway", "timestamp": 0}, "Time": {"href": "", "value": "Mar 30, 2018, 10:15 AM", "timestamp": 0}}}, {"title": "", "media_map_data": {}, "string_map_data": {"Author": {"href": "", "value": "Daniel.black", "timestamp": 0}, "Time": {"href": "", "value": "Apr 18, 2018, 16:08 PM", "timestamp": 0}}}, {"title": "", "media_map_data": {}, "string_map_data": {"Author": {"href": "", "value": "Kyle.rush", "timestamp": 0}, "Time": {"href": "", "value": "Sep 09, 2021, 09:25 AM", "timestamp": 0}}}, {"title": "", "media_map_data": {}, "string_map_data": {"Author": {"href": "", "value": "Heather.jordan", "timestamp": 0}, "Time": {"href": "", "value": "Feb 28, 2021, 07:51 AM", "timestamp": 0}}}, {"title": "", "media_map_data": {}, "string_map_data": {"Author": {"href": "", "value": "Cheryl.davis", "timestamp": 0}, "Time": {"href": "", "value": "Jan 21, 2021, 23:46 PM", "timestamp": 0}}}, {"title": "", "media_map_data": {}, "string_map_data": {"Author": {"href": "", "value": "Brent.gibson", "timestamp": 0}, "Time": {"href": "", "value": "Jan 09, 2022, 19:48 PM", "timestamp": 0}}}, {"title": "", "media_map_data": {}, "string_map_data": {"Author": {"href": "", "value": "Jeffery.flores", "timestamp": 0}, "Time": {"href": "", "value": "Jan 15, 2018, 09:27 AM", "timestamp": 0}}}, {"title": "", "media_map_data": {}, "string_map_data": {"Author": {"href": "", "value": "Kathleen.adams", "timestamp": 0}, "Time": {"href": "", "value": "Mar 23, 2019, 12:17 PM", "timestamp": 0}}}, {"title": "", "media_map_data": {}, "string_map_data": {"Author": {"href": "", "value": "Christina.campbell", "timestamp": 0}, "Time": {"href": "", "value": "Feb 16, 2018, 23:05 PM", "timestamp": 0}}}, {"title": "", "media_map_data": {}, "string_map_data": {"Author": {"href": "", "value": "Robert.jackson", "timestamp": 0}, "Time": {"href": "", "value": "Jan 02, 2020, 16:30 PM", "timestamp": 0}}}, {"title": "", "media_map_data": {}, "string_map_data": {"Author": {"href": "", "value": "Amy.lopez", "timestamp": 0}, "Time": {"href": "", "value": "Sep 22, 2019, 17:54 PM", "timestamp": 0}}}, {"title": "", "media_map_data": {}, "string_map_data": {"Author": {"href": "", "value": "Victor.white", "timestamp": 0}, "Time": {"href": "", "value": "Jun 24, 2020, 11:29 AM", "timestamp": 0}}}, {"title": "", "media_map_data": {}, "string_map_data": {"Author": {"href": "", "value": "Shannon.smith", "timestamp": 0}, "Time": {"href": "", "value": "Mar 04, 2019, 13:35 PM", "timestamp": 0}}}, {"title": "", "media_map_data": {}, "string_map_data": {"Author": {"href": "", "value": "Robert.stewart", "timestamp": 0}, "Time": {"href": "", "value": "May 06, 2020, 11:40 AM", "timestamp": 0}}}, {"title": "", "media_map_data": {}, "string_map_data": {"Author": {"href": "", "value": "Heather.parks", "timestamp": 0}, "Time": {"href": "", "value": "Sep 03, 2021, 00:24 AM", "timestamp": 0}}}, {"title": "", "media_map_data": {}, "string_map_data": {"Author": {"href": "", "value": "Harold.perez", "timestamp": 0}, "Time": {"href": "", "value": "Dec 02, 2021, 08:10 AM", "timestamp": 0}}}, {"title": "", "media_map_data": {}, "string_map_data": {"Author": {"href": "", "value": "Isabel.black", "timestamp": 0}, "Time": {"href": "", "value": "Jun 15, 2022, 09:43 AM", "timestamp": 0}}}, {"title": "", "media_map_data": {}, "string_map_data": {"Author": {"href": "", "value": "Kim.alexander", "timestamp": 0}, "Time": {"href": "", "value": "Jul 07, 2018, 16:25 PM", "timestamp": 0}}}, {"title": "", "media_map_data": {}, "string_map_data": {"Author": {"href": "", "value": "Glenn.fischer", "timestamp": 0}, "Time": {"href": "", "value": "Jul 07, 2021, 19:07 PM", "timestamp": 0}}}, {"title": "", "media_map_data": {}, "string_map_data": {"Author": {"href": "", "value": "David.matthews", "timestamp": 0}, "Time": {"href": "", "value": "Jun 15, 2022, 13:14 PM", "timestamp": 0}}}, {"title": "", "media_map_data": {}, "string_map_data": {"Author": {"href": "", "value": "Regina.sullivan", "timestamp": 0}, "Time": {"href": "", "value": "Nov 15, 2019, 23:04 PM", "timestamp": 0}}}, {"title": "", "media_map_data": {}, "string_map_data": {"Author": {"href": "", "value": "Lori.lewis", "timestamp": 0}, "Time": {"href": "", "value": "Mar 26, 2022, 04:58 AM", "timestamp": 0}}}, {"title": "", "media_map_data": {}, "string_map_data": {"Author": {"href": "", "value": "Gregory.williams", "timestamp": 0}, "Time": {"href": "", "value": "Dec 09, 2018, 05:51 AM", "timestamp": 0}}}, {"title": "", "media_map_data": {}, "string_map_data": {"Author": {"href": "", "value": "Amanda.harris", "timestamp": 0}, "Time": {"href": "", "value": "Aug 06, 2022, 20:08 PM", "timestamp": 0}}}, {"title": "", "media_map_data": {}, "string_map_data": {"Author": {"href": "", "value": "Sandra.hudson", "timestamp": 0}, "Time": {"href": "", "value": "Aug 01, 2019, 10:43 AM", "timestamp": 0}}}, {"title": "", "media_map_data": {}, "string_map_data": {"Author": {"href": "", "value": "Jeffrey.smith", "timestamp": 0}, "Time": {"href": "", "value": "Oct 24, 2021, 15:41 PM", "timestamp": 0}}}, {"title": "", "media_map_data": {}, "string_map_data": {"Author": {"href": "", "value": "Michael.jennings", "timestamp": 0}, "Time": {"href": "", "value": "Aug 21, 2021, 05:23 AM", "timestamp": 0}}}, {"title": "", "media_map_data": {}, "string_map_data": {"Author": {"href": "", "value": "Luke.carter", "timestamp": 0}, "Time": {"href": "", "value": "Mar 23, 2021, 06:57 AM", "timestamp": 0}}}, {"title": "", "media_map_data": {}, "string_map_data": {"Author": {"href": "", "value": "Mike.vaughn", "timestamp": 0}, "Time": {"href": "", "value": "Dec 05, 2021, 09:16 AM", "timestamp": 0}}}, {"title": "", "media_map_data": {}, "string_map_data": {"Author": {"href": "", "value": "Mary.gonzalez", "timestamp": 0}, "Time": {"href": "", "value": "Aug 10, 2019, 13:57 PM", "timestamp": 0}}}, {"title": "", "media_map_data": {}, "string_map_data": {"Author": {"href": "", "value": "Joseph.fox", "timestamp": 0}, "Time": {"href": "", "value": "Jul 20, 2020, 21:16 PM", "timestamp": 0}}}, {"title": "", "media_map_data": {}, "string_map_data": {"Author": {"href": "", "value": "Brittany.fox", "timestamp": 0}, "Time": {"href": "", "value": "Jan 23, 2019, 21:55 PM", "timestamp": 0}}}, {"title": "", "media_map_data": {}, "string_map_data": {"Author": {"href": "", "value": "Mary.burns", "timestamp": 0}, "Time": {"href": "", "value": "Apr 18, 2018, 01:06 AM", "timestamp": 0}}}, {"title": "", "media_map_data": {}, "string_map_data": {"Author": {"href": "", "value": "Brian.torres", "timestamp": 0}, "Time": {"href": "", "value": "May 28, 2018, 18:16 PM", "timestamp": 0}}}, {"title": "", "media_map_data": {}, "string_map_data": {"Author": {"href": "", "value": "James.fox", "timestamp": 0}, "Time": {"href": "", "value": "Oct 10, 2019, 08:48 AM", "timestamp": 0}}}, {"title": "", "media_map_data": {}, "string_map_data": {"Author": {"href": "", "value": "Lynn.gibson", "timestamp": 0}, "Time": {"href": "", "value": "Nov 21, 2022, 10:45 AM", "timestamp": 0}}}, {"title": "", "media_map_data": {}, "string_map_data": {"Author": {"href": "", "value": "Aaron.bass", "timestamp": 0}, "Time": {"href": "", "value": "Apr 23, 2019, 21:16 PM", "timestamp": 0}}}, {"title": "", "media_map_data": {}, "string_map_data": {"Author": {"href": "", "value": "Kelsey.rowland", "timestamp": 0}, "Time": {"href": "", "value": "Mar 22, 2022, 11:00 AM", "timestamp": 0}}}, {"title": "", "media_map_data": {}, "string_map_data": {"Author": {"href": "", "value": "Jonathan.murphy", "timestamp": 0}, "Time": {"href": "", "value": "Dec 03, 2018, 12:51 PM", "timestamp": 0}}}, {"title": "", "media_map_data": {}, "string_map_data": {"Author": {"href": "", "value": "Rita.murphy", "timestamp": 0}, "Time": {"href": "", "value": "May 22, 2020, 16:48 PM", "timestamp": 0}}}, {"title": "", "media_map_data": {}, "string_map_data": {"Author": {"href": "", "value": "Tyler.nelson", "timestamp": 0}, "Time": {"href": "", "value": "Sep 12, 2019, 06:00 AM", "timestamp": 0}}}, {"title": "", "media_map_data": {}, "string_map_data": {"Author": {"href": "", "value": "Brittany.brown", "timestamp": 0}, "Time": {"href": "", "value": "Mar 12, 2019, 05:43 AM", "timestamp": 0}}}, {"title": "", "media_map_data": {}, "string_map_data": {"Author": {"href": "", "value": "Micheal.gross", "timestamp": 0}, "Time": {"href": "", "value": "Apr 10, 2020, 15:10 PM", "timestamp": 0}}}, {"title": "", "media_map_data": {}, "string_map_data": {"Author": {"href": "", "value": "Jamie.burke", "timestamp": 0}, "Time": {"href": "", "value": "Apr 27, 2019, 05:41 AM", "timestamp": 0}}}, {"title": "", "media_map_data": {}, "string_map_data": {"Author": {"href": "", "value": "Peter.wheeler", "timestamp": 0}, "Time": {"href": "", "value": "Oct 05, 2022, 06:44 AM", "timestamp": 0}}}, {"title": "", "media_map_data": {}, "string_map_data": {"Author": {"href": "", "value": "Katherine.phillips", "timestamp": 0}, "Time": {"href": "", "value": "Nov 13, 2018, 22:27 PM", "timestamp": 0}}}, {"title": "", "media_map_data": {}, "string_map_data": {"Author": {"href": "", "value": "Alexis.jackson", "timestamp": 0}, "Time": {"href": "", "value": "Mar 28, 2018, 05:38 AM", "timestamp": 0}}}, {"title": "", "media_map_data": {}, "string_map_data": {"Author": {"href": "", "value": "Timothy.huang", "timestamp": 0}, "Time": {"href": "", "value": "Aug 12, 2022, 04:14 AM", "timestamp": 0}}}, {"title": "", "media_map_data": {}, "string_map_data": {"Author": {"href": "", "value": "Eric.cervantes", "timestamp": 0}, "Time": {"href": "", "value": "Sep 01, 2021, 11:08 AM", "timestamp": 0}}}, {"title": "", "media_map_data": {}, "string_map_data": {"Author": {"href": "", "value": "Seth.garcia", "timestamp": 0}, "Time": {"href": "", "value": "Jun 03, 2020, 11:21 AM", "timestamp": 0}}}, {"title": "", "media_map_data": {}, "string_map_data": {"Author": {"href": "", "value": "Morgan.hendrix", "timestamp": 0}, "Time": {"href": "", "value": "Jan 18, 2022, 13:46 PM", "timestamp": 0}}}, {"title": "", "media_map_data": {}, "string_map_data": {"Author": {"href": "", "value": "Hannah.miller", "timestamp": 0}, "Time": {"href": "", "value": "Apr 29, 2021, 14:41 PM", "timestamp": 0}}}, {"title": "", "media_map_data": {}, "string_map_data": {"Author": {"href": "", "value": "Megan.dalton", "timestamp": 0}, "Time": {"href": "", "value": "Jul 16, 2022, 23:04 PM", "timestamp": 0}}}, {"title": "", "media_map_data": {}, "string_map_data": {"Author": {"href": "", "value": "Kayla.jones", "timestamp": 0}, "Time": {"href": "", "value": "Feb 09, 2021, 17:40 PM", "timestamp": 0}}}, {"title": "", "media_map_data": {}, "string_map_data": {"Author": {"href": "", "value": "Andrew.ellis", "timestamp": 0}, "Time": {"href": "", "value": "Oct 02, 2022, 07:05 AM", "timestamp": 0}}}, {"title": "", "media_map_data": {}, "string_map_data": {"Author": {"href": "", "value": "Norma.sanchez", "timestamp": 0}, "Time": {"href": "", "value": "Jan 04, 2021, 22:05 PM", "timestamp": 0}}}, {"title": "", "media_map_data": {}, "string_map_data": {"Author": {"href": "", "value": "Cindy.humphrey", "timestamp": 0}, "Time": {"href": "", "value": "Nov 07, 2019, 02:59 AM", "timestamp": 0}}}, {"title": "", "media_map_data": {}, "string_map_data": {"Author": {"href": "", "value": "Stephanie.berger", "timestamp": 0}, "Time": {"href": "", "value": "Sep 25, 2022, 06:49 AM", "timestamp": 0}}}, {"title": "", "media_map_data": {}, "string_map_data": {"Author": {"href": "", "value": "Taylor.salazar", "timestamp": 0}, "Time": {"href": "", "value": "Aug 23, 2020, 20:05 PM", "timestamp": 0}}}, {"title": "", "media_map_data": {}, "string_map_data": {"Author": {"href": "", "value": "Jaime.fischer", "timestamp": 0}, "Time": {"href": "", "value": "Aug 10, 2022, 06:36 AM", "timestamp": 0}}}, {"title": "", "media_map_data": {}, "string_map_data": {"Author": {"href": "", "value": "Lisa.joseph", "timestamp": 0}, "Time": {"href": "", "value": "May 13, 2022, 00:22 AM", "timestamp": 0}}}, {"title": "", "media_map_data": {}, "string_map_data": {"Author": {"href": "", "value": "Jonathon.bates", "timestamp": 0}, "Time": {"href": "", "value": "Nov 18, 2020, 12:40 PM", "timestamp": 0}}}, {"title": "", "media_map_data": {}, "string_map_data": {"Author": {"href": "", "value": "Joshua.butler", "timestamp": 0}, "Time": {"href": "", "value": "Jun 12, 2018, 06:40 AM", "timestamp": 0}}}, {"title": "", "media_map_data": {}, "string_map_data": {"Author": {"href": "", "value": "Justin.delacruz", "timestamp": 0}, "Time": {"href": "", "value": "May 24, 2021, 21:58 PM", "timestamp": 0}}}, {"title": "", "media_map_data": {}, "string_map_data": {"Author": {"href": "", "value": "Jacob.bennett", "timestamp": 0}, "Time": {"href": "", "value": "May 28, 2020, 23:26 PM", "timestamp": 0}}}, {"title": "", "media_map_data": {}, "string_map_data": {"Author": {"href": "", "value": "Annette.williamson", "timestamp": 0}, "Time": {"href": "", "value": "Nov 30, 2018, 06:40 AM", "timestamp": 0}}}, {"title": "", "media_map_data": {}, "string_map_data": {"Author": {"href": "", "value": "John.moore", "timestamp": 0}, "Time": {"href": "", "value": "Dec 17, 2018, 12:45 PM", "timestamp": 0}}}, {"title": "", "media_map_data": {}, "string_map_data": {"Author": {"href": "", "value": "James.smith", "timestamp": 0}, "Time": {"href": "", "value": "Aug 18, 2020, 10:49 AM", "timestamp": 0}}}, {"title": "", "media_map_data": {}, "string_map_data": {"Author": {"href": "", "value": "Lisa.hernandez", "timestamp": 0}, "Time": {"href": "", "value": "May 18, 2019, 23:28 PM", "timestamp": 0}}}, {"title": "", "media_map_data": {}, "string_map_data": {"Author": {"href": "", "value": "Kayla.poole", "timestamp": 0}, "Time": {"href": "", "value": "Feb 10, 2018, 11:42 AM", "timestamp": 0}}}, {"title": "", "media_map_data": {}, "string_map_data": {"Author": {"href": "", "value": "Theresa.singh", "timestamp": 0}, "Time": {"href": "", "value": "Apr 21, 2022, 06:35 AM", "timestamp": 0}}}, {"title": "", "media_map_data": {}, "string_map_data": {"Author": {"href": "", "value": "James.yates", "timestamp": 0}, "Time": {"href": "", "value": "Feb 27, 2021, 01:57 AM", "timestamp": 0}}}, {"title": "", "media_map_data": {}, "string_map_data": {"Author": {"href": "", "value": "Lisa.ruiz", "timestamp": 0}, "Time": {"href": "", "value": "Jul 05, 2022, 21:26 PM", "timestamp": 0}}}, {"title": "", "media_map_data": {}, "string_map_data": {"Author": {"href": "", "value": "Brandy.hanson", "timestamp": 0}, "Time": {"href": "", "value": "May 20, 2021, 07:50 AM", "timestamp": 0}}}, {"title": "", "media_map_data": {}, "string_map_data": {"Author": {"href": "", "value": "Miguel.neal", "timestamp": 0}, "Time": {"href": "", "value": "Dec 24, 2018, 01:38 AM", "timestamp": 0}}}, {"title": "", "media_map_data": {}, "string_map_data": {"Author": {"href": "", "value": "Stacy.hernandez", "timestamp": 0}, "Time": {"href": "", "value": "Jul 17, 2018, 02:48 AM", "timestamp": 0}}}, {"title": "", "media_map_data": {}, "string_map_data": {"Author": {"href": "", "value": "Julie.robbins", "timestamp": 0}, "Time": {"href": "", "value": "May 12, 2019, 04:08 AM", "timestamp": 0}}}, {"title": "", "media_map_data": {}, "string_map_data": {"Author": {"href": "", "value": "Victoria.roberts", "timestamp": 0}, "Time": {"href": "", "value": "Mar 25, 2018, 06:19 AM", "timestamp": 0}}}, {"title": "", "media_map_data": {}, "string_map_data": {"Author": {"href": "", "value": "Ryan.rodriguez", "timestamp": 0}, "Time": {"href": "", "value": "Dec 30, 2022, 20:12 PM", "timestamp": 0}}}, {"title": "", "media_map_data": {}, "string_map_data": {"Author": {"href": "", "value": "Levi.may", "timestamp": 0}, "Time": {"href": "", "value": "Sep 25, 2022, 17:19 PM", "timestamp": 0}}}, {"title": "", "media_map_data": {}, "string_map_data": {"Author": {"href": "", "value": "Tracy.miller", "timestamp": 0}, "Time": {"href": "", "value": "Jan 22, 2020, 12:12 PM", "timestamp": 0}}}, {"title": "", "media_map_data": {}, "string_map_data": {"Author": {"href": "", "value": "Erika.knight", "timestamp": 0}, "Time": {"href": "", "value": "Jul 10, 2020, 09:30 AM", "timestamp": 0}}}, {"title": "", "media_map_data": {}, "string_map_data": {"Author": {"href": "", "value": "Kevin.weiss", "timestamp": 0}, "Time": {"href": "", "value": "Jun 22, 2020, 11:56 AM", "timestamp": 0}}}, {"title": "", "media_map_data": {}, "string_map_data": {"Author": {"href": "", "value": "Alicia.evans", "timestamp": 0}, "Time": {"href": "", "value": "May 23, 2022, 08:58 AM", "timestamp": 0}}}, {"title": "", "media_map_data": {}, "string_map_data": {"Author": {"href": "", "value": "Barry.hill", "timestamp": 0}, "Time": {"href": "", "value": "Nov 13, 2018, 02:44 AM", "timestamp": 0}}}, {"title": "", "media_map_data": {}, "string_map_data": {"Author": {"href": "", "value": "Ashley.marshall", "timestamp": 0}, "Time": {"href": "", "value": "Dec 02, 2018, 11:20 AM", "timestamp": 0}}}, {"title": "", "media_map_data": {}, "string_map_data": {"Author": {"href": "", "value": "Andre.myers", "timestamp": 0}, "Time": {"href": "", "value": "Nov 21, 2021, 04:49 AM", "timestamp": 0}}}, {"title": "", "media_map_data": {}, "string_map_data": {"Author": {"href": "", "value": "Margaret.miller", "timestamp": 0}, "Time": {"href": "", "value": "Mar 06, 2020, 13:04 PM", "timestamp": 0}}}, {"title": "", "media_map_data": {}, "string_map_data": {"Author": {"href": "", "value": "Frank.barron", "timestamp": 0}, "Time": {"href": "", "value": "May 14, 2020, 13:34 PM", "timestamp": 0}}}, {"title": "", "media_map_data": {}, "string_map_data": {"Author": {"href": "", "value": "Lisa.foster", "timestamp": 0}, "Time": {"href": "", "value": "Sep 09, 2022, 14:19 PM", "timestamp": 0}}}, {"title": "", "media_map_data": {}, "string_map_data": {"Author": {"href": "", "value": "Thomas.ford", "timestamp": 0}, "Time": {"href": "", "value": "Oct 25, 2021, 03:42 AM", "timestamp": 0}}}, {"title": "", "media_map_data": {}, "string_map_data": {"Author": {"href": "", "value": "Nicole.brennan", "timestamp": 0}, "Time": {"href": "", "value": "Oct 28, 2019, 01:24 AM", "timestamp": 0}}}, {"title": "", "media_map_data": {}, "string_map_data": {"Author": {"href": "", "value": "Jonathan.stewart", "timestamp": 0}, "Time": {"href": "", "value": "Dec 06, 2020, 07:12 AM", "timestamp": 0}}}, {"title": "", "media_map_data": {}, "string_map_data": {"Author": {"href": "", "value": "Angela.franco", "timestamp": 0}, "Time": {"href": "", "value": "Jul 20, 2019, 07:16 AM", "timestamp": 0}}}, {"title": "", "media_map_data": {}, "string_map_data": {"Author": {"href": "", "value": "Anne.williams", "timestamp": 0}, "Time": {"href": "", "value": "Jan 13, 2021, 22:31 PM", "timestamp": 0}}}, {"title": "", "media_map_data": {}, "string_map_data": {"Author": {"href": "", "value": "Billy.roth", "timestamp": 0}, "Time": {"href": "", "value": "May 01, 2021, 11:34 AM", "timestamp": 0}}}, {"title": "", "media_map_data": {}, "string_map_data": {"Author": {"href": "", "value": "Heather.mullen", "timestamp": 0}, "Time": {"href": "", "value": "Nov 10, 2021, 02:33 AM", "timestamp": 0}}}, {"title": "", "media_map_data": {}, "string_map_data": {"Author": {"href": "", "value": "Valerie.waters", "timestamp": 0}, "Time": {"href": "", "value": "Jun 04, 2019, 22:08 PM", "timestamp": 0}}}, {"title": "", "media_map_data": {}, "string_map_data": {"Author": {"href": "", "value": "Lauren.gordon", "timestamp": 0}, "Time": {"href": "", "value": "Feb 06, 2020, 07:37 AM", "timestamp": 0}}}, {"title": "", "media_map_data": {}, "string_map_data": {"Author": {"href": "", "value": "Shannon.williams", "timestamp": 0}, "Time": {"href": "", "value": "Dec 11, 2021, 15:01 PM", "timestamp": 0}}}, {"title": "", "media_map_data": {}, "string_map_data": {"Author": {"href": "", "value": "Ellen.cochran", "timestamp": 0}, "Time": {"href": "", "value": "Apr 17, 2020, 05:46 AM", "timestamp": 0}}}, {"title": "", "media_map_data": {}, "string_map_data": {"Author": {"href": "", "value": "Tina.owens", "timestamp": 0}, "Time": {"href": "", "value": "Aug 17, 2021, 14:51 PM", "timestamp": 0}}}, {"title": "", "media_map_data": {}, "string_map_data": {"Author": {"href": "", "value": "Kenneth.maxwell", "timestamp": 0}, "Time": {"href": "", "value": "Nov 30, 2018, 00:21 AM", "timestamp": 0}}}, {"title": "", "media_map_data": {}, "string_map_data": {"Author": {"href": "", "value": "Nicholas.kidd", "timestamp": 0}, "Time": {"href": "", "value": "Aug 06, 2019, 22:30 PM", "timestamp": 0}}}, {"title": "", "media_map_data": {}, "string_map_data": {"Author": {"href": "", "value": "Christopher.hudson", "timestamp": 0}, "Time": {"href": "", "value": "Feb 11, 2022, 23:28 PM", "timestamp": 0}}}, {"title": "", "media_map_data": {}, "string_map_data": {"Author": {"href": "", "value": "Amanda.jacobson", "timestamp": 0}, "Time": {"href": "", "value": "Nov 15, 2021, 03:52 AM", "timestamp": 0}}}, {"title": "", "media_map_data": {}, "string_map_data": {"Author": {"href": "", "value": "Andrew.abbott", "timestamp": 0}, "Time": {"href": "", "value": "Apr 11, 2022, 19:39 PM", "timestamp": 0}}}, {"title": "", "media_map_data": {}, "string_map_data": {"Author": {"href": "", "value": "Tara.smith", "timestamp": 0}, "Time": {"href": "", "value": "Apr 26, 2019, 19:23 PM", "timestamp": 0}}}, {"title": "", "media_map_data": {}, "string_map_data": {"Author": {"href": "", "value": "Melissa.page", "timestamp": 0}, "Time": {"href": "", "value": "Feb 07, 2020, 04:46 AM", "timestamp": 0}}}, {"title": "", "media_map_data": {}, "string_map_data": {"Author": {"href": "", "value": "Clayton.jones", "timestamp": 0}, "Time": {"href": "", "value": "May 03, 2022, 06:41 AM", "timestamp": 0}}}, {"title": "", "media_map_data": {}, "string_map_data": {"Author": {"href": "", "value": "Jacqueline.allen", "timestamp": 0}, "Time": {"href": "", "value": "Nov 05, 2021, 18:31 PM", "timestamp": 0}}}, {"title": "", "media_map_data": {}, "string_map_data": {"Author": {"href": "", "value": "Ann.perkins", "timestamp": 0}, "Time": {"href": "", "value": "Jun 21, 2020, 01:53 AM", "timestamp": 0}}}, {"title": "", "media_map_data": {}, "string_map_data": {"Author": {"href": "", "value": "Anthony.martin", "timestamp": 0}, "Time": {"href": "", "value": "Nov 09, 2022, 21:16 PM", "timestamp": 0}}}, {"title": "", "media_map_data": {}, "string_map_data": {"Author": {"href": "", "value": "Jill.brown", "timestamp": 0}, "Time": {"href": "", "value": "Nov 11, 2019, 23:14 PM", "timestamp": 0}}}, {"title": "", "media_map_data": {}, "string_map_data": {"Author": {"href": "", "value": "John.li", "timestamp": 0}, "Time": {"href": "", "value": "Nov 15, 2022, 08:23 AM", "timestamp": 0}}}, {"title": "", "media_map_data": {}, "string_map_data": {"Author": {"href": "", "value": "Angela.hicks", "timestamp": 0}, "Time": {"href": "", "value": "Apr 09, 2022, 15:10 PM", "timestamp": 0}}}, {"title": "", "media_map_data": {}, "string_map_data": {"Author": {"href": "", "value": "James.fitzpatrick", "timestamp": 0}, "Time": {"href": "", "value": "Apr 03, 2019, 21:28 PM", "timestamp": 0}}}, {"title": "", "media_map_data": {}, "string_map_data": {"Author": {"href": "", "value": "Tyler.smith", "timestamp": 0}, "Time": {"href": "", "value": "Apr 18, 2021, 07:20 AM", "timestamp": 0}}}, {"title": "", "media_map_data": {}, "string_map_data": {"Author": {"href": "", "value": "Robert.vance", "timestamp": 0}, "Time": {"href": "", "value": "Jun 25, 2020, 16:21 PM", "timestamp": 0}}}, {"title": "", "media_map_data": {}, "string_map_data": {"Author": {"href": "", "value": "Cameron.allen", "timestamp": 0}, "Time": {"href": "", "value": "Jul 29, 2018, 01:23 AM", "timestamp": 0}}}, {"title": "", "media_map_data": {}, "string_map_data": {"Author": {"href": "", "value": "Robert.macias", "timestamp": 0}, "Time": {"href": "", "value": "Feb 21, 2018, 01:15 AM", "timestamp": 0}}}, {"title": "", "media_map_data": {}, "string_map_data": {"Author": {"href": "", "value": "Jennifer.oconnor", "timestamp": 0}, "Time": {"href": "", "value": "Dec 24, 2020, 16:56 PM", "timestamp": 0}}}, {"title": "", "media_map_data": {}, "string_map_data": {"Author": {"href": "", "value": "Donna.chang", "timestamp": 0}, "Time": {"href": "", "value": "Jan 17, 2021, 18:19 PM", "timestamp": 0}}}, {"title": "", "media_map_data": {}, "string_map_data": {"Author": {"href": "", "value": "Kathy.anderson", "timestamp": 0}, "Time": {"href": "", "value": "Sep 13, 2022, 11:22 AM", "timestamp": 0}}}, {"title": "", "media_map_data": {}, "string_map_data": {"Author": {"href": "", "value": "Christopher.johnson", "timestamp": 0}, "Time": {"href": "", "value": "Jul 24, 2019, 01:41 AM", "timestamp": 0}}}, {"title": "", "media_map_data": {}, "string_map_data": {"Author": {"href": "", "value": "Dwayne.robinson", "timestamp": 0}, "Time": {"href": "", "value": "May 31, 2018, 14:34 PM", "timestamp": 0}}}, {"title": "", "media_map_data": {}, "string_map_data": {"Author": {"href": "", "value": "Jill.jefferson", "timestamp": 0}, "Time": {"href": "", "value": "Sep 29, 2022, 23:13 PM", "timestamp": 0}}}, {"title": "", "media_map_data": {}, "string_map_data": {"Author": {"href": "", "value": "Roger.brown", "timestamp": 0}, "Time": {"href": "", "value": "Jul 20, 2020, 16:40 PM", "timestamp": 0}}}, {"title": "", "media_map_data": {}, "string_map_data": {"Author": {"href": "", "value": "Reginald.west", "timestamp": 0}, "Time": {"href": "", "value": "Mar 16, 2018, 01:01 AM", "timestamp": 0}}}, {"title": "", "media_map_data": {}, "string_map_data": {"Author": {"href": "", "value": "Harold.miller", "timestamp": 0}, "Time": {"href": "", "value": "May 28, 2020, 03:29 AM", "timestamp": 0}}}, {"title": "", "media_map_data": {}, "string_map_data": {"Author": {"href": "", "value": "Scott.travis", "timestamp": 0}, "Time": {"href": "", "value": "Apr 23, 2018, 16:13 PM", "timestamp": 0}}}, {"title": "", "media_map_data": {}, "string_map_data": {"Author": {"href": "", "value": "Jorge.reyes", "timestamp": 0}, "Time": {"href": "", "value": "May 09, 2021, 08:17 AM", "timestamp": 0}}}, {"title": "", "media_map_data": {}, "string_map_data": {"Author": {"href": "", "value": "Amanda.miller", "timestamp": 0}, "Time": {"href": "", "value": "Jan 16, 2020, 05:00 AM", "timestamp": 0}}}, {"title": "", "media_map_data": {}, "string_map_data": {"Author": {"href": "", "value": "Kevin.simpson", "timestamp": 0}, "Time": {"href": "", "value": "Jan 22, 2021, 09:09 AM", "timestamp": 0}}}, {"title": "", "media_map_data": {}, "string_map_data": {"Author": {"href": "", "value": "Tina.jennings", "timestamp": 0}, "Time": {"href": "", "value": "Aug 20, 2018, 10:57 AM", "timestamp": 0}}}, {"title": "", "media_map_data": {}, "string_map_data": {"Author": {"href": "", "value": "Scott.wilson", "timestamp": 0}, "Time": {"href": "", "value": "Sep 26, 2018, 16:59 PM", "timestamp": 0}}}, {"title": "", "media_map_data": {}, "string_map_data": {"Author": {"href": "", "value": "Megan.stevenson", "timestamp": 0}, "Time": {"href": "", "value": "Jan 08, 2020, 01:43 AM", "timestamp": 0}}}, {"title": "", "media_map_data": {}, "string_map_data": {"Author": {"href": "", "value": "Laura.morris", "timestamp": 0}, "Time": {"href": "", "value": "Dec 19, 2020, 10:26 AM", "timestamp": 0}}}, {"title": "", "media_map_data": {}, "string_map_data": {"Author": {"href": "", "value": "Stephanie.smith", "timestamp": 0}, "Time": {"href": "", "value": "Mar 07, 2019, 08:04 AM", "timestamp": 0}}}, {"title": "", "media_map_data": {}, "string_map_data": {"Author": {"href": "", "value": "Jeffery.allen", "timestamp": 0}, "Time": {"href": "", "value": "Sep 07, 2019, 12:17 PM", "timestamp": 0}}}, {"title": "", "media_map_data": {}, "string_map_data": {"Author": {"href": "", "value": "Melissa.mcneil", "timestamp": 0}, "Time": {"href": "", "value": "Apr 17, 2019, 19:12 PM", "timestamp": 0}}}, {"title": "", "media_map_data": {}, "string_map_data": {"Author": {"href": "", "value": "Samantha.bradford", "timestamp": 0}, "Time": {"href": "", "value": "Oct 15, 2019, 14:05 PM", "timestamp": 0}}}, {"title": "", "media_map_data": {}, "string_map_data": {"Author": {"href": "", "value": "Andrew.morris", "timestamp": 0}, "Time": {"href": "", "value": "Jun 16, 2018, 07:37 AM", "timestamp": 0}}}, {"title": "", "media_map_data": {}, "string_map_data": {"Author": {"href": "", "value": "Victor.fitzgerald", "timestamp": 0}, "Time": {"href": "", "value": "Apr 10, 2018, 22:14 PM", "timestamp": 0}}}, {"title": "", "media_map_data": {}, "string_map_data": {"Author": {"href": "", "value": "Mark.nicholson", "timestamp": 0}, "Time": {"href": "", "value": "Jan 26, 2021, 23:43 PM", "timestamp": 0}}}, {"title": "", "media_map_data": {}, "string_map_data": {"Author": {"href": "", "value": "Randy.lewis", "timestamp": 0}, "Time": {"href": "", "value": "Feb 24, 2019, 21:37 PM", "timestamp": 0}}}, {"title": "", "media_map_data": {}, "string_map_data": {"Author": {"href": "", "value": "Anthony.hill", "timestamp": 0}, "Time": {"href": "", "value": "May 11, 2021, 11:58 AM", "timestamp": 0}}}, {"title": "", "media_map_data": {}, "string_map_data": {"Author": {"href": "", "value": "Robert.cook", "timestamp": 0}, "Time": {"href": "", "value": "Jan 18, 2022, 05:29 AM", "timestamp": 0}}}, {"title": "", "media_map_data": {}, "string_map_data": {"Author": {"href": "", "value": "Jeffrey.wagner", "timestamp": 0}, "Time": {"href": "", "value": "Jan 17, 2019, 01:37 AM", "timestamp": 0}}}, {"title": "", "media_map_data": {}, "string_map_data": {"Author": {"href": "", "value": "Michael.green", "timestamp": 0}, "Time": {"href": "", "value": "Jul 31, 2019, 16:51 PM", "timestamp": 0}}}, {"title": "", "media_map_data": {}, "string_map_data": {"Author": {"href": "", "value": "Kara.davis", "timestamp": 0}, "Time": {"href": "", "value": "Jun 08, 2020, 06:30 AM", "timestamp": 0}}}, {"title": "", "media_map_data": {}, "string_map_data": {"Author": {"href": "", "value": "Ann.hill", "timestamp": 0}, "Time": {"href": "", "value": "Aug 06, 2018, 22:23 PM", "timestamp": 0}}}, {"title": "", "media_map_data": {}, "string_map_data": {"Author": {"href": "", "value": "Brittney.savage", "timestamp": 0}, "Time": {"href": "", "value": "Jul 05, 2019, 02:23 AM", "timestamp": 0}}}, {"title": "", "media_map_data": {}, "string_map_data": {"Author": {"href": "", "value": "Cindy.bowers", "timestamp": 0}, "Time": {"href": "", "value": "Feb 06, 2019, 14:21 PM", "timestamp": 0}}}, {"title": "", "media_map_data": {}, "string_map_data": {"Author": {"href": "", "value": "Adam.simmons", "timestamp": 0}, "Time": {"href": "", "value": "Jun 24, 2019, 00:07 AM", "timestamp": 0}}}, {"title": "", "media_map_data": {}, "string_map_data": {"Author": {"href": "", "value": "Geoffrey.bradshaw", "timestamp": 0}, "Time": {"href": "", "value": "Aug 26, 2019, 15:32 PM", "timestamp": 0}}}, {"title": "", "media_map_data": {}, "string_map_data": {"Author": {"href": "", "value": "James.pittman", "timestamp": 0}, "Time": {"href": "", "value": "May 09, 2019, 10:37 AM", "timestamp": 0}}}, {"title": "", "media_map_data": {}, "string_map_data": {"Author": {"href": "", "value": "Rachael.ellis", "timestamp": 0}, "Time": {"href": "", "value": "Oct 30, 2019, 20:29 PM", "timestamp": 0}}}, {"title": "", "media_map_data": {}, "string_map_data": {"Author": {"href": "", "value": "Kelly.davis", "timestamp": 0}, "Time": {"href": "", "value": "Jun 17, 2019, 06:40 AM", "timestamp": 0}}}, {"title": "", "media_map_data": {}, "string_map_data": {"Author": {"href": "", "value": "Kayla.lopez", "timestamp": 0}, "Time": {"href": "", "value": "Sep 19, 2022, 23:50 PM", "timestamp": 0}}}, {"title": "", "media_map_data": {}, "string_map_data": {"Author": {"href": "", "value": "Kim.palmer", "timestamp": 0}, "Time": {"href": "", "value": "Mar 14, 2018, 13:56 PM", "timestamp": 0}}}, {"title": "", "media_map_data": {}, "string_map_data": {"Author": {"href": "", "value": "Stephen.morris", "timestamp": 0}, "Time": {"href": "", "value": "Apr 07, 2019, 07:48 AM", "timestamp": 0}}}, {"title": "", "media_map_data": {}, "string_map_data": {"Author": {"href": "", "value": "Richard.daniel", "timestamp": 0}, "Time": {"href": "", "value": "Jan 03, 2020, 12:42 PM", "timestamp": 0}}}, {"title": "", "media_map_data": {}, "string_map_data": {"Author": {"href": "", "value": "Toni.harris", "timestamp": 0}, "Time": {"href": "", "value": "Mar 13, 2022, 17:46 PM", "timestamp": 0}}}, {"title": "", "media_map_data": {}, "string_map_data": {"Author": {"href": "", "value": "Christopher.ramirez", "timestamp": 0}, "Time": {"href": "", "value": "Jan 20, 2022, 07:51 AM", "timestamp": 0}}}, {"title": "", "media_map_data": {}, "string_map_data": {"Author": {"href": "", "value": "Daniel.swanson", "timestamp": 0}, "Time": {"href": "", "value": "Feb 18, 2022, 15:24 PM", "timestamp": 0}}}, {"title": "", "media_map_data": {}, "string_map_data": {"Author": {"href": "", "value": "Matthew.browning", "timestamp": 0}, "Time": {"href": "", "value": "Dec 16, 2018, 10:50 AM", "timestamp": 0}}}, {"title": "", "media_map_data": {}, "string_map_data": {"Author": {"href": "", "value": "Matthew.smith", "timestamp": 0}, "Time": {"href": "", "value": "Oct 30, 2021, 09:03 AM", "timestamp": 0}}}, {"title": "", "media_map_data": {}, "string_map_data": {"Author": {"href": "", "value": "Christopher.thomas", "timestamp": 0}, "Time": {"href": "", "value": "Jan 31, 2020, 07:02 AM", "timestamp": 0}}}, {"title": "", "media_map_data": {}, "string_map_data": {"Author": {"href": "", "value": "Deanna.green", "timestamp": 0}, "Time": {"href": "", "value": "Feb 01, 2018, 15:57 PM", "timestamp": 0}}}, {"title": "", "media_map_data": {}, "string_map_data": {"Author": {"href": "", "value": "Amanda.walls", "timestamp": 0}, "Time": {"href": "", "value": "Jan 03, 2019, 12:55 PM", "timestamp": 0}}}, {"title": "", "media_map_data": {}, "string_map_data": {"Author": {"href": "", "value": "Michele.shepard", "timestamp": 0}, "Time": {"href": "", "value": "Jul 19, 2022, 04:33 AM", "timestamp": 0}}}, {"title": "", "media_map_data": {}, "string_map_data": {"Author": {"href": "", "value": "Brandon.campos", "timestamp": 0}, "Time": {"href": "", "value": "Feb 14, 2019, 15:53 PM", "timestamp": 0}}}, {"title": "", "media_map_data": {}, "string_map_data": {"Author": {"href": "", "value": "Laura.montoya", "timestamp": 0}, "Time": {"href": "", "value": "Jul 07, 2020, 15:09 PM", "timestamp": 0}}}, {"title": "", "media_map_data": {}, "string_map_data": {"Author": {"href": "", "value": "Jason.tran", "timestamp": 0}, "Time": {"href": "", "value": "Mar 14, 2022, 17:10 PM", "timestamp": 0}}}, {"title": "", "media_map_data": {}, "string_map_data": {"Author": {"href": "", "value": "Erica.taylor", "timestamp": 0}, "Time": {"href": "", "value": "Nov 25, 2018, 09:54 AM", "timestamp": 0}}}, {"title": "", "media_map_data": {}, "string_map_data": {"Author": {"href": "", "value": "Thomas.hays", "timestamp": 0}, "Time": {"href": "", "value": "Sep 01, 2020, 04:37 AM", "timestamp": 0}}}, {"title": "", "media_map_data": {}, "string_map_data": {"Author": {"href": "", "value": "Aaron.blanchard", "timestamp": 0}, "Time": {"href": "", "value": "Jun 21, 2019, 22:20 PM", "timestamp": 0}}}, {"title": "", "media_map_data": {}, "string_map_data": {"Author": {"href": "", "value": "Robert.gonzalez", "timestamp": 0}, "Time": {"href": "", "value": "Aug 10, 2020, 10:42 AM", "timestamp": 0}}}, {"title": "", "media_map_data": {}, "string_map_data": {"Author": {"href": "", "value": "Kristen.simmons", "timestamp": 0}, "Time": {"href": "", "value": "Sep 29, 2018, 01:09 AM", "timestamp": 0}}}, {"title": "", "media_map_data": {}, "string_map_data": {"Author": {"href": "", "value": "Joshua.beck", "timestamp": 0}, "Time": {"href": "", "value": "May 27, 2021, 12:13 PM", "timestamp": 0}}}, {"title": "", "media_map_data": {}, "string_map_data": {"Author": {"href": "", "value": "Luke.henry", "timestamp": 0}, "Time": {"href": "", "value": "Jun 24, 2021, 06:16 AM", "timestamp": 0}}}, {"title": "", "media_map_data": {}, "string_map_data": {"Author": {"href": "", "value": "Patricia.miller", "timestamp": 0}, "Time": {"href": "", "value": "Jun 27, 2020, 14:20 PM", "timestamp": 0}}}, {"title": "", "media_map_data": {}, "string_map_data": {"Author": {"href": "", "value": "Sheila.hayden", "timestamp": 0}, "Time": {"href": "", "value": "Feb 08, 2019, 20:58 PM", "timestamp": 0}}}, {"title": "", "media_map_data": {}, "string_map_data": {"Author": {"href": "", "value": "Elizabeth.nicholson", "timestamp": 0}, "Time": {"href": "", "value": "Apr 17, 2019, 16:49 PM", "timestamp": 0}}}, {"title": "", "media_map_data": {}, "string_map_data": {"Author": {"href": "", "value": "Kimberly.sanford", "timestamp": 0}, "Time": {"href": "", "value": "May 31, 2019, 10:39 AM", "timestamp": 0}}}, {"title": "", "media_map_data": {}, "string_map_data": {"Author": {"href": "", "value": "Kristy.rodriguez", "timestamp": 0}, "Time": {"href": "", "value": "Jan 04, 2020, 13:55 PM", "timestamp": 0}}}, {"title": "", "media_map_data": {}, "string_map_data": {"Author": {"href": "", "value": "Virginia.burton", "timestamp": 0}, "Time": {"href": "", "value": "Feb 15, 2022, 03:06 AM", "timestamp": 0}}}, {"title": "", "media_map_data": {}, "string_map_data": {"Author": {"href": "", "value": "Jamie.moore", "timestamp": 0}, "Time": {"href": "", "value": "Feb 23, 2019, 01:06 AM", "timestamp": 0}}}, {"title": "", "media_map_data": {}, "string_map_data": {"Author": {"href": "", "value": "Evan.jones", "timestamp": 0}, "Time": {"href": "", "value": "Feb 09, 2020, 18:43 PM", "timestamp": 0}}}, {"title": "", "media_map_data": {}, "string_map_data": {"Author": {"href": "", "value": "Christopher.jones", "timestamp": 0}, "Time": {"href": "", "value": "Feb 25, 2022, 07:24 AM", "timestamp": 0}}}, {"title": "", "media_map_data": {}, "string_map_data": {"Author": {"href": "", "value": "Jessica.garcia", "timestamp": 0}, "Time": {"href": "", "value": "Jun 28, 2019, 20:03 PM", "timestamp": 0}}}, {"title": "", "media_map_data": {}, "string_map_data": {"Author": {"href": "", "value": "Barry.mcmahon", "timestamp": 0}, "Time": {"href": "", "value": "Dec 23, 2018, 09:17 AM", "timestamp": 0}}}, {"title": "", "media_map_data": {}, "string_map_data": {"Author": {"href": "", "value": "Catherine.koch", "timestamp": 0}, "Time": {"href": "", "value": "Jul 06, 2021, 22:24 PM", "timestamp": 0}}}, {"title": "", "media_map_data": {}, "string_map_data": {"Author": {"href": "", "value": "Adam.barrett", "timestamp": 0}, "Time": {"href": "", "value": "Nov 28, 2019, 14:43 PM", "timestamp": 0}}}, {"title": "", "media_map_data": {}, "string_map_data": {"Author": {"href": "", "value": "Jennifer.smith", "timestamp": 0}, "Time": {"href": "", "value": "May 08, 2019, 19:09 PM", "timestamp": 0}}}, {"title": "", "media_map_data": {}, "string_map_data": {"Author": {"href": "", "value": "Brandon.bailey", "timestamp": 0}, "Time": {"href": "", "value": "Sep 26, 2019, 11:00 AM", "timestamp": 0}}}, {"title": "", "media_map_data": {}, "string_map_data": {"Author": {"href": "", "value": "Karen.barrett", "timestamp": 0}, "Time": {"href": "", "value": "Jan 29, 2021, 07:57 AM", "timestamp": 0}}}, {"title": "", "media_map_data": {}, "string_map_data": {"Author": {"href": "", "value": "Brooke.mccoy", "timestamp": 0}, "Time": {"href": "", "value": "Nov 28, 2021, 09:14 AM", "timestamp": 0}}}, {"title": "", "media_map_data": {}, "string_map_data": {"Author": {"href": "", "value": "Jennifer.moon", "timestamp": 0}, "Time": {"href": "", "value": "Jan 08, 2021, 11:27 AM", "timestamp": 0}}}, {"title": "", "media_map_data": {}, "string_map_data": {"Author": {"href": "", "value": "Hunter.vaughn", "timestamp": 0}, "Time": {"href": "", "value": "Nov 08, 2021, 05:51 AM", "timestamp": 0}}}, {"title": "", "media_map_data": {}, "string_map_data": {"Author": {"href": "", "value": "Adam.powers", "timestamp": 0}, "Time": {"href": "", "value": "Jan 06, 2019, 19:22 PM", "timestamp": 0}}}, {"title": "", "media_map_data": {}, "string_map_data": {"Author": {"href": "", "value": "Michael.oliver", "timestamp": 0}, "Time": {"href": "", "value": "Dec 24, 2021, 18:24 PM", "timestamp": 0}}}, {"title": "", "media_map_data": {}, "string_map_data": {"Author": {"href": "", "value": "Ryan.dougherty", "timestamp": 0}, "Time": {"href": "", "value": "May 01, 2018, 17:12 PM", "timestamp": 0}}}, {"title": "", "media_map_data": {}, "string_map_data": {"Author": {"href": "", "value": "Roger.cobb", "timestamp": 0}, "Time": {"href": "", "value": "Apr 12, 2020, 00:44 AM", "timestamp": 0}}}, {"title": "", "media_map_data": {}, "string_map_data": {"Author": {"href": "", "value": "Cindy.ingram", "timestamp": 0}, "Time": {"href": "", "value": "Sep 07, 2022, 12:02 PM", "timestamp": 0}}}, {"title": "", "media_map_data": {}, "string_map_data": {"Author": {"href": "", "value": "Sarah.cruz", "timestamp": 0}, "Time": {"href": "", "value": "Jul 15, 2022, 19:16 PM", "timestamp": 0}}}, {"title": "", "media_map_data": {}, "string_map_data": {"Author": {"href": "", "value": "Samantha.garcia", "timestamp": 0}, "Time": {"href": "", "value": "Apr 11, 2018, 18:41 PM", "timestamp": 0}}}, {"title": "", "media_map_data": {}, "string_map_data": {"Author": {"href": "", "value": "Chad.kennedy", "timestamp": 0}, "Time": {"href": "", "value": "Jun 05, 2019, 00:24 AM", "timestamp": 0}}}, {"title": "", "media_map_data": {}, "string_map_data": {"Author": {"href": "", "value": "Daniel.martinez", "timestamp": 0}, "Time": {"href": "", "value": "Nov 07, 2022, 22:40 PM", "timestamp": 0}}}, {"title": "", "media_map_data": {}, "string_map_data": {"Author": {"href": "", "value": "Annette.jones", "timestamp": 0}, "Time": {"href": "", "value": "Aug 18, 2022, 14:17 PM", "timestamp": 0}}}, {"title": "", "media_map_data": {}, "string_map_data": {"Author": {"href": "", "value": "Janice.hill", "timestamp": 0}, "Time": {"href": "", "value": "Jun 07, 2019, 23:45 PM", "timestamp": 0}}}, {"title": "", "media_map_data": {}, "string_map_data": {"Author": {"href": "", "value": "Pamela.leonard", "timestamp": 0}, "Time": {"href": "", "value": "Oct 04, 2020, 06:44 AM", "timestamp": 0}}}, {"title": "", "media_map_data": {}, "string_map_data": {"Author": {"href": "", "value": "Laura.rivers", "timestamp": 0}, "Time": {"href": "", "value": "Jan 31, 2021, 04:56 AM", "timestamp": 0}}}, {"title": "", "media_map_data": {}, "string_map_data": {"Author": {"href": "", "value": "Rebecca.cherry", "timestamp": 0}, "Time": {"href": "", "value": "May 14, 2018, 02:40 AM", "timestamp": 0}}}]}