{"likes_media_likes": [{"title": "brittany.petty", "media_list_data": [], "string_list_data": [{"href": "https://www.instagram.com/p/Cauzgxrce8ZSOVjDKOlTs4kGSMN_N6IvL8vtmI0/", "value": "\u00f0\u009f\u0091\u008d", "timestamp": 1568361404}]}, {"title": "candace.wright", "media_list_data": [], "string_list_data": [{"href": "https://www.instagram.com/p/Cauzgxrce8ZSOVjDKOlTs4kGSMN_N6IvL8vtmI0/", "value": "\u00f0\u009f\u0091\u008d", "timestamp": 1519009314}]}, {"title": "anthony.williams", "media_list_data": [], "string_list_data": [{"href": "https://www.instagram.com/p/Cauzgxrce8ZSOVjDKOlTs4kGSMN_N6IvL8vtmI0/", "value": "\u00f0\u009f\u0091\u008d", "timestamp": 1524018606}]}, {"title": "heather.nielsen", "media_list_data": [], "string_list_data": [{"href": "https://www.instagram.com/p/Cauzgxrce8ZSOVjDKOlTs4kGSMN_N6IvL8vtmI0/", "value": "\u00f0\u009f\u0091\u008d", "timestamp": 1556794094}]}, {"title": "justin.mcintyre", "media_list_data": [], "string_list_data": [{"href": "https://www.instagram.com/p/Cauzgxrce8ZSOVjDKOlTs4kGSMN_N6IvL8vtmI0/", "value": "\u00f0\u009f\u0091\u008d", "timestamp": 1548580414}]}, {"title": "david.hunt", "media_list_data": [], "string_list_data": [{"href": "https://www.instagram.com/p/Cauzgxrce8ZSOVjDKOlTs4kGSMN_N6IvL8vtmI0/", "value": "\u00f0\u009f\u0091\u008d", "timestamp": 1653851199}]}, {"title": "rebecca.thomas", "media_list_data": [], "string_list_data": [{"href": "https://www.instagram.com/p/Cauzgxrce8ZSOVjDKOlTs4kGSMN_N6IvL8vtmI0/", "value": "\u00f0\u009f\u0091\u008d", "timestamp": 1518599941}]}, {"title": "cory.petty", "media_list_data": [], "string_list_data": [{"href": "https://www.instagram.com/p/Cauzgxrce8ZSOVjDKOlTs4kGSMN_N6IvL8vtmI0/", "value": "\u00f0\u009f\u0091\u008d", "timestamp": 1564375543}]}, {"title": "judith.adams", "media_list_data": [], "string_list_data": [{"href": "https://www.instagram.com/p/Cauzgxrce8ZSOVjDKOlTs4kGSMN_N6IvL8vtmI0/", "value": "\u00f0\u009f\u0091\u008d", "timestamp": 1635397103}]}, {"title": "jason.austin", "media_list_data": [], "string_list_data": [{"href": "https://www.instagram.com/p/Cauzgxrce8ZSOVjDKOlTs4kGSMN_N6IvL8vtmI0/", "value": "\u00f0\u009f\u0091\u008d", "timestamp": 1624242958}]}, {"title": "eric.brooks", "media_list_data": [], "string_list_data": [{"href": "https://www.instagram.com/p/Cauzgxrce8ZSOVjDKOlTs4kGSMN_N6IvL8vtmI0/", "value": "\u00f0\u009f\u0091\u008d", "timestamp": 1606922770}]}, {"title": "maria.walton", "media_list_data": [], "string_list_data": [{"href": "https://www.instagram.com/p/Cauzgxrce8ZSOVjDKOlTs4kGSMN_N6IvL8vtmI0/", "value": "\u00f0\u009f\u0091\u008d", "timestamp": 1586934609}]}, {"title": "leslie.flores", "media_list_data": [], "string_list_data": [{"href": "https://www.instagram.com/p/Cauzgxrce8ZSOVjDKOlTs4kGSMN_N6IvL8vtmI0/", "value": "\u00f0\u009f\u0091\u008d", "timestamp": 1558235715}]}, {"title": "roberta.booker", "media_list_data": [], "string_list_data": [{"href": "https://www.instagram.com/p/Cauzgxrce8ZSOVjDKOlTs4kGSMN_N6IvL8vtmI0/", "value": "\u00f0\u009f\u0091\u008d", "timestamp": 1514531328}]}, {"title": "brandy.meadows", "media_list_data": [], "string_list_data": [{"href": "https://www.instagram.com/p/Cauzgxrce8ZSOVjDKOlTs4kGSMN_N6IvL8vtmI0/", "value": "\u00f0\u009f\u0091\u008d", "timestamp": 1545020960}]}, {"title": "paul.finley", "media_list_data": [], "string_list_data": [{"href": "https://www.instagram.com/p/Cauzgxrce8ZSOVjDKOlTs4kGSMN_N6IvL8vtmI0/", "value": "\u00f0\u009f\u0091\u008d", "timestamp": 1594733028}]}, {"title": "kyle.berg", "media_list_data": [], "string_list_data": [{"href": "https://www.instagram.com/p/Cauzgxrce8ZSOVjDKOlTs4kGSMN_N6IvL8vtmI0/", "value": "\u00f0\u009f\u0091\u008d", "timestamp": 1599051838}]}, {"title": "alyssa.lawson", "media_list_data": [], "string_list_data": [{"href": "https://www.instagram.com/p/Cauzgxrce8ZSOVjDKOlTs4kGSMN_N6IvL8vtmI0/", "value": "\u00f0\u009f\u0091\u008d", "timestamp": 1644214478}]}, {"title": "jennifer.frost", "media_list_data": [], "string_list_data": [{"href": "https://www.instagram.com/p/Cauzgxrce8ZSOVjDKOlTs4kGSMN_N6IvL8vtmI0/", "value": "\u00f0\u009f\u0091\u008d", "timestamp": 1580125563}]}, {"title": "kiara.lewis", "media_list_data": [], "string_list_data": [{"href": "https://www.instagram.com/p/Cauzgxrce8ZSOVjDKOlTs4kGSMN_N6IvL8vtmI0/", "value": "\u00f0\u009f\u0091\u008d", "timestamp": 1659424077}]}, {"title": "latasha.gonzales", "media_list_data": [], "string_list_data": [{"href": "https://www.instagram.com/p/Cauzgxrce8ZSOVjDKOlTs4kGSMN_N6IvL8vtmI0/", "value": "\u00f0\u009f\u0091\u008d", "timestamp": 1583602516}]}, {"title": "robert.washington", "media_list_data": [], "string_list_data": [{"href": "https://www.instagram.com/p/Cauzgxrce8ZSOVjDKOlTs4kGSMN_N6IvL8vtmI0/", "value": "\u00f0\u009f\u0091\u008d", "timestamp": 1555773279}]}, {"title": "paul.jimenez", "media_list_data": [], "string_list_data": [{"href": "https://www.instagram.com/p/Cauzgxrce8ZSOVjDKOlTs4kGSMN_N6IvL8vtmI0/", "value": "\u00f0\u009f\u0091\u008d", "timestamp": 1587165421}]}, {"title": "alexander.landry", "media_list_data": [], "string_list_data": [{"href": "https://www.instagram.com/p/Cauzgxrce8ZSOVjDKOlTs4kGSMN_N6IvL8vtmI0/", "value": "\u00f0\u009f\u0091\u008d", "timestamp": 1648386117}]}, {"title": "marissa.martinez", "media_list_data": [], "string_list_data": [{"href": "https://www.instagram.com/p/Cauzgxrce8ZSOVjDKOlTs4kGSMN_N6IvL8vtmI0/", "value": "\u00f0\u009f\u0091\u008d", "timestamp": 1600151872}]}, {"title": "jonathan.morgan", "media_list_data": [], "string_list_data": [{"href": "https://www.instagram.com/p/Cauzgxrce8ZSOVjDKOlTs4kGSMN_N6IvL8vtmI0/", "value": "\u00f0\u009f\u0091\u008d", "timestamp": 1604991496}]}, {"title": "patty.foster", "media_list_data": [], "string_list_data": [{"href": "https://www.instagram.com/p/Cauzgxrce8ZSOVjDKOlTs4kGSMN_N6IvL8vtmI0/", "value": "\u00f0\u009f\u0091\u008d", "timestamp": 1595878447}]}, {"title": "deborah.wright", "media_list_data": [], "string_list_data": [{"href": "https://www.instagram.com/p/Cauzgxrce8ZSOVjDKOlTs4kGSMN_N6IvL8vtmI0/", "value": "\u00f0\u009f\u0091\u008d", "timestamp": 1542213607}]}, {"title": "eric.gomez", "media_list_data": [], "string_list_data": [{"href": "https://www.instagram.com/p/Cauzgxrce8ZSOVjDKOlTs4kGSMN_N6IvL8vtmI0/", "value": "\u00f0\u009f\u0091\u008d", "timestamp": 1590050675}]}, {"title": "claudia.garner", "media_list_data": [], "string_list_data": [{"href": "https://www.instagram.com/p/Cauzgxrce8ZSOVjDKOlTs4kGSMN_N6IvL8vtmI0/", "value": "\u00f0\u009f\u0091\u008d", "timestamp": 1581380504}]}, {"title": "francisco.miller", "media_list_data": [], "string_list_data": [{"href": "https://www.instagram.com/p/Cauzgxrce8ZSOVjDKOlTs4kGSMN_N6IvL8vtmI0/", "value": "\u00f0\u009f\u0091\u008d", "timestamp": 1613978130}]}, {"title": "angela.preston", "media_list_data": [], "string_list_data": [{"href": "https://www.instagram.com/p/Cauzgxrce8ZSOVjDKOlTs4kGSMN_N6IvL8vtmI0/", "value": "\u00f0\u009f\u0091\u008d", "timestamp": 1644284524}]}, {"title": "angela.adams", "media_list_data": [], "string_list_data": [{"href": "https://www.instagram.com/p/Cauzgxrce8ZSOVjDKOlTs4kGSMN_N6IvL8vtmI0/", "value": "\u00f0\u009f\u0091\u008d", "timestamp": 1590713133}]}, {"title": "michelle.evans", "media_list_data": [], "string_list_data": [{"href": "https://www.instagram.com/p/Cauzgxrce8ZSOVjDKOlTs4kGSMN_N6IvL8vtmI0/", "value": "\u00f0\u009f\u0091\u008d", "timestamp": 1538972514}]}, {"title": "jason.sherman", "media_list_data": [], "string_list_data": [{"href": "https://www.instagram.com/p/Cauzgxrce8ZSOVjDKOlTs4kGSMN_N6IvL8vtmI0/", "value": "\u00f0\u009f\u0091\u008d", "timestamp": 1581177922}]}, {"title": "james.acosta", "media_list_data": [], "string_list_data": [{"href": "https://www.instagram.com/p/Cauzgxrce8ZSOVjDKOlTs4kGSMN_N6IvL8vtmI0/", "value": "\u00f0\u009f\u0091\u008d", "timestamp": 1654631489}]}, {"title": "emily.garcia", "media_list_data": [], "string_list_data": [{"href": "https://www.instagram.com/p/Cauzgxrce8ZSOVjDKOlTs4kGSMN_N6IvL8vtmI0/", "value": "\u00f0\u009f\u0091\u008d", "timestamp": 1600241721}]}, {"title": "john.baker", "media_list_data": [], "string_list_data": [{"href": "https://www.instagram.com/p/Cauzgxrce8ZSOVjDKOlTs4kGSMN_N6IvL8vtmI0/", "value": "\u00f0\u009f\u0091\u008d", "timestamp": 1582234144}]}, {"title": "christine.green", "media_list_data": [], "string_list_data": [{"href": "https://www.instagram.com/p/Cauzgxrce8ZSOVjDKOlTs4kGSMN_N6IvL8vtmI0/", "value": "\u00f0\u009f\u0091\u008d", "timestamp": 1620224344}]}, {"title": "bruce.fox", "media_list_data": [], "string_list_data": [{"href": "https://www.instagram.com/p/Cauzgxrce8ZSOVjDKOlTs4kGSMN_N6IvL8vtmI0/", "value": "\u00f0\u009f\u0091\u008d", "timestamp": 1581455386}]}, {"title": "michael.olson", "media_list_data": [], "string_list_data": [{"href": "https://www.instagram.com/p/Cauzgxrce8ZSOVjDKOlTs4kGSMN_N6IvL8vtmI0/", "value": "\u00f0\u009f\u0091\u008d", "timestamp": 1590723423}]}, {"title": "sarah.ortiz", "media_list_data": [], "string_list_data": [{"href": "https://www.instagram.com/p/Cauzgxrce8ZSOVjDKOlTs4kGSMN_N6IvL8vtmI0/", "value": "\u00f0\u009f\u0091\u008d", "timestamp": 1647313052}]}, {"title": "dakota.walter", "media_list_data": [], "string_list_data": [{"href": "https://www.instagram.com/p/Cauzgxrce8ZSOVjDKOlTs4kGSMN_N6IvL8vtmI0/", "value": "\u00f0\u009f\u0091\u008d", "timestamp": 1539024310}]}, {"title": "christopher.nichols", "media_list_data": [], "string_list_data": [{"href": "https://www.instagram.com/p/Cauzgxrce8ZSOVjDKOlTs4kGSMN_N6IvL8vtmI0/", "value": "\u00f0\u009f\u0091\u008d", "timestamp": 1524367845}]}, {"title": "donna.gilbert", "media_list_data": [], "string_list_data": [{"href": "https://www.instagram.com/p/Cauzgxrce8ZSOVjDKOlTs4kGSMN_N6IvL8vtmI0/", "value": "\u00f0\u009f\u0091\u008d", "timestamp": 1609785475}]}, {"title": "jamie.perry", "media_list_data": [], "string_list_data": [{"href": "https://www.instagram.com/p/Cauzgxrce8ZSOVjDKOlTs4kGSMN_N6IvL8vtmI0/", "value": "\u00f0\u009f\u0091\u008d", "timestamp": 1547583099}]}, {"title": "dawn.matthews", "media_list_data": [], "string_list_data": [{"href": "https://www.instagram.com/p/Cauzgxrce8ZSOVjDKOlTs4kGSMN_N6IvL8vtmI0/", "value": "\u00f0\u009f\u0091\u008d", "timestamp": 1510708392}]}, {"title": "karen.wall", "media_list_data": [], "string_list_data": [{"href": "https://www.instagram.com/p/Cauzgxrce8ZSOVjDKOlTs4kGSMN_N6IvL8vtmI0/", "value": "\u00f0\u009f\u0091\u008d", "timestamp": 1541530746}]}, {"title": "randall.green", "media_list_data": [], "string_list_data": [{"href": "https://www.instagram.com/p/Cauzgxrce8ZSOVjDKOlTs4kGSMN_N6IvL8vtmI0/", "value": "\u00f0\u009f\u0091\u008d", "timestamp": 1644819720}]}, {"title": "travis.summers", "media_list_data": [], "string_list_data": [{"href": "https://www.instagram.com/p/Cauzgxrce8ZSOVjDKOlTs4kGSMN_N6IvL8vtmI0/", "value": "\u00f0\u009f\u0091\u008d", "timestamp": 1523047762}]}, {"title": "joshua.gutierrez", "media_list_data": [], "string_list_data": [{"href": "https://www.instagram.com/p/Cauzgxrce8ZSOVjDKOlTs4kGSMN_N6IvL8vtmI0/", "value": "\u00f0\u009f\u0091\u008d", "timestamp": 1628880115}]}, {"title": "christina.fox", "media_list_data": [], "string_list_data": [{"href": "https://www.instagram.com/p/Cauzgxrce8ZSOVjDKOlTs4kGSMN_N6IvL8vtmI0/", "value": "\u00f0\u009f\u0091\u008d", "timestamp": 1623179492}]}, {"title": "tyler.rodriguez", "media_list_data": [], "string_list_data": [{"href": "https://www.instagram.com/p/Cauzgxrce8ZSOVjDKOlTs4kGSMN_N6IvL8vtmI0/", "value": "\u00f0\u009f\u0091\u008d", "timestamp": 1593785145}]}, {"title": "emily.sanford", "media_list_data": [], "string_list_data": [{"href": "https://www.instagram.com/p/Cauzgxrce8ZSOVjDKOlTs4kGSMN_N6IvL8vtmI0/", "value": "\u00f0\u009f\u0091\u008d", "timestamp": 1580810970}]}, {"title": "maria.aguirre", "media_list_data": [], "string_list_data": [{"href": "https://www.instagram.com/p/Cauzgxrce8ZSOVjDKOlTs4kGSMN_N6IvL8vtmI0/", "value": "\u00f0\u009f\u0091\u008d", "timestamp": 1636996396}]}, {"title": "andrew.callahan", "media_list_data": [], "string_list_data": [{"href": "https://www.instagram.com/p/Cauzgxrce8ZSOVjDKOlTs4kGSMN_N6IvL8vtmI0/", "value": "\u00f0\u009f\u0091\u008d", "timestamp": 1588551235}]}, {"title": "kathryn.anderson", "media_list_data": [], "string_list_data": [{"href": "https://www.instagram.com/p/Cauzgxrce8ZSOVjDKOlTs4kGSMN_N6IvL8vtmI0/", "value": "\u00f0\u009f\u0091\u008d", "timestamp": 1594162277}]}, {"title": "wayne.duncan", "media_list_data": [], "string_list_data": [{"href": "https://www.instagram.com/p/Cauzgxrce8ZSOVjDKOlTs4kGSMN_N6IvL8vtmI0/", "value": "\u00f0\u009f\u0091\u008d", "timestamp": 1551976253}]}, {"title": "stephanie.crawford", "media_list_data": [], "string_list_data": [{"href": "https://www.instagram.com/p/Cauzgxrce8ZSOVjDKOlTs4kGSMN_N6IvL8vtmI0/", "value": "\u00f0\u009f\u0091\u008d", "timestamp": 1518806704}]}, {"title": "michael.gibson", "media_list_data": [], "string_list_data": [{"href": "https://www.instagram.com/p/Cauzgxrce8ZSOVjDKOlTs4kGSMN_N6IvL8vtmI0/", "value": "\u00f0\u009f\u0091\u008d", "timestamp": 1554406099}]}, {"title": "lindsey.bailey", "media_list_data": [], "string_list_data": [{"href": "https://www.instagram.com/p/Cauzgxrce8ZSOVjDKOlTs4kGSMN_N6IvL8vtmI0/", "value": "\u00f0\u009f\u0091\u008d", "timestamp": 1514693291}]}, {"title": "mallory.thomas", "media_list_data": [], "string_list_data": [{"href": "https://www.instagram.com/p/Cauzgxrce8ZSOVjDKOlTs4kGSMN_N6IvL8vtmI0/", "value": "\u00f0\u009f\u0091\u008d", "timestamp": 1603004738}]}, {"title": "donna.green", "media_list_data": [], "string_list_data": [{"href": "https://www.instagram.com/p/Cauzgxrce8ZSOVjDKOlTs4kGSMN_N6IvL8vtmI0/", "value": "\u00f0\u009f\u0091\u008d", "timestamp": 1616558994}]}, {"title": "crystal.jones", "media_list_data": [], "string_list_data": [{"href": "https://www.instagram.com/p/Cauzgxrce8ZSOVjDKOlTs4kGSMN_N6IvL8vtmI0/", "value": "\u00f0\u009f\u0091\u008d", "timestamp": 1587828090}]}, {"title": "jessica.navarro", "media_list_data": [], "string_list_data": [{"href": "https://www.instagram.com/p/Cauzgxrce8ZSOVjDKOlTs4kGSMN_N6IvL8vtmI0/", "value": "\u00f0\u009f\u0091\u008d", "timestamp": 1530310306}]}, {"title": "trevor.mayo", "media_list_data": [], "string_list_data": [{"href": "https://www.instagram.com/p/Cauzgxrce8ZSOVjDKOlTs4kGSMN_N6IvL8vtmI0/", "value": "\u00f0\u009f\u0091\u008d", "timestamp": 1615652390}]}, {"title": "john.carr", "media_list_data": [], "string_list_data": [{"href": "https://www.instagram.com/p/Cauzgxrce8ZSOVjDKOlTs4kGSMN_N6IvL8vtmI0/", "value": "\u00f0\u009f\u0091\u008d", "timestamp": 1534966669}]}, {"title": "gina.shepard", "media_list_data": [], "string_list_data": [{"href": "https://www.instagram.com/p/Cauzgxrce8ZSOVjDKOlTs4kGSMN_N6IvL8vtmI0/", "value": "\u00f0\u009f\u0091\u008d", "timestamp": 1528104592}]}, {"title": "nancy.hayden", "media_list_data": [], "string_list_data": [{"href": "https://www.instagram.com/p/Cauzgxrce8ZSOVjDKOlTs4kGSMN_N6IvL8vtmI0/", "value": "\u00f0\u009f\u0091\u008d", "timestamp": 1546956376}]}, {"title": "kathleen.levine", "media_list_data": [], "string_list_data": [{"href": "https://www.instagram.com/p/Cauzgxrce8ZSOVjDKOlTs4kGSMN_N6IvL8vtmI0/", "value": "\u00f0\u009f\u0091\u008d", "timestamp": 1608883274}]}, {"title": "terri.carpenter", "media_list_data": [], "string_list_data": [{"href": "https://www.instagram.com/p/Cauzgxrce8ZSOVjDKOlTs4kGSMN_N6IvL8vtmI0/", "value": "\u00f0\u009f\u0091\u008d", "timestamp": 1623214218}]}, {"title": "robert.campbell", "media_list_data": [], "string_list_data": [{"href": "https://www.instagram.com/p/Cauzgxrce8ZSOVjDKOlTs4kGSMN_N6IvL8vtmI0/", "value": "\u00f0\u009f\u0091\u008d", "timestamp": 1656602689}]}, {"title": "philip.brandt", "media_list_data": [], "string_list_data": [{"href": "https://www.instagram.com/p/Cauzgxrce8ZSOVjDKOlTs4kGSMN_N6IvL8vtmI0/", "value": "\u00f0\u009f\u0091\u008d", "timestamp": 1580130770}]}, {"title": "janet.jones", "media_list_data": [], "string_list_data": [{"href": "https://www.instagram.com/p/Cauzgxrce8ZSOVjDKOlTs4kGSMN_N6IvL8vtmI0/", "value": "\u00f0\u009f\u0091\u008d", "timestamp": 1639469914}]}, {"title": "danny.jones", "media_list_data": [], "string_list_data": [{"href": "https://www.instagram.com/p/Cauzgxrce8ZSOVjDKOlTs4kGSMN_N6IvL8vtmI0/", "value": "\u00f0\u009f\u0091\u008d", "timestamp": 1663489521}]}, {"title": "patricia.underwood", "media_list_data": [], "string_list_data": [{"href": "https://www.instagram.com/p/Cauzgxrce8ZSOVjDKOlTs4kGSMN_N6IvL8vtmI0/", "value": "\u00f0\u009f\u0091\u008d", "timestamp": 1533620202}]}, {"title": "kristina.sanchez", "media_list_data": [], "string_list_data": [{"href": "https://www.instagram.com/p/Cauzgxrce8ZSOVjDKOlTs4kGSMN_N6IvL8vtmI0/", "value": "\u00f0\u009f\u0091\u008d", "timestamp": 1569968460}]}, {"title": "claudia.gordon", "media_list_data": [], "string_list_data": [{"href": "https://www.instagram.com/p/Cauzgxrce8ZSOVjDKOlTs4kGSMN_N6IvL8vtmI0/", "value": "\u00f0\u009f\u0091\u008d", "timestamp": 1616395716}]}, {"title": "shannon.meza", "media_list_data": [], "string_list_data": [{"href": "https://www.instagram.com/p/Cauzgxrce8ZSOVjDKOlTs4kGSMN_N6IvL8vtmI0/", "value": "\u00f0\u009f\u0091\u008d", "timestamp": 1595121004}]}, {"title": "mark.lynch", "media_list_data": [], "string_list_data": [{"href": "https://www.instagram.com/p/Cauzgxrce8ZSOVjDKOlTs4kGSMN_N6IvL8vtmI0/", "value": "\u00f0\u009f\u0091\u008d", "timestamp": 1651336625}]}, {"title": "sharon.miller", "media_list_data": [], "string_list_data": [{"href": "https://www.instagram.com/p/Cauzgxrce8ZSOVjDKOlTs4kGSMN_N6IvL8vtmI0/", "value": "\u00f0\u009f\u0091\u008d", "timestamp": 1610623748}]}, {"title": "thomas.murphy", "media_list_data": [], "string_list_data": [{"href": "https://www.instagram.com/p/Cauzgxrce8ZSOVjDKOlTs4kGSMN_N6IvL8vtmI0/", "value": "\u00f0\u009f\u0091\u008d", "timestamp": 1612289507}]}, {"title": "amy.hunt", "media_list_data": [], "string_list_data": [{"href": "https://www.instagram.com/p/Cauzgxrce8ZSOVjDKOlTs4kGSMN_N6IvL8vtmI0/", "value": "\u00f0\u009f\u0091\u008d", "timestamp": 1602514471}]}, {"title": "daniel.moreno", "media_list_data": [], "string_list_data": [{"href": "https://www.instagram.com/p/Cauzgxrce8ZSOVjDKOlTs4kGSMN_N6IvL8vtmI0/", "value": "\u00f0\u009f\u0091\u008d", "timestamp": 1575378833}]}, {"title": "todd.murphy", "media_list_data": [], "string_list_data": [{"href": "https://www.instagram.com/p/Cauzgxrce8ZSOVjDKOlTs4kGSMN_N6IvL8vtmI0/", "value": "\u00f0\u009f\u0091\u008d", "timestamp": 1622163484}]}, {"title": "michael.williams", "media_list_data": [], "string_list_data": [{"href": "https://www.instagram.com/p/Cauzgxrce8ZSOVjDKOlTs4kGSMN_N6IvL8vtmI0/", "value": "\u00f0\u009f\u0091\u008d", "timestamp": 1568191072}]}, {"title": "bianca.hoffman", "media_list_data": [], "string_list_data": [{"href": "https://www.instagram.com/p/Cauzgxrce8ZSOVjDKOlTs4kGSMN_N6IvL8vtmI0/", "value": "\u00f0\u009f\u0091\u008d", "timestamp": 1590894477}]}, {"title": "carla.mayo", "media_list_data": [], "string_list_data": [{"href": "https://www.instagram.com/p/Cauzgxrce8ZSOVjDKOlTs4kGSMN_N6IvL8vtmI0/", "value": "\u00f0\u009f\u0091\u008d", "timestamp": 1582180966}]}, {"title": "kelli.kirby", "media_list_data": [], "string_list_data": [{"href": "https://www.instagram.com/p/Cauzgxrce8ZSOVjDKOlTs4kGSMN_N6IvL8vtmI0/", "value": "\u00f0\u009f\u0091\u008d", "timestamp": 1622032247}]}, {"title": "john.king", "media_list_data": [], "string_list_data": [{"href": "https://www.instagram.com/p/Cauzgxrce8ZSOVjDKOlTs4kGSMN_N6IvL8vtmI0/", "value": "\u00f0\u009f\u0091\u008d", "timestamp": 1664807161}]}, {"title": "david.morgan", "media_list_data": [], "string_list_data": [{"href": "https://www.instagram.com/p/Cauzgxrce8ZSOVjDKOlTs4kGSMN_N6IvL8vtmI0/", "value": "\u00f0\u009f\u0091\u008d", "timestamp": 1657797950}]}, {"title": "robin.pace", "media_list_data": [], "string_list_data": [{"href": "https://www.instagram.com/p/Cauzgxrce8ZSOVjDKOlTs4kGSMN_N6IvL8vtmI0/", "value": "\u00f0\u009f\u0091\u008d", "timestamp": 1562137727}]}, {"title": "joshua.marshall", "media_list_data": [], "string_list_data": [{"href": "https://www.instagram.com/p/Cauzgxrce8ZSOVjDKOlTs4kGSMN_N6IvL8vtmI0/", "value": "\u00f0\u009f\u0091\u008d", "timestamp": 1637694534}]}, {"title": "caroline.hardy", "media_list_data": [], "string_list_data": [{"href": "https://www.instagram.com/p/Cauzgxrce8ZSOVjDKOlTs4kGSMN_N6IvL8vtmI0/", "value": "\u00f0\u009f\u0091\u008d", "timestamp": 1553076399}]}, {"title": "brooke.elliott", "media_list_data": [], "string_list_data": [{"href": "https://www.instagram.com/p/Cauzgxrce8ZSOVjDKOlTs4kGSMN_N6IvL8vtmI0/", "value": "\u00f0\u009f\u0091\u008d", "timestamp": 1647831672}]}, {"title": "samantha.flores", "media_list_data": [], "string_list_data": [{"href": "https://www.instagram.com/p/Cauzgxrce8ZSOVjDKOlTs4kGSMN_N6IvL8vtmI0/", "value": "\u00f0\u009f\u0091\u008d", "timestamp": 1610241666}]}, {"title": "joshua.hawkins", "media_list_data": [], "string_list_data": [{"href": "https://www.instagram.com/p/Cauzgxrce8ZSOVjDKOlTs4kGSMN_N6IvL8vtmI0/", "value": "\u00f0\u009f\u0091\u008d", "timestamp": 1539174317}]}, {"title": "jason.west", "media_list_data": [], "string_list_data": [{"href": "https://www.instagram.com/p/Cauzgxrce8ZSOVjDKOlTs4kGSMN_N6IvL8vtmI0/", "value": "\u00f0\u009f\u0091\u008d", "timestamp": 1648691729}]}, {"title": "hailey.henderson", "media_list_data": [], "string_list_data": [{"href": "https://www.instagram.com/p/Cauzgxrce8ZSOVjDKOlTs4kGSMN_N6IvL8vtmI0/", "value": "\u00f0\u009f\u0091\u008d", "timestamp": 1613514318}]}, {"title": "billy.green", "media_list_data": [], "string_list_data": [{"href": "https://www.instagram.com/p/Cauzgxrce8ZSOVjDKOlTs4kGSMN_N6IvL8vtmI0/", "value": "\u00f0\u009f\u0091\u008d", "timestamp": 1659193180}]}, {"title": "kyle.terrell", "media_list_data": [], "string_list_data": [{"href": "https://www.instagram.com/p/Cauzgxrce8ZSOVjDKOlTs4kGSMN_N6IvL8vtmI0/", "value": "\u00f0\u009f\u0091\u008d", "timestamp": 1553126540}]}, {"title": "david.williamson", "media_list_data": [], "string_list_data": [{"href": "https://www.instagram.com/p/Cauzgxrce8ZSOVjDKOlTs4kGSMN_N6IvL8vtmI0/", "value": "\u00f0\u009f\u0091\u008d", "timestamp": 1574789238}]}, {"title": "wayne.martin", "media_list_data": [], "string_list_data": [{"href": "https://www.instagram.com/p/Cauzgxrce8ZSOVjDKOlTs4kGSMN_N6IvL8vtmI0/", "value": "\u00f0\u009f\u0091\u008d", "timestamp": 1545377828}]}]}