City,Product Type,Trip or Order Status,Request Time,Begin Trip Time,Begin Trip Lat,Begin Trip Lng,Begin Trip Address,Dropoff Time,Dropoff Lat,Dropoff Lng,Dropoff Address,Distance (miles),Fare Amount,Fare Currency
3,uberX,COMPLETED,2018-04-05 05:52:02 +0000 UTC,2018-04-05 06:06:05 +0000 UTC,48.8127132,2.2632769,"67 Rue de Fleury, 92140 Clamart, France",2018-04-05 06:38:41 +0000 UTC,48.8704654,2.2745517,"1 Bd Lannes, 75016 Paris, France",6.1722169043,32.82,EUR
51,uberX,COMPLETED,2017-10-28 23:52:59 +0000 UTC,2017-10-28 23:57:40 +0000 UTC,45.7414398109966,4.86037932336783,"12 Rue de l'Épargne, 69008 Lyon, France",2017-10-29 00:09:21 +0000 UTC,45.7395216074594,4.81518729096804,"4 Rue Hrant Dink, 69002 Lyon, France",3.2594978383,10.99,EUR
51,uberX,COMPLETED,2016-12-05 06:31:20 +0000 UTC,2016-12-05 06:37:40 +0000 UTC,45.763191139567,4.84137670283148,"2 quai Victor Augagneur, Lyon, 69003, FR",2016-12-05 07:00:59 +0000 UTC,45.7763015480284,4.74913662891187,"28bis Rue Benoît Bennier, Auvergne-Rhône-Alpes, 69260, FR",6.8260794183,20.01,EUR
3,POOL,COMPLETED,2016-10-14 14:04:41 +0000 UTC,2016-10-14 14:11:51 +0000 UTC,48.763407109067,2.30814548989767,"5 Av. du Général de Gaulle, 92160 Antony, France",2016-10-14 14:20:18 +0000 UTC,48.7612130868891,2.27479404837141,"35 Rue Joseph Lahuec, 92290 Châtenay-Malabry, France",1.75635009,4.8,EUR
3,uberX,COMPLETED,2016-07-20 15:48:06 +0000 UTC,2016-07-20 15:59:31 +0000 UTC,48.8340261,2.4546804,"11 avenue du Tremblay, Paris, 75012, FR",2016-07-20 16:20:34 +0000 UTC,48.8201296,2.3441089,"91 Rue de l'Amiral Mouchez, Ile-de-France, 75013, FR",7.8613336953,18.92,EUR
3,uberX,COMPLETED,2016-07-20 13:55:11 +0000 UTC,2016-07-20 13:59:25 +0000 UTC,48.8229317,2.3416296,"45 Rue de l'Amiral Mouchez, Île-de-France, 75013, FR",2016-07-20 14:23:12 +0000 UTC,48.8173832,2.4423165,"120bis Rue du Maréchal Leclerc, Ile-de-France, 94410, FR",8.0143105604,19.85,EUR
3,UberX,COMPLETED,2016-06-30 14:10:30 +0000 UTC,2016-06-30 14:16:46 +0000 UTC,48.869303,2.2647239,"21 Route de la Muette à Neuilly, Île-de-France, 75116, FR",2016-06-30 15:04:00 +0000 UTC,48.7632721,2.3086988,"10 Avenue Aristide Briand, Île-de-France, 92160, FR",11.7060345296,31.64,EUR
3,UberX,COMPLETED,2016-06-02 22:40:59 +0000 UTC,2016-06-02 22:42:31 +0000 UTC,48.8825077,2.3376899,"18 bd de Clichy, Paris, 75018, FR",2016-06-02 23:04:05 +0000 UTC,48.8234622,2.3429387,"78 Rue Brillat-Savarin, Ile-de-France, 75013, FR",5.4852266259,15.22,EUR
3,UberX,COMPLETED,2016-04-19 12:13:49 +0000 UTC,2016-04-19 12:17:48 +0000 UTC,48.863597,2.2973019,"20 av de New York, Paris 16ème, 75116, FR",2016-04-19 12:46:41 +0000 UTC,48.7600505,2.3075485,"107 Avenue Aristide Briand, Ile-de-France, 92160, FR",14.661728048,31.82,EUR
3,UberX,COMPLETED,2016-04-17 20:24:03 +0000 UTC,2016-04-17 20:28:33 +0000 UTC,48.8459409,2.3721808,"1 Rue de Lyon, Ile-de-France, 75012, FR",2016-04-17 20:42:48 +0000 UTC,48.8232961,2.3427979,"71 Rue Brillat-Savarin, Ile-de-France, 75013, FR",2.4065507977,8.43,EUR
3,UberX,COMPLETED,2016-02-17 11:33:04 +0000 UTC,2016-02-17 11:38:55 +0000 UTC,48.7633539,2.3081787,"Avenue du Général de Gaulle & Rue de l'Ouest, Antony, Ile-de-France, 92160",2016-02-17 12:08:07 +0000 UTC,48.8691802,2.3242242,"2 Place de la Madeleine, Île-de-France, 75008, FR",15.2992596134,32.92,EUR
3,uberPOOL UFP: MATCHED,COMPLETED,2016-02-05 18:54:14 +0000 UTC,2016-02-05 19:05:21 +0000 UTC,48.7808037,2.3062134,"56 Rue de la Marne, Ile-de-France, 92330, FR",2016-02-05 19:29:44 +0000 UTC,48.8184208,2.319209,"1 place de la Libération, Montrouge, 92120, FR",5.0654657593,12.59,EUR
3,UberX,COMPLETED,2016-01-24 01:08:52 +0000 UTC,2016-01-24 01:15:51 +0000 UTC,48.8742344594084,2.39314651116952,"50 Rue Olivier Métra, Île-de-France, 75020, FR",2016-01-24 01:35:49 +0000 UTC,48.8230276527338,2.341580623763,"48 Rue de l'Amiral Mouchez, Ile-de-France, 75014, FR",8.4882569455,23.58,EUR
3,UberX,COMPLETED,2016-01-13 21:18:54 +0000 UTC,2016-01-13 21:23:06 +0000 UTC,48.8664381050245,2.33824798102432,"13 Rue des Petits Champs, Ile-de-France, 75001, FR",2016-01-13 21:44:09 +0000 UTC,48.822994696604,2.34161035365105,"43Z Rue de l'Amiral Mouchez, Île-de-France, 75013, FR",4.2560035979,13.11,EUR
15,uberX,COMPLETED,2016-01-08 17:01:03 +0000 UTC,2016-01-08 17:03:18 +0000 UTC,36.1190381,-115.1702168,"3475 Las Vegas Blvd S, Las Vegas, NV 89109, US",2016-01-08 17:16:02 +0000 UTC,36.0867149,-115.1370648,"Terminal 3, McCarran International Airport (LAS)  , Las Vegas, NV 89119, US",3.7358951989,37.06,USD
15,uberX,DRIVER_CANCELED,2016-01-08 16:56:23 +0000 UTC,1970-01-01 00:00:00 +0000 UTC,,,,1970-01-01 00:00:00 +0000 UTC,,,,0,0,USD
15,uberX,COMPLETED,2016-01-08 03:32:51 +0000 UTC,2016-01-08 03:37:45 +0000 UTC,36.1190107,-115.1700555,"3475 Las Vegas Blvd S, Las Vegas, NV 89109, US",2016-01-08 03:51:00 +0000 UTC,36.1470511,-115.1559691,"2106 Las Vegas Blvd S, Las Vegas, NV 89102, US",2.919245265,9.56,USD
3,UberX,COMPLETED,2015-12-28 23:46:27 +0000 UTC,2015-12-28 23:49:13 +0000 UTC,48.8721314,2.3393625,"4 Boulevard Haussmann, Ile-de-France, 75009, FR",2015-12-29 00:04:31 +0000 UTC,48.8994605,2.3203627,"28 Boulevard du Bois le Prêtre, Ile-de-France, 75017, FR",2.9499301317,9.57,EUR
3,uberPOOL,COMPLETED,2015-12-11 22:32:28 +0000 UTC,2015-12-11 22:35:08 +0000 UTC,48.866838017,2.402512869,"53 Rue Pelleport, Île-de-France, 75020, FR",2015-12-11 22:50:38 +0000 UTC,48.822962861,2.341645081,"43Z Rue de l'Amiral Mouchez, Île-de-France, 75013, FR",6.869994829,15.94,EUR
3,UberX,COMPLETED,2015-12-06 21:55:21 +0000 UTC,2015-12-06 22:00:28 +0000 UTC,48.836424993,2.323505469,"107 Avenue du Maine, Ile-de-France, 75014, FR",2015-12-06 22:11:28 +0000 UTC,48.832889926,2.354685562,"12 Rue Philippe de Champagne, Île-de-France, 75013, FR",2.400246763,7.61,EUR
3,UberX,COMPLETED,2015-12-06 19:23:48 +0000 UTC,2015-12-06 19:29:18 +0000 UTC,48.822921664,2.341744909,"45 Rue de l'Amiral Mouchez, Ile-de-France, 75013, FR",2015-12-06 19:38:27 +0000 UTC,48.837129367,2.321215868,"20 rue de l’Ouest, Paris, 75014, FR",1.818495881,6.21,EUR
3,UberX,COMPLETED,2015-12-05 21:46:31 +0000 UTC,2015-12-05 21:51:25 +0000 UTC,48.861216358,2.310214117,"18 Boulevard de la Tour-Maubourg, Île-de-France, 75007, FR",2015-12-05 22:07:09 +0000 UTC,48.823317289,2.342830366,"71 Rue Brillat-Savarin, Ile-de-France, 75013, FR",4.197582093,11.69,EUR
3,UberX,COMPLETED,2015-11-29 19:06:51 +0000 UTC,2015-11-29 19:09:07 +0000 UTC,48.8959127432191,2.37966991961224,"113 Rue Curial, Île-de-France, 75019, FR",2015-11-29 19:28:13 +0000 UTC,48.8203166518815,2.3439467512093,"85 Rue de l'Amiral Mouchez, Île-de-France, 75013, FR",9.65202832,21.31,EUR
3,UberX,COMPLETED,2015-11-28 21:09:30 +0000 UTC,2015-11-28 21:15:50 +0000 UTC,48.8959351,2.3795013,"Rue Curial & Rue des Écluses, 19ème Arrondissement, Île-de-France, 75019",2015-11-28 21:35:45 +0000 UTC,48.823054,2.3417334,"43Z Rue de l'Amiral Mouchez, Ile-de-France, 75013, FR",10.7176826271,23.23,EUR
3,uberPOOL,COMPLETED,2015-11-28 07:04:48 +0000 UTC,2015-11-28 07:10:27 +0000 UTC,48.8229351584323,2.34156310558537,"50 Rue de l'Amiral Mouchez, Ile-de-France, 75014, FR",2015-11-28 07:38:13 +0000 UTC,48.895931015768,2.3795596137665,"113 Rue Curial, Ile-de-France, 75019, FR",10.2763586338,18.36,EUR
3,uberPOOL: MATCHED,COMPLETED,2015-11-27 21:27:06 +0000 UTC,2015-11-27 21:48:15 +0000 UTC,48.8948838,2.3825328,"2 av Corentin Cariou, Paris, 75019, FR",2015-11-27 22:12:24 +0000 UTC,48.8228818,2.3416787,"45 Rue de l'Amiral Mouchez, Île-de-France, 75013, FR",10.0986815822,12.72,EUR
3,UberX,COMPLETED,2015-11-20 23:16:00 +0000 UTC,2015-11-20 23:23:53 +0000 UTC,48.8230055,2.3417338,"43Z Rue de l'Amiral Mouchez, Ile-de-France, 75013, FR",2015-11-20 23:47:59 +0000 UTC,48.8892444,2.318049,"23 Rue Brochant, Ile-de-France, 75017, FR",6.2018384534,17,EUR
3,uberPOOL,COMPLETED,2015-11-19 00:31:43 +0000 UTC,2015-11-19 00:33:27 +0000 UTC,48.8504009,2.2930957,"70 Boulevard de Grenelle, Île-de-France, 75015, FR",2015-11-19 00:47:07 +0000 UTC,48.8232556,2.3426909,"71 Rue Brillat-Savarin, Ile-de-France, 75013, FR",3.3436024158,9.8,EUR
3,uberPOOL,CANCELED,2015-11-13 09:34:57 +0000 UTC,1970-01-01 00:00:00 +0000 UTC,,,,1970-01-01 00:00:00 +0000 UTC,,,,0,0,EUR
3,UberX,COMPLETED,2015-11-07 07:10:49 +0000 UTC,2015-11-07 07:17:15 +0000 UTC,48.8228739070331,2.34164487629953,"52 Rue de l'Amiral Mouchez, Ile-de-France, 75014, FR",2015-11-07 07:39:43 +0000 UTC,48.8758277322583,2.32372852262792,"17 Rue de Rome, Île-de-France, 75008, FR",5.0828027497,14.8,EUR
3,UberX,COMPLETED,2015-11-07 00:11:33 +0000 UTC,2015-11-07 00:15:41 +0000 UTC,48.8451247776592,2.28935465137975,"68 rue des Entrepreneurs, Paris, 75008, FR",2015-11-07 00:26:06 +0000 UTC,48.833121127254,2.27771302285581,"Restaurant McDonald's, Paris, 75015, FR",2.0446886582,8.96,EUR
3,UberX,COMPLETED,2015-10-26 11:50:24 +0000 UTC,2015-10-26 11:54:50 +0000 UTC,48.8339342,2.2609935,"Avenue Le Jour se Lève & Quai du Point du Jour, Boulogne-Billancourt, Île-de-France, 92100",2015-10-26 12:16:10 +0000 UTC,48.7634,2.3085102,"10 pl du Général de Gaulle, Antony, 20156, FR",10.7262079532,23.59,EUR
3,UberX,COMPLETED,2015-10-26 10:27:33 +0000 UTC,2015-10-26 10:35:46 +0000 UTC,48.763359272898,2.3086943943075,"10 Avenue Aristide Briand, Île-de-France, 92160, FR",2015-10-26 11:02:18 +0000 UTC,48.8341070618935,2.260783603417,"4 Quai du Point du Jour, Île-de-France, 75016, FR",8.0798558218,20.63,EUR
3,UberX,COMPLETED,2015-10-24 21:18:34 +0000 UTC,2015-10-24 21:29:52 +0000 UTC,48.8492352655612,2.37480615265889,"42 Rue Traversière, Ile-de-France, 75012, FR",2015-10-24 21:30:30 +0000 UTC,48.8492176635646,2.37479634583218,"42 Rue Traversière, Île-de-France, 75012, FR",0.0012967911,5,EUR
3,UberX,COMPLETED,2015-10-20 22:00:28 +0000 UTC,2015-10-20 22:02:55 +0000 UTC,48.863815,2.2929449,"10 avenue d'Iéna, Paris, 75116, FR",2015-10-20 22:23:49 +0000 UTC,48.8229083,2.3414433,"50 Rue de l'Amiral Mouchez, Ile-de-France, 75014, FR",4.4418838242,16.04,EUR
3,UberX,CANCELED,2015-10-20 21:50:38 +0000 UTC,2015-10-20 21:53:54 +0000 UTC,48.863105,2.2956149,"28 Avenue de New York, Île-de-France, 75116, FR",1970-01-01 00:00:00 +0000 UTC,48.8632283,2.2936633,"12 Rue Fresnel, Ile-de-France, 75116, FR",0,0,EUR
3,UberX,COMPLETED,2015-10-14 12:00:45 +0000 UTC,2015-10-14 12:11:41 +0000 UTC,48.7626753,2.3087795,"146 Avenue Aristide Briand, Ile-de-France, 92160, FR",2015-10-14 12:40:10 +0000 UTC,48.8322735,2.2934394,"98 Rue Olivier de Serres, Ile-de-France, 75015, FR",10.5309040354,25.07,EUR
3,UberX,COMPLETED,2015-10-13 20:48:25 +0000 UTC,2015-10-13 20:50:53 +0000 UTC,48.8712385576674,2.3027723282597,"77 av des Champs Elysees, Paris, 75008, FR",2015-10-13 21:08:38 +0000 UTC,48.8228375092604,2.3416895046852,"47 Rue de l'Amiral Mouchez, Ile-de-France, 75013, FR",4.7245933395,19.56,EUR
3,UberX,COMPLETED,2015-09-04 09:39:03 +0000 UTC,2015-09-04 09:45:11 +0000 UTC,48.7634933833487,2.30871057138062,"Avenue Aristide Briand & Avenue du Général de Gaulle, Antony, Île-de-France, 92160",2015-09-04 10:25:42 +0000 UTC,48.9182526944661,2.35286568291704,"10 Avenue François Mitterrand, Île-de-France, 93210, FR",24.3804141775,67,EUR
3,UberX,CANCELED,2015-08-01 16:37:20 +0000 UTC,1970-01-01 00:00:00 +0000 UTC,,,,1970-01-01 00:00:00 +0000 UTC,,,,0,0,EUR
