{"relationships_followers": [{"title": "", "media_list_data": [], "string_list_data": [{"href": "https://www.instagram.com/david.holmes", "value": "david.holmes", "timestamp": 1351500658}]}, {"title": "", "media_list_data": [], "string_list_data": [{"href": "https://www.instagram.com/angela.harrington", "value": "angela.harrington", "timestamp": 1659117636}]}, {"title": "", "media_list_data": [], "string_list_data": [{"href": "https://www.instagram.com/ernest.mckenzie", "value": "ernest.mckenzie", "timestamp": 1377386180}]}, {"title": "", "media_list_data": [], "string_list_data": [{"href": "https://www.instagram.com/michael.cox", "value": "michael.cox", "timestamp": 1259237443}]}, {"title": "", "media_list_data": [], "string_list_data": [{"href": "https://www.instagram.com/jessica.nguyen", "value": "jessica.nguyen", "timestamp": 1340328257}]}, {"title": "", "media_list_data": [], "string_list_data": [{"href": "https://www.instagram.com/robert.kelly", "value": "robert.kelly", "timestamp": 1512403777}]}, {"title": "", "media_list_data": [], "string_list_data": [{"href": "https://www.instagram.com/james.bennett", "value": "james.bennett", "timestamp": 1346005702}]}, {"title": "", "media_list_data": [], "string_list_data": [{"href": "https://www.instagram.com/james.allen", "value": "james.allen", "timestamp": 1259872081}]}, {"title": "", "media_list_data": [], "string_list_data": [{"href": "https://www.instagram.com/kevin.roberts", "value": "kevin.roberts", "timestamp": 1537564278}]}, {"title": "", "media_list_data": [], "string_list_data": [{"href": "https://www.instagram.com/karen.thomas", "value": "karen.thomas", "timestamp": 1649428198}]}, {"title": "", "media_list_data": [], "string_list_data": [{"href": "https://www.instagram.com/joshua.olsen", "value": "joshua.olsen", "timestamp": 1306566649}]}, {"title": "", "media_list_data": [], "string_list_data": [{"href": "https://www.instagram.com/brent.manning", "value": "brent.manning", "timestamp": 1645742003}]}, {"title": "", "media_list_data": [], "string_list_data": [{"href": "https://www.instagram.com/jeffrey.hansen", "value": "jeffrey.hansen", "timestamp": 1358265420}]}, {"title": "", "media_list_data": [], "string_list_data": [{"href": "https://www.instagram.com/kristy.randall", "value": "kristy.randall", "timestamp": 1328649927}]}, {"title": "", "media_list_data": [], "string_list_data": [{"href": "https://www.instagram.com/shannon.hill", "value": "shannon.hill", "timestamp": 1383375688}]}, {"title": "", "media_list_data": [], "string_list_data": [{"href": "https://www.instagram.com/dawn.carter", "value": "dawn.carter", "timestamp": 1343061165}]}, {"title": "", "media_list_data": [], "string_list_data": [{"href": "https://www.instagram.com/wanda.carlson", "value": "wanda.carlson", "timestamp": 1269069245}]}, {"title": "", "media_list_data": [], "string_list_data": [{"href": "https://www.instagram.com/donald.perry", "value": "donald.perry", "timestamp": 1419605703}]}, {"title": "", "media_list_data": [], "string_list_data": [{"href": "https://www.instagram.com/jennifer.sullivan", "value": "jennifer.sullivan", "timestamp": 1261240566}]}, {"title": "", "media_list_data": [], "string_list_data": [{"href": "https://www.instagram.com/neil.guerrero", "value": "neil.guerrero", "timestamp": 1487986514}]}, {"title": "", "media_list_data": [], "string_list_data": [{"href": "https://www.instagram.com/vanessa.ramirez", "value": "vanessa.ramirez", "timestamp": 1640592121}]}, {"title": "", "media_list_data": [], "string_list_data": [{"href": "https://www.instagram.com/william.harding", "value": "william.harding", "timestamp": 1489679562}]}, {"title": "", "media_list_data": [], "string_list_data": [{"href": "https://www.instagram.com/juan.landry", "value": "juan.landry", "timestamp": 1207801347}]}, {"title": "", "media_list_data": [], "string_list_data": [{"href": "https://www.instagram.com/andrea.west", "value": "andrea.west", "timestamp": 1336886661}]}, {"title": "", "media_list_data": [], "string_list_data": [{"href": "https://www.instagram.com/jennifer.garcia", "value": "jennifer.garcia", "timestamp": 1660860527}]}, {"title": "", "media_list_data": [], "string_list_data": [{"href": "https://www.instagram.com/jonathan.hines", "value": "jonathan.hines", "timestamp": 1571222417}]}, {"title": "", "media_list_data": [], "string_list_data": [{"href": "https://www.instagram.com/james.copeland", "value": "james.copeland", "timestamp": 1369510518}]}, {"title": "", "media_list_data": [], "string_list_data": [{"href": "https://www.instagram.com/tiffany.smith", "value": "tiffany.smith", "timestamp": 1389846622}]}, {"title": "", "media_list_data": [], "string_list_data": [{"href": "https://www.instagram.com/madeline.webb", "value": "madeline.webb", "timestamp": 1441746065}]}, {"title": "", "media_list_data": [], "string_list_data": [{"href": "https://www.instagram.com/jerry.carter", "value": "jerry.carter", "timestamp": 1661807493}]}, {"title": "", "media_list_data": [], "string_list_data": [{"href": "https://www.instagram.com/michelle.waters", "value": "michelle.waters", "timestamp": 1199198647}]}, {"title": "", "media_list_data": [], "string_list_data": [{"href": "https://www.instagram.com/frederick.bass", "value": "frederick.bass", "timestamp": 1419737583}]}, {"title": "", "media_list_data": [], "string_list_data": [{"href": "https://www.instagram.com/mark.oconnor", "value": "mark.oconnor", "timestamp": 1255586864}]}, {"title": "", "media_list_data": [], "string_list_data": [{"href": "https://www.instagram.com/larry.ramirez", "value": "larry.ramirez", "timestamp": 1279850852}]}, {"title": "", "media_list_data": [], "string_list_data": [{"href": "https://www.instagram.com/jordan.wise", "value": "jordan.wise", "timestamp": 1572642340}]}, {"title": "", "media_list_data": [], "string_list_data": [{"href": "https://www.instagram.com/john.christensen", "value": "john.christensen", "timestamp": 1430405234}]}, {"title": "", "media_list_data": [], "string_list_data": [{"href": "https://www.instagram.com/destiny.moore", "value": "destiny.moore", "timestamp": 1291326306}]}, {"title": "", "media_list_data": [], "string_list_data": [{"href": "https://www.instagram.com/danny.hernandez", "value": "danny.hernandez", "timestamp": 1539542796}]}, {"title": "", "media_list_data": [], "string_list_data": [{"href": "https://www.instagram.com/joshua.daugherty", "value": "joshua.daugherty", "timestamp": 1413609346}]}, {"title": "", "media_list_data": [], "string_list_data": [{"href": "https://www.instagram.com/charlotte.carr", "value": "charlotte.carr", "timestamp": 1212151781}]}, {"title": "", "media_list_data": [], "string_list_data": [{"href": "https://www.instagram.com/victoria.sanders", "value": "victoria.sanders", "timestamp": 1277381085}]}, {"title": "", "media_list_data": [], "string_list_data": [{"href": "https://www.instagram.com/natasha.moore", "value": "natasha.moore", "timestamp": 1444237276}]}, {"title": "", "media_list_data": [], "string_list_data": [{"href": "https://www.instagram.com/terry.hicks", "value": "terry.hicks", "timestamp": 1397513655}]}, {"title": "", "media_list_data": [], "string_list_data": [{"href": "https://www.instagram.com/justin.powell", "value": "justin.powell", "timestamp": 1378239808}]}, {"title": "", "media_list_data": [], "string_list_data": [{"href": "https://www.instagram.com/aaron.shepard", "value": "aaron.shepard", "timestamp": 1581419249}]}, {"title": "", "media_list_data": [], "string_list_data": [{"href": "https://www.instagram.com/monica.lopez", "value": "monica.lopez", "timestamp": 1479953227}]}, {"title": "", "media_list_data": [], "string_list_data": [{"href": "https://www.instagram.com/michael.berry", "value": "michael.berry", "timestamp": 1221308968}]}, {"title": "", "media_list_data": [], "string_list_data": [{"href": "https://www.instagram.com/norma.lawson", "value": "norma.lawson", "timestamp": 1551208249}]}, {"title": "", "media_list_data": [], "string_list_data": [{"href": "https://www.instagram.com/katrina.grant", "value": "katrina.grant", "timestamp": 1342014350}]}, {"title": "", "media_list_data": [], "string_list_data": [{"href": "https://www.instagram.com/joseph.turner", "value": "joseph.turner", "timestamp": 1466274542}]}, {"title": "", "media_list_data": [], "string_list_data": [{"href": "https://www.instagram.com/thomas.goodwin", "value": "thomas.goodwin", "timestamp": 1351810648}]}, {"title": "", "media_list_data": [], "string_list_data": [{"href": "https://www.instagram.com/holly.green", "value": "holly.green", "timestamp": 1315474204}]}, {"title": "", "media_list_data": [], "string_list_data": [{"href": "https://www.instagram.com/kendra.morgan", "value": "kendra.morgan", "timestamp": 1438144900}]}, {"title": "", "media_list_data": [], "string_list_data": [{"href": "https://www.instagram.com/william.warner", "value": "william.warner", "timestamp": 1643116699}]}, {"title": "", "media_list_data": [], "string_list_data": [{"href": "https://www.instagram.com/courtney.moore", "value": "courtney.moore", "timestamp": 1216240262}]}, {"title": "", "media_list_data": [], "string_list_data": [{"href": "https://www.instagram.com/carolyn.smith", "value": "carolyn.smith", "timestamp": 1481881222}]}, {"title": "", "media_list_data": [], "string_list_data": [{"href": "https://www.instagram.com/jennifer.stone", "value": "jennifer.stone", "timestamp": 1656118881}]}, {"title": "", "media_list_data": [], "string_list_data": [{"href": "https://www.instagram.com/nancy.garcia", "value": "nancy.garcia", "timestamp": 1423249376}]}, {"title": "", "media_list_data": [], "string_list_data": [{"href": "https://www.instagram.com/eric.morales", "value": "eric.morales", "timestamp": 1633884288}]}, {"title": "", "media_list_data": [], "string_list_data": [{"href": "https://www.instagram.com/shawn.jackson", "value": "shawn.jackson", "timestamp": 1415631864}]}, {"title": "", "media_list_data": [], "string_list_data": [{"href": "https://www.instagram.com/melinda.weiss", "value": "melinda.weiss", "timestamp": 1376688325}]}, {"title": "", "media_list_data": [], "string_list_data": [{"href": "https://www.instagram.com/mason.ryan", "value": "mason.ryan", "timestamp": 1437040318}]}, {"title": "", "media_list_data": [], "string_list_data": [{"href": "https://www.instagram.com/jack.combs", "value": "jack.combs", "timestamp": 1520299332}]}, {"title": "", "media_list_data": [], "string_list_data": [{"href": "https://www.instagram.com/mitchell.perez", "value": "mitchell.perez", "timestamp": 1581177796}]}, {"title": "", "media_list_data": [], "string_list_data": [{"href": "https://www.instagram.com/tanya.bolton", "value": "tanya.bolton", "timestamp": 1433168119}]}, {"title": "", "media_list_data": [], "string_list_data": [{"href": "https://www.instagram.com/tanner.kim", "value": "tanner.kim", "timestamp": 1522748019}]}, {"title": "", "media_list_data": [], "string_list_data": [{"href": "https://www.instagram.com/kelly.logan", "value": "kelly.logan", "timestamp": 1318408145}]}, {"title": "", "media_list_data": [], "string_list_data": [{"href": "https://www.instagram.com/sandra.cordova", "value": "sandra.cordova", "timestamp": 1521385806}]}, {"title": "", "media_list_data": [], "string_list_data": [{"href": "https://www.instagram.com/lauren.lawrence", "value": "lauren.lawrence", "timestamp": 1445427495}]}, {"title": "", "media_list_data": [], "string_list_data": [{"href": "https://www.instagram.com/zachary.schaefer", "value": "zachary.schaefer", "timestamp": 1581211887}]}, {"title": "", "media_list_data": [], "string_list_data": [{"href": "https://www.instagram.com/anthony.burke", "value": "anthony.burke", "timestamp": 1439980979}]}, {"title": "", "media_list_data": [], "string_list_data": [{"href": "https://www.instagram.com/matthew.blake", "value": "matthew.blake", "timestamp": 1490853415}]}, {"title": "", "media_list_data": [], "string_list_data": [{"href": "https://www.instagram.com/michael.arellano", "value": "michael.arellano", "timestamp": 1651278450}]}, {"title": "", "media_list_data": [], "string_list_data": [{"href": "https://www.instagram.com/tony.love", "value": "tony.love", "timestamp": 1645858181}]}, {"title": "", "media_list_data": [], "string_list_data": [{"href": "https://www.instagram.com/jeffrey.richardson", "value": "jeffrey.richardson", "timestamp": 1402354683}]}, {"title": "", "media_list_data": [], "string_list_data": [{"href": "https://www.instagram.com/melinda.jones", "value": "melinda.jones", "timestamp": 1650588297}]}, {"title": "", "media_list_data": [], "string_list_data": [{"href": "https://www.instagram.com/daniel.delgado", "value": "daniel.delgado", "timestamp": 1488137100}]}, {"title": "", "media_list_data": [], "string_list_data": [{"href": "https://www.instagram.com/norman.owens", "value": "norman.owens", "timestamp": 1407949917}]}, {"title": "", "media_list_data": [], "string_list_data": [{"href": "https://www.instagram.com/ronald.noble", "value": "ronald.noble", "timestamp": 1578118783}]}, {"title": "", "media_list_data": [], "string_list_data": [{"href": "https://www.instagram.com/edward.decker", "value": "edward.decker", "timestamp": 1655355653}]}, {"title": "", "media_list_data": [], "string_list_data": [{"href": "https://www.instagram.com/sandra.scott", "value": "sandra.scott", "timestamp": 1504146872}]}, {"title": "", "media_list_data": [], "string_list_data": [{"href": "https://www.instagram.com/alyssa.garcia", "value": "alyssa.garcia", "timestamp": 1395588079}]}, {"title": "", "media_list_data": [], "string_list_data": [{"href": "https://www.instagram.com/nancy.mitchell", "value": "nancy.mitchell", "timestamp": 1369200808}]}, {"title": "", "media_list_data": [], "string_list_data": [{"href": "https://www.instagram.com/curtis.ward", "value": "curtis.ward", "timestamp": 1218531029}]}, {"title": "", "media_list_data": [], "string_list_data": [{"href": "https://www.instagram.com/jose.johnson", "value": "jose.johnson", "timestamp": 1412276899}]}, {"title": "", "media_list_data": [], "string_list_data": [{"href": "https://www.instagram.com/william.simmons", "value": "william.simmons", "timestamp": 1298371760}]}, {"title": "", "media_list_data": [], "string_list_data": [{"href": "https://www.instagram.com/donna.arnold", "value": "donna.arnold", "timestamp": 1202967558}]}, {"title": "", "media_list_data": [], "string_list_data": [{"href": "https://www.instagram.com/alyssa.mooney", "value": "alyssa.mooney", "timestamp": 1576926715}]}, {"title": "", "media_list_data": [], "string_list_data": [{"href": "https://www.instagram.com/george.wang", "value": "george.wang", "timestamp": 1434116980}]}, {"title": "", "media_list_data": [], "string_list_data": [{"href": "https://www.instagram.com/mark.whitehead", "value": "mark.whitehead", "timestamp": 1370796162}]}, {"title": "", "media_list_data": [], "string_list_data": [{"href": "https://www.instagram.com/jordan.jacobs", "value": "jordan.jacobs", "timestamp": 1232286402}]}, {"title": "", "media_list_data": [], "string_list_data": [{"href": "https://www.instagram.com/austin.ward", "value": "austin.ward", "timestamp": 1462857322}]}, {"title": "", "media_list_data": [], "string_list_data": [{"href": "https://www.instagram.com/ashley.bryant", "value": "ashley.bryant", "timestamp": 1209911475}]}, {"title": "", "media_list_data": [], "string_list_data": [{"href": "https://www.instagram.com/crystal.blevins", "value": "crystal.blevins", "timestamp": 1394630478}]}, {"title": "", "media_list_data": [], "string_list_data": [{"href": "https://www.instagram.com/hannah.hunter", "value": "hannah.hunter", "timestamp": 1365023732}]}, {"title": "", "media_list_data": [], "string_list_data": [{"href": "https://www.instagram.com/jessica.mathis", "value": "jessica.mathis", "timestamp": 1309824265}]}]}