{
  "ig_custom_audiences_all_types": [
    {
      "advertiser_name": "Airbnb",
      "has_data_file_custom_audience": true,
      "has_remarketing_custom_audience": true,
      "has_in_person_store_visit": false
    },
    {
      "advertiser_name": "Havas Media France ADM",
      "has_data_file_custom_audience": true,
      "has_remarketing_custom_audience": true,
      "has_in_person_store_visit": false
    },
    {
      "advertiser_name": "Habu",
      "has_data_file_custom_audience": true,
      "has_remarketing_custom_audience": false,
      "has_in_person_store_visit": false
    },
    {
      "advertiser_name": "Tokens",
      "has_data_file_custom_audience": true,
      "has_remarketing_custom_audience": false,
      "has_in_person_store_visit": false
    },
    {
      "advertiser_name": "PlayStation",
      "has_data_file_custom_audience": true,
      "has_remarketing_custom_audience": false,
      "has_in_person_store_visit": false
    },
    {
      "advertiser_name": "QuizUp",
      "has_data_file_custom_audience": true,
      "has_remarketing_custom_audience": false,
      "has_in_person_store_visit": false
    },
    {
      "advertiser_name": "Tribe",
      "has_data_file_custom_audience": true,
      "has_remarketing_custom_audience": false,
      "has_in_person_store_visit": false
    },
    {
      "advertiser_name": "Instagram",
      "has_data_file_custom_audience": true,
      "has_remarketing_custom_audience": false,
      "has_in_person_store_visit": false
    },
    {
      "advertiser_name": "Cityscoot",
      "has_data_file_custom_audience": true,
      "has_remarketing_custom_audience": false,
      "has_in_person_store_visit": false
    },
    {
      "advertiser_name": "Starcom US",
      "has_data_file_custom_audience": true,
      "has_remarketing_custom_audience": false,
      "has_in_person_store_visit": false
    },
    {
      "advertiser_name": "Ubisoft",
      "has_data_file_custom_audience": true,
      "has_remarketing_custom_audience": false,
      "has_in_person_store_visit": false
    },
    {
      "advertiser_name": "Bm 5 100tkqc nlm 2",
      "has_data_file_custom_audience": true,
      "has_remarketing_custom_audience": false,
      "has_in_person_store_visit": false
    },
    {
      "advertiser_name": "Fantaleague",
      "has_data_file_custom_audience": true,
      "has_remarketing_custom_audience": false,
      "has_in_person_store_visit": false
    },
    {
      "advertiser_name": "EA - Electronic Arts",
      "has_data_file_custom_audience": true,
      "has_remarketing_custom_audience": false,
      "has_in_person_store_visit": false
    },
    {
      "advertiser_name": "dtac",
      "has_data_file_custom_audience": true,
      "has_remarketing_custom_audience": false,
      "has_in_person_store_visit": false
    },
    {
      "advertiser_name": "Freepik",
      "has_data_file_custom_audience": true,
      "has_remarketing_custom_audience": false,
      "has_in_person_store_visit": false
    },
    {
      "advertiser_name": "Zynga Inc.",
      "has_data_file_custom_audience": true,
      "has_remarketing_custom_audience": false,
      "has_in_person_store_visit": false
    },
    {
      "advertiser_name": "AD4SCREEN",
      "has_data_file_custom_audience": true,
      "has_remarketing_custom_audience": false,
      "has_in_person_store_visit": false
    },
    {
      "advertiser_name": "agoda",
      "has_data_file_custom_audience": true,
      "has_remarketing_custom_audience": false,
      "has_in_person_store_visit": false
    },
    {
      "advertiser_name": "Y4",
      "has_data_file_custom_audience": true,
      "has_remarketing_custom_audience": false,
      "has_in_person_store_visit": false
    },
    {
      "advertiser_name": "Hildegard Schiller",
      "has_data_file_custom_audience": true,
      "has_remarketing_custom_audience": false,
      "has_in_person_store_visit": false
    },
    {
      "advertiser_name": "Francois est le meilleur",
      "has_data_file_custom_audience": true,
      "has_remarketing_custom_audience": false,
      "has_in_person_store_visit": false
    },
    {
      "advertiser_name": "CryptoEnter 2020",
      "has_data_file_custom_audience": true,
      "has_remarketing_custom_audience": false,
      "has_in_person_store_visit": false
    },
    {
      "advertiser_name": "PSG - Paris Saint-Germain",
      "has_data_file_custom_audience": true,
      "has_remarketing_custom_audience": false,
      "has_in_person_store_visit": false
    },
    {
      "advertiser_name": "12Go: Book Trains, Buses, Ferries, Transfers & Flights",
      "has_data_file_custom_audience": true,
      "has_remarketing_custom_audience": false,
      "has_in_person_store_visit": false
    },
    {
      "advertiser_name": "WordPress.com Store",
      "has_data_file_custom_audience": true,
      "has_remarketing_custom_audience": false,
      "has_in_person_store_visit": false
    },
    {
      "advertiser_name": "EGG Digital",
      "has_data_file_custom_audience": true,
      "has_remarketing_custom_audience": false,
      "has_in_person_store_visit": false
    },
    {
      "advertiser_name": "U 9",
      "has_data_file_custom_audience": true,
      "has_remarketing_custom_audience": false,
      "has_in_person_store_visit": false
    },
    {
      "advertiser_name": "Carat France",
      "has_data_file_custom_audience": true,
      "has_remarketing_custom_audience": false,
      "has_in_person_store_visit": false
    },
    {
      "advertiser_name": "Reprise Mena",
      "has_data_file_custom_audience": true,
      "has_remarketing_custom_audience": false,
      "has_in_person_store_visit": false
    },
    {
      "advertiser_name": "Triplebyte",
      "has_data_file_custom_audience": true,
      "has_remarketing_custom_audience": false,
      "has_in_person_store_visit": false
    },
    {
      "advertiser_name": "Microsoft Customer Insights Center",
      "has_data_file_custom_audience": true,
      "has_remarketing_custom_audience": false,
      "has_in_person_store_visit": false
    },
    {
      "advertiser_name": "Voyage Priv\u00c3\u00a9",
      "has_data_file_custom_audience": true,
      "has_remarketing_custom_audience": false,
      "has_in_person_store_visit": false
    },
    {
      "advertiser_name": "PayPal",
      "has_data_file_custom_audience": true,
      "has_remarketing_custom_audience": false,
      "has_in_person_store_visit": false
    },
    {
      "advertiser_name": "WARGAMING.NET",
      "has_data_file_custom_audience": true,
      "has_remarketing_custom_audience": false,
      "has_in_person_store_visit": false
    },
    {
      "advertiser_name": "APAC2 - Spotify AUNZ",
      "has_data_file_custom_audience": true,
      "has_remarketing_custom_audience": false,
      "has_in_person_store_visit": false
    },
    {
      "advertiser_name": "Jules",
      "has_data_file_custom_audience": true,
      "has_remarketing_custom_audience": false,
      "has_in_person_store_visit": false
    },
    {
      "advertiser_name": "ZenithOptimedia France",
      "has_data_file_custom_audience": true,
      "has_remarketing_custom_audience": false,
      "has_in_person_store_visit": false
    },
    {
      "advertiser_name": "FDJ",
      "has_data_file_custom_audience": true,
      "has_remarketing_custom_audience": false,
      "has_in_person_store_visit": false
    },
    {
      "advertiser_name": "Blablacar Daily",
      "has_data_file_custom_audience": true,
      "has_remarketing_custom_audience": false,
      "has_in_person_store_visit": false
    },
    {
      "advertiser_name": "BDCenter Night Mode",
      "has_data_file_custom_audience": true,
      "has_remarketing_custom_audience": false,
      "has_in_person_store_visit": false
    },
    {
      "advertiser_name": "gumi Asia",
      "has_data_file_custom_audience": true,
      "has_remarketing_custom_audience": false,
      "has_in_person_store_visit": false
    },
    {
      "advertiser_name": "Mobility",
      "has_data_file_custom_audience": true,
      "has_remarketing_custom_audience": false,
      "has_in_person_store_visit": false
    },
    {
      "advertiser_name": "Quora",
      "has_data_file_custom_audience": true,
      "has_remarketing_custom_audience": false,
      "has_in_person_store_visit": false
    },
    {
      "advertiser_name": "Lob",
      "has_data_file_custom_audience": true,
      "has_remarketing_custom_audience": false,
      "has_in_person_store_visit": false
    },
    {
      "advertiser_name": "Adobe",
      "has_data_file_custom_audience": true,
      "has_remarketing_custom_audience": false,
      "has_in_person_store_visit": false
    },
    {
      "advertiser_name": "IProspect France",
      "has_data_file_custom_audience": true,
      "has_remarketing_custom_audience": false,
      "has_in_person_store_visit": false
    },
    {
      "advertiser_name": "Wargaming Europe SAS",
      "has_data_file_custom_audience": true,
      "has_remarketing_custom_audience": false,
      "has_in_person_store_visit": false
    },
    {
      "advertiser_name": "Brendan",
      "has_data_file_custom_audience": true,
      "has_remarketing_custom_audience": false,
      "has_in_person_store_visit": false
    },
    {
      "advertiser_name": "Wish",
      "has_data_file_custom_audience": true,
      "has_remarketing_custom_audience": false,
      "has_in_person_store_visit": false
    },
    {
      "advertiser_name": "bonus.ch",
      "has_data_file_custom_audience": true,
      "has_remarketing_custom_audience": false,
      "has_in_person_store_visit": false
    },
    {
      "advertiser_name": "Lavie 1",
      "has_data_file_custom_audience": true,
      "has_remarketing_custom_audience": false,
      "has_in_person_store_visit": false
    },
    {
      "advertiser_name": "PayCircle",
      "has_data_file_custom_audience": true,
      "has_remarketing_custom_audience": false,
      "has_in_person_store_visit": false
    },
    {
      "advertiser_name": "Wargaming Global",
      "has_data_file_custom_audience": true,
      "has_remarketing_custom_audience": false,
      "has_in_person_store_visit": false
    },
    {
      "advertiser_name": "Di\u00e1\u00bb\u0087u L\u00c3\u00bd 01",
      "has_data_file_custom_audience": true,
      "has_remarketing_custom_audience": false,
      "has_in_person_store_visit": false
    },
    {
      "advertiser_name": "TWT",
      "has_data_file_custom_audience": true,
      "has_remarketing_custom_audience": false,
      "has_in_person_store_visit": false
    },
    {
      "advertiser_name": "SparkRaise",
      "has_data_file_custom_audience": true,
      "has_remarketing_custom_audience": false,
      "has_in_person_store_visit": false
    },
    {
      "advertiser_name": "Pizza Hut",
      "has_data_file_custom_audience": true,
      "has_remarketing_custom_audience": false,
      "has_in_person_store_visit": false
    },
    {
      "advertiser_name": "Family Store X2",
      "has_data_file_custom_audience": true,
      "has_remarketing_custom_audience": false,
      "has_in_person_store_visit": false
    },
    {
      "advertiser_name": "Huy195",
      "has_data_file_custom_audience": true,
      "has_remarketing_custom_audience": false,
      "has_in_person_store_visit": false
    },
    {
      "advertiser_name": "Wishpond",
      "has_data_file_custom_audience": true,
      "has_remarketing_custom_audience": false,
      "has_in_person_store_visit": false
    },
    {
      "advertiser_name": "HomeExchange",
      "has_data_file_custom_audience": true,
      "has_remarketing_custom_audience": false,
      "has_in_person_store_visit": false
    },
    {
      "advertiser_name": "M6",
      "has_data_file_custom_audience": true,
      "has_remarketing_custom_audience": false,
      "has_in_person_store_visit": false
    },
    {
      "advertiser_name": "F 6",
      "has_data_file_custom_audience": true,
      "has_remarketing_custom_audience": false,
      "has_in_person_store_visit": false
    },
    {
      "advertiser_name": "Uniagency",
      "has_data_file_custom_audience": true,
      "has_remarketing_custom_audience": false,
      "has_in_person_store_visit": false
    },
    {
      "advertiser_name": "Startshop",
      "has_data_file_custom_audience": true,
      "has_remarketing_custom_audience": false,
      "has_in_person_store_visit": false
    },
    {
      "advertiser_name": "Revolut",
      "has_data_file_custom_audience": true,
      "has_remarketing_custom_audience": false,
      "has_in_person_store_visit": false
    },
    {
      "advertiser_name": "Take-Two Interactive",
      "has_data_file_custom_audience": true,
      "has_remarketing_custom_audience": false,
      "has_in_person_store_visit": false
    },
    {
      "advertiser_name": "comTalks.com",
      "has_data_file_custom_audience": true,
      "has_remarketing_custom_audience": false,
      "has_in_person_store_visit": false
    },
    {
      "advertiser_name": "Comercializadora Publicitaria Avanzada",
      "has_data_file_custom_audience": true,
      "has_remarketing_custom_audience": false,
      "has_in_person_store_visit": false
    },
    {
      "advertiser_name": "EF English Live - Global",
      "has_data_file_custom_audience": true,
      "has_remarketing_custom_audience": false,
      "has_in_person_store_visit": false
    },
    {
      "advertiser_name": "OpenClassrooms",
      "has_data_file_custom_audience": true,
      "has_remarketing_custom_audience": false,
      "has_in_person_store_visit": false
    },
    {
      "advertiser_name": "Twigeo",
      "has_data_file_custom_audience": true,
      "has_remarketing_custom_audience": false,
      "has_in_person_store_visit": false
    },
    {
      "advertiser_name": "Two Dots",
      "has_data_file_custom_audience": true,
      "has_remarketing_custom_audience": false,
      "has_in_person_store_visit": false
    },
    {
      "advertiser_name": "Crossover",
      "has_data_file_custom_audience": true,
      "has_remarketing_custom_audience": false,
      "has_in_person_store_visit": false
    },
    {
      "advertiser_name": "Remote Tips",
      "has_data_file_custom_audience": true,
      "has_remarketing_custom_audience": false,
      "has_in_person_store_visit": false
    },
    {
      "advertiser_name": "TV Time",
      "has_data_file_custom_audience": true,
      "has_remarketing_custom_audience": false,
      "has_in_person_store_visit": false
    },
    {
      "advertiser_name": "Nintendo",
      "has_data_file_custom_audience": true,
      "has_remarketing_custom_audience": false,
      "has_in_person_store_visit": false
    },
    {
      "advertiser_name": "414 Thing Best",
      "has_data_file_custom_audience": true,
      "has_remarketing_custom_audience": false,
      "has_in_person_store_visit": false
    },
    {
      "advertiser_name": "MongoDB",
      "has_data_file_custom_audience": true,
      "has_remarketing_custom_audience": false,
      "has_in_person_store_visit": false
    },
    {
      "advertiser_name": "Coinbase",
      "has_data_file_custom_audience": true,
      "has_remarketing_custom_audience": false,
      "has_in_person_store_visit": false
    },
    {
      "advertiser_name": "eToro",
      "has_data_file_custom_audience": true,
      "has_remarketing_custom_audience": false,
      "has_in_person_store_visit": false
    },
    {
      "advertiser_name": "Fnac",
      "has_data_file_custom_audience": true,
      "has_remarketing_custom_audience": false,
      "has_in_person_store_visit": false
    },
    {
      "advertiser_name": "Weborama Product Team",
      "has_data_file_custom_audience": true,
      "has_remarketing_custom_audience": false,
      "has_in_person_store_visit": false
    },
    {
      "advertiser_name": "Free Hosting",
      "has_data_file_custom_audience": true,
      "has_remarketing_custom_audience": false,
      "has_in_person_store_visit": false
    },
    {
      "advertiser_name": "MundiJuegos",
      "has_data_file_custom_audience": true,
      "has_remarketing_custom_audience": false,
      "has_in_person_store_visit": false
    },
    {
      "advertiser_name": "Grammarly",
      "has_data_file_custom_audience": true,
      "has_remarketing_custom_audience": false,
      "has_in_person_store_visit": false
    },
    {
      "advertiser_name": "LinkedIn",
      "has_data_file_custom_audience": true,
      "has_remarketing_custom_audience": false,
      "has_in_person_store_visit": false
    },
    {
      "advertiser_name": "Bluefocus",
      "has_data_file_custom_audience": true,
      "has_remarketing_custom_audience": false,
      "has_in_person_store_visit": false
    },
    {
      "advertiser_name": "Mediacom Int EURO",
      "has_data_file_custom_audience": true,
      "has_remarketing_custom_audience": false,
      "has_in_person_store_visit": false
    },
    {
      "advertiser_name": "Coursera",
      "has_data_file_custom_audience": true,
      "has_remarketing_custom_audience": false,
      "has_in_person_store_visit": false
    },
    {
      "advertiser_name": "airasia Super App",
      "has_data_file_custom_audience": true,
      "has_remarketing_custom_audience": false,
      "has_in_person_store_visit": false
    },
    {
      "advertiser_name": "raywenderlich.com",
      "has_data_file_custom_audience": true,
      "has_remarketing_custom_audience": false,
      "has_in_person_store_visit": false
    },
    {
      "advertiser_name": "Viber",
      "has_data_file_custom_audience": true,
      "has_remarketing_custom_audience": false,
      "has_in_person_store_visit": false
    },
    {
      "advertiser_name": "UM Australia",
      "has_data_file_custom_audience": true,
      "has_remarketing_custom_audience": false,
      "has_in_person_store_visit": false
    },
    {
      "advertiser_name": "Performance Marketing - USD - Spotify AB",
      "has_data_file_custom_audience": true,
      "has_remarketing_custom_audience": false,
      "has_in_person_store_visit": false
    },
    {
      "advertiser_name": "Hired",
      "has_data_file_custom_audience": true,
      "has_remarketing_custom_audience": false,
      "has_in_person_store_visit": false
    },
    {
      "advertiser_name": "BetaSeries",
      "has_data_file_custom_audience": true,
      "has_remarketing_custom_audience": false,
      "has_in_person_store_visit": false
    },
    {
      "advertiser_name": "Expedia",
      "has_data_file_custom_audience": true,
      "has_remarketing_custom_audience": false,
      "has_in_person_store_visit": false
    },
    {
      "advertiser_name": "Nielsen Marketing Cloud",
      "has_data_file_custom_audience": true,
      "has_remarketing_custom_audience": false,
      "has_in_person_store_visit": false
    },
    {
      "advertiser_name": "BlaBlaCar",
      "has_data_file_custom_audience": true,
      "has_remarketing_custom_audience": false,
      "has_in_person_store_visit": false
    },
    {
      "advertiser_name": "LiveRamp",
      "has_data_file_custom_audience": true,
      "has_remarketing_custom_audience": false,
      "has_in_person_store_visit": false
    },
    {
      "advertiser_name": "McDonald's",
      "has_data_file_custom_audience": true,
      "has_remarketing_custom_audience": false,
      "has_in_person_store_visit": false
    },
    {
      "advertiser_name": "Mangping Tanchanok 10",
      "has_data_file_custom_audience": true,
      "has_remarketing_custom_audience": false,
      "has_in_person_store_visit": false
    },
    {
      "advertiser_name": "Take-Two Interactive Europe",
      "has_data_file_custom_audience": true,
      "has_remarketing_custom_audience": false,
      "has_in_person_store_visit": false
    },
    {
      "advertiser_name": "Grab",
      "has_data_file_custom_audience": true,
      "has_remarketing_custom_audience": false,
      "has_in_person_store_visit": false
    },
    {
      "advertiser_name": "Wise",
      "has_data_file_custom_audience": true,
      "has_remarketing_custom_audience": false,
      "has_in_person_store_visit": false
    },
    {
      "advertiser_name": "Meetsocial HK Digital Marketing Co.\u00ef\u00bc\u008cltd-1",
      "has_data_file_custom_audience": true,
      "has_remarketing_custom_audience": false,
      "has_in_person_store_visit": false
    },
    {
      "advertiser_name": "FREE NOW",
      "has_data_file_custom_audience": true,
      "has_remarketing_custom_audience": false,
      "has_in_person_store_visit": false
    },
    {
      "advertiser_name": "GMI MEC IDR WPP",
      "has_data_file_custom_audience": true,
      "has_remarketing_custom_audience": false,
      "has_in_person_store_visit": false
    },
    {
      "advertiser_name": "PlayStation Europe",
      "has_data_file_custom_audience": true,
      "has_remarketing_custom_audience": false,
      "has_in_person_store_visit": false
    },
    {
      "advertiser_name": "TechSpecs",
      "has_data_file_custom_audience": true,
      "has_remarketing_custom_audience": false,
      "has_in_person_store_visit": false
    },
    {
      "advertiser_name": "zeotap",
      "has_data_file_custom_audience": true,
      "has_remarketing_custom_audience": false,
      "has_in_person_store_visit": false
    },
    {
      "advertiser_name": "SNCF Connect",
      "has_data_file_custom_audience": true,
      "has_remarketing_custom_audience": false,
      "has_in_person_store_visit": false
    },
    {
      "advertiser_name": "Turing",
      "has_data_file_custom_audience": true,
      "has_remarketing_custom_audience": false,
      "has_in_person_store_visit": false
    },
    {
      "advertiser_name": "Uber",
      "has_data_file_custom_audience": true,
      "has_remarketing_custom_audience": false,
      "has_in_person_store_visit": false
    },
    {
      "advertiser_name": "Niantic",
      "has_data_file_custom_audience": true,
      "has_remarketing_custom_audience": false,
      "has_in_person_store_visit": false
    },
    {
      "advertiser_name": "The Beta Page",
      "has_data_file_custom_audience": true,
      "has_remarketing_custom_audience": false,
      "has_in_person_store_visit": false
    },
    {
      "advertiser_name": "Holireno Consulting Limited",
      "has_data_file_custom_audience": true,
      "has_remarketing_custom_audience": false,
      "has_in_person_store_visit": false
    },
    {
      "advertiser_name": "HobbyKing",
      "has_data_file_custom_audience": true,
      "has_remarketing_custom_audience": false,
      "has_in_person_store_visit": false
    },
    {
      "advertiser_name": "Dirt Bike Gear 2014",
      "has_data_file_custom_audience": true,
      "has_remarketing_custom_audience": false,
      "has_in_person_store_visit": false
    },
    {
      "advertiser_name": "GuruShots",
      "has_data_file_custom_audience": true,
      "has_remarketing_custom_audience": false,
      "has_in_person_store_visit": false
    },
    {
      "advertiser_name": "UM APAC",
      "has_data_file_custom_audience": true,
      "has_remarketing_custom_audience": false,
      "has_in_person_store_visit": false
    },
    {
      "advertiser_name": "Too Good To Go",
      "has_data_file_custom_audience": true,
      "has_remarketing_custom_audience": false,
      "has_in_person_store_visit": false
    },
    {
      "advertiser_name": "Salt Mobile",
      "has_data_file_custom_audience": true,
      "has_remarketing_custom_audience": false,
      "has_in_person_store_visit": false
    },
    {
      "advertiser_name": "MODCo T2",
      "has_data_file_custom_audience": true,
      "has_remarketing_custom_audience": false,
      "has_in_person_store_visit": false
    },
    {
      "advertiser_name": "MInteraction",
      "has_data_file_custom_audience": true,
      "has_remarketing_custom_audience": false,
      "has_in_person_store_visit": false
    },
    {
      "advertiser_name": "Nestor",
      "has_data_file_custom_audience": true,
      "has_remarketing_custom_audience": false,
      "has_in_person_store_visit": false
    },
    {
      "advertiser_name": "Northcube AB",
      "has_data_file_custom_audience": true,
      "has_remarketing_custom_audience": false,
      "has_in_person_store_visit": false
    },
    {
      "advertiser_name": "Huy226",
      "has_data_file_custom_audience": true,
      "has_remarketing_custom_audience": false,
      "has_in_person_store_visit": false
    },
    {
      "advertiser_name": "Alconost",
      "has_data_file_custom_audience": true,
      "has_remarketing_custom_audience": false,
      "has_in_person_store_visit": false
    },
    {
      "advertiser_name": "Riot Games",
      "has_data_file_custom_audience": true,
      "has_remarketing_custom_audience": false,
      "has_in_person_store_visit": false
    },
    {
      "advertiser_name": "Activision Publishing",
      "has_data_file_custom_audience": true,
      "has_remarketing_custom_audience": false,
      "has_in_person_store_visit": false
    },
    {
      "advertiser_name": "Cuong3bmcompany",
      "has_data_file_custom_audience": true,
      "has_remarketing_custom_audience": false,
      "has_in_person_store_visit": false
    },
    {
      "advertiser_name": "Figma",
      "has_data_file_custom_audience": true,
      "has_remarketing_custom_audience": false,
      "has_in_person_store_visit": false
    },
    {
      "advertiser_name": "Keyade",
      "has_data_file_custom_audience": true,
      "has_remarketing_custom_audience": false,
      "has_in_person_store_visit": false
    },
    {
      "advertiser_name": "Veepee",
      "has_data_file_custom_audience": true,
      "has_remarketing_custom_audience": false,
      "has_in_person_store_visit": false
    },
    {
      "advertiser_name": "Princesse tam.tam",
      "has_data_file_custom_audience": true,
      "has_remarketing_custom_audience": false,
      "has_in_person_store_visit": false
    },
    {
      "advertiser_name": "KRWM / MEC FR",
      "has_data_file_custom_audience": true,
      "has_remarketing_custom_audience": false,
      "has_in_person_store_visit": false
    },
    {
      "advertiser_name": "Lydia",
      "has_data_file_custom_audience": true,
      "has_remarketing_custom_audience": false,
      "has_in_person_store_visit": false
    },
    {
      "advertiser_name": "Take-Two Interactive Europe.",
      "has_data_file_custom_audience": true,
      "has_remarketing_custom_audience": false,
      "has_in_person_store_visit": false
    },
    {
      "advertiser_name": "Dropbox",
      "has_data_file_custom_audience": true,
      "has_remarketing_custom_audience": false,
      "has_in_person_store_visit": false
    },
    {
      "advertiser_name": "EF International Language Campuses - Study Abroad",
      "has_data_file_custom_audience": true,
      "has_remarketing_custom_audience": false,
      "has_in_person_store_visit": false
    },
    {
      "advertiser_name": "Revoke",
      "has_data_file_custom_audience": true,
      "has_remarketing_custom_audience": false,
      "has_in_person_store_visit": false
    },
    {
      "advertiser_name": "Skyduck",
      "has_data_file_custom_audience": true,
      "has_remarketing_custom_audience": false,
      "has_in_person_store_visit": false
    },
    {
      "advertiser_name": "Heetch",
      "has_data_file_custom_audience": true,
      "has_remarketing_custom_audience": false,
      "has_in_person_store_visit": false
    },
    {
      "advertiser_name": "Groupon Inc.",
      "has_data_file_custom_audience": true,
      "has_remarketing_custom_audience": false,
      "has_in_person_store_visit": false
    },
    {
      "advertiser_name": "Match",
      "has_data_file_custom_audience": true,
      "has_remarketing_custom_audience": false,
      "has_in_person_store_visit": false
    },
    {
      "advertiser_name": "Tapad, Inc.",
      "has_data_file_custom_audience": true,
      "has_remarketing_custom_audience": false,
      "has_in_person_store_visit": false
    },
    {
      "advertiser_name": "Reprise Media M\u00c3\u00a9xico",
      "has_data_file_custom_audience": true,
      "has_remarketing_custom_audience": false,
      "has_in_person_store_visit": false
    },
    {
      "advertiser_name": "EToro Ltd",
      "has_data_file_custom_audience": true,
      "has_remarketing_custom_audience": false,
      "has_in_person_store_visit": false
    },
    {
      "advertiser_name": "Blizzard Entertainment EU",
      "has_data_file_custom_audience": true,
      "has_remarketing_custom_audience": false,
      "has_in_person_store_visit": false
    },
    {
      "advertiser_name": "Ranorex",
      "has_data_file_custom_audience": true,
      "has_remarketing_custom_audience": false,
      "has_in_person_store_visit": false
    },
    {
      "advertiser_name": "Zalando Slovenija",
      "has_data_file_custom_audience": false,
      "has_remarketing_custom_audience": true,
      "has_in_person_store_visit": false
    },
    {
      "advertiser_name": "Zalando Slovensko",
      "has_data_file_custom_audience": false,
      "has_remarketing_custom_audience": true,
      "has_in_person_store_visit": false
    },
    {
      "advertiser_name": "Zalando Latvija",
      "has_data_file_custom_audience": false,
      "has_remarketing_custom_audience": true,
      "has_in_person_store_visit": false
    },
    {
      "advertiser_name": "La Green Touch",
      "has_data_file_custom_audience": false,
      "has_remarketing_custom_audience": true,
      "has_in_person_store_visit": false
    },
    {
      "advertiser_name": "La green touch",
      "has_data_file_custom_audience": false,
      "has_remarketing_custom_audience": true,
      "has_in_person_store_visit": false
    },
    {
      "advertiser_name": "Adglow",
      "has_data_file_custom_audience": false,
      "has_remarketing_custom_audience": true,
      "has_in_person_store_visit": false
    },
    {
      "advertiser_name": "LaPlace Ouest-France",
      "has_data_file_custom_audience": false,
      "has_remarketing_custom_audience": true,
      "has_in_person_store_visit": false
    },
    {
      "advertiser_name": "L'OR Espresso",
      "has_data_file_custom_audience": false,
      "has_remarketing_custom_audience": true,
      "has_in_person_store_visit": false
    },
    {
      "advertiser_name": "eBay M\u00c3\u00a9xico",
      "has_data_file_custom_audience": false,
      "has_remarketing_custom_audience": true,
      "has_in_person_store_visit": false
    },
    {
      "advertiser_name": "Ouest-France Rennes",
      "has_data_file_custom_audience": false,
      "has_remarketing_custom_audience": true,
      "has_in_person_store_visit": false
    },
    {
      "advertiser_name": "Ouest-France Shopping",
      "has_data_file_custom_audience": false,
      "has_remarketing_custom_audience": true,
      "has_in_person_store_visit": false
    },
    {
      "advertiser_name": "Prismashop",
      "has_data_file_custom_audience": false,
      "has_remarketing_custom_audience": true,
      "has_in_person_store_visit": false
    },
    {
      "advertiser_name": "Petits \u00c3\u00a9crans : s\u00c3\u00a9ries / TV / films, par Ouest-France",
      "has_data_file_custom_audience": false,
      "has_remarketing_custom_audience": true,
      "has_in_person_store_visit": false
    },
    {
      "advertiser_name": "Zalando Lietuva",
      "has_data_file_custom_audience": false,
      "has_remarketing_custom_audience": true,
      "has_in_person_store_visit": false
    },
    {
      "advertiser_name": "ActiveBeat",
      "has_data_file_custom_audience": false,
      "has_remarketing_custom_audience": true,
      "has_in_person_store_visit": false
    },
    {
      "advertiser_name": "Zalando Eesti",
      "has_data_file_custom_audience": false,
      "has_remarketing_custom_audience": true,
      "has_in_person_store_visit": false
    },
    {
      "advertiser_name": "Zalando Hrvatska",
      "has_data_file_custom_audience": false,
      "has_remarketing_custom_audience": true,
      "has_in_person_store_visit": false
    },
    {
      "advertiser_name": "Zalando Magyarorsz\u00c3\u00a1g",
      "has_data_file_custom_audience": false,
      "has_remarketing_custom_audience": true,
      "has_in_person_store_visit": false
    },
    {
      "advertiser_name": "Zalon by Zalando",
      "has_data_file_custom_audience": false,
      "has_remarketing_custom_audience": true,
      "has_in_person_store_visit": false
    },
    {
      "advertiser_name": "Zalando Rom\u00c3\u00a2nia",
      "has_data_file_custom_audience": false,
      "has_remarketing_custom_audience": true,
      "has_in_person_store_visit": false
    },
    {
      "advertiser_name": "Airbnb \u00ef\u00bc\u0088\u00e3\u0082\u00a8\u00e3\u0082\u00a2\u00e3\u0083\u0093\u00e3\u0083\u00bc\u00e3\u0082\u00a2\u00e3\u0083\u00b3\u00e3\u0083\u0089\u00e3\u0083\u0093\u00e3\u0083\u00bc\u00ef\u00bc\u0089",
      "has_data_file_custom_audience": false,
      "has_remarketing_custom_audience": true,
      "has_in_person_store_visit": false
    },
    {
      "advertiser_name": "Decoded Advertising",
      "has_data_file_custom_audience": false,
      "has_remarketing_custom_audience": true,
      "has_in_person_store_visit": false
    },
    {
      "advertiser_name": "System1",
      "has_data_file_custom_audience": false,
      "has_remarketing_custom_audience": true,
      "has_in_person_store_visit": false
    },
    {
      "advertiser_name": "Aufeminin",
      "has_data_file_custom_audience": false,
      "has_remarketing_custom_audience": true,
      "has_in_person_store_visit": false
    },
    {
      "advertiser_name": "Juste Mieux",
      "has_data_file_custom_audience": false,
      "has_remarketing_custom_audience": true,
      "has_in_person_store_visit": false
    },
    {
      "advertiser_name": "Marmiton",
      "has_data_file_custom_audience": false,
      "has_remarketing_custom_audience": true,
      "has_in_person_store_visit": false
    },
    {
      "advertiser_name": "minutebuzz",
      "has_data_file_custom_audience": false,
      "has_remarketing_custom_audience": true,
      "has_in_person_store_visit": false
    },
    {
      "advertiser_name": "eBay",
      "has_data_file_custom_audience": false,
      "has_remarketing_custom_audience": true,
      "has_in_person_store_visit": false
    },
    {
      "advertiser_name": "eBay Watches",
      "has_data_file_custom_audience": false,
      "has_remarketing_custom_audience": true,
      "has_in_person_store_visit": false
    },
    {
      "advertiser_name": "Notre Plan\u00c3\u00a8te : environnement, climat, \u00c3\u00a9nergies par Ouest-France",
      "has_data_file_custom_audience": false,
      "has_remarketing_custom_audience": true,
      "has_in_person_store_visit": false
    },
    {
      "advertiser_name": "Ouest-France Sports",
      "has_data_file_custom_audience": false,
      "has_remarketing_custom_audience": true,
      "has_in_person_store_visit": false
    },
    {
      "advertiser_name": "Pacte Energie Solidarit\u00c3\u00a9 par Effy",
      "has_data_file_custom_audience": false,
      "has_remarketing_custom_audience": true,
      "has_in_person_store_visit": false
    },
    {
      "advertiser_name": "Le Maine Libre",
      "has_data_file_custom_audience": false,
      "has_remarketing_custom_audience": true,
      "has_in_person_store_visit": false
    },
    {
      "advertiser_name": "Mindshare France",
      "has_data_file_custom_audience": false,
      "has_remarketing_custom_audience": true,
      "has_in_person_store_visit": false
    },
    {
      "advertiser_name": "Airbnb Citizen United Kingdom",
      "has_data_file_custom_audience": false,
      "has_remarketing_custom_audience": true,
      "has_in_person_store_visit": false
    },
    {
      "advertiser_name": "Booking.com",
      "has_data_file_custom_audience": false,
      "has_remarketing_custom_audience": true,
      "has_in_person_store_visit": false
    },
    {
      "advertiser_name": "CANAL+",
      "has_data_file_custom_audience": false,
      "has_remarketing_custom_audience": true,
      "has_in_person_store_visit": false
    },
    {
      "advertiser_name": "Ouest France",
      "has_data_file_custom_audience": false,
      "has_remarketing_custom_audience": true,
      "has_in_person_store_visit": false
    },
    {
      "advertiser_name": "eBay Geo",
      "has_data_file_custom_audience": false,
      "has_remarketing_custom_audience": true,
      "has_in_person_store_visit": false
    },
    {
      "advertiser_name": "eBay Global",
      "has_data_file_custom_audience": false,
      "has_remarketing_custom_audience": true,
      "has_in_person_store_visit": false
    },
    {
      "advertiser_name": "Prisma Media",
      "has_data_file_custom_audience": false,
      "has_remarketing_custom_audience": true,
      "has_in_person_store_visit": false
    },
    {
      "advertiser_name": "T\u00c3\u00a9l\u00c3\u00a9 Loisirs",
      "has_data_file_custom_audience": false,
      "has_remarketing_custom_audience": true,
      "has_in_person_store_visit": false
    },
    {
      "advertiser_name": "eBay.co.uk",
      "has_data_file_custom_audience": false,
      "has_remarketing_custom_audience": true,
      "has_in_person_store_visit": false
    },
    {
      "advertiser_name": "eBay Latinoam\u00c3\u00a9rica",
      "has_data_file_custom_audience": false,
      "has_remarketing_custom_audience": true,
      "has_in_person_store_visit": false
    },
    {
      "advertiser_name": "Zalando",
      "has_data_file_custom_audience": false,
      "has_remarketing_custom_audience": true,
      "has_in_person_store_visit": false
    },
    {
      "advertiser_name": "Zalando Brands",
      "has_data_file_custom_audience": false,
      "has_remarketing_custom_audience": true,
      "has_in_person_store_visit": false
    },
    {
      "advertiser_name": "Sirdata",
      "has_data_file_custom_audience": false,
      "has_remarketing_custom_audience": true,
      "has_in_person_store_visit": false
    },
    {
      "advertiser_name": "Nexity",
      "has_data_file_custom_audience": false,
      "has_remarketing_custom_audience": true,
      "has_in_person_store_visit": false
    },
    {
      "advertiser_name": "MAIF",
      "has_data_file_custom_audience": false,
      "has_remarketing_custom_audience": true,
      "has_in_person_store_visit": false
    },
    {
      "advertiser_name": "Sur le Vif par Ouest-France",
      "has_data_file_custom_audience": false,
      "has_remarketing_custom_audience": true,
      "has_in_person_store_visit": false
    },
    {
      "advertiser_name": "Tipee",
      "has_data_file_custom_audience": false,
      "has_remarketing_custom_audience": true,
      "has_in_person_store_visit": false
    },
    {
      "advertiser_name": "tipee",
      "has_data_file_custom_audience": false,
      "has_remarketing_custom_audience": true,
      "has_in_person_store_visit": false
    },
    {
      "advertiser_name": "Agence Meesters",
      "has_data_file_custom_audience": false,
      "has_remarketing_custom_audience": true,
      "has_in_person_store_visit": false
    },
    {
      "advertiser_name": "Cha\u00c3\u00aene Thermale du Soleil",
      "has_data_file_custom_audience": false,
      "has_remarketing_custom_audience": true,
      "has_in_person_store_visit": false
    },
    {
      "advertiser_name": "Coyote France",
      "has_data_file_custom_audience": false,
      "has_remarketing_custom_audience": true,
      "has_in_person_store_visit": false
    },
    {
      "advertiser_name": "Webedia",
      "has_data_file_custom_audience": false,
      "has_remarketing_custom_audience": true,
      "has_in_person_store_visit": false
    },
    {
      "advertiser_name": "CGR Cin\u00c3\u00a9mas",
      "has_data_file_custom_audience": false,
      "has_remarketing_custom_audience": true,
      "has_in_person_store_visit": false
    },
    {
      "advertiser_name": "JV",
      "has_data_file_custom_audience": false,
      "has_remarketing_custom_audience": true,
      "has_in_person_store_visit": false
    },
    {
      "advertiser_name": "Purebreak",
      "has_data_file_custom_audience": false,
      "has_remarketing_custom_audience": true,
      "has_in_person_store_visit": false
    },
    {
      "advertiser_name": "Allocin\u00c3\u00a9 S\u00c3\u00a9ries",
      "has_data_file_custom_audience": false,
      "has_remarketing_custom_audience": true,
      "has_in_person_store_visit": false
    },
    {
      "advertiser_name": "FilmsActu",
      "has_data_file_custom_audience": false,
      "has_remarketing_custom_audience": true,
      "has_in_person_store_visit": false
    },
    {
      "advertiser_name": "AlloCin\u00c3\u00a9",
      "has_data_file_custom_audience": false,
      "has_remarketing_custom_audience": true,
      "has_in_person_store_visit": false
    },
    {
      "advertiser_name": "Purepeople.com",
      "has_data_file_custom_audience": false,
      "has_remarketing_custom_audience": true,
      "has_in_person_store_visit": false
    },
    {
      "advertiser_name": "Je-renove.net",
      "has_data_file_custom_audience": false,
      "has_remarketing_custom_audience": true,
      "has_in_person_store_visit": false
    },
    {
      "advertiser_name": "eBay.de",
      "has_data_file_custom_audience": false,
      "has_remarketing_custom_audience": true,
      "has_in_person_store_visit": false
    }
  ]
}